ISO-10303-21;
HEADER;
FILE_DESCRIPTION(('Designed by EasyEDA Pro'),'2;1');
FILE_NAME('Open CASCADE Shape Model','2025-01-13T17:20:02',('Author'),(
    'Open CASCADE'),'Open CASCADE STEP processor 7.8','Open CASCADE 7.8'
  ,'Unknown');
FILE_SCHEMA(('AUTOMOTIVE_DESIGN { 1 0 10303 214 1 1 1 1 }'));
ENDSEC;
DATA;
#1 = APPLICATION_PROTOCOL_DEFINITION('international standard',
  'automotive_design',2000,#2);
#2 = APPLICATION_CONTEXT(
  'core data for automotive mechanical design processes');
#3 = SHAPE_DEFINITION_REPRESENTATION(#4,#10);
#4 = PRODUCT_DEFINITION_SHAPE('','',#5);
#5 = PRODUCT_DEFINITION('design','',#6,#9);
#6 = PRODUCT_DEFINITION_FORMATION('','',#7);
#7 = PRODUCT('PCBModel','PCBModel','',(#8));
#8 = PRODUCT_CONTEXT('',#2,'mechanical');
#9 = PRODUCT_DEFINITION_CONTEXT('part definition',#2,'design');
#10 = SHAPE_REPRESENTATION('',(#11,#15,#19,#23),#27);
#11 = AXIS2_PLACEMENT_3D('',#12,#13,#14);
#12 = CARTESIAN_POINT('',(0.,0.,0.));
#13 = DIRECTION('',(0.,0.,1.));
#14 = DIRECTION('',(1.,0.,-0.));
#15 = AXIS2_PLACEMENT_3D('',#16,#17,#18);
#16 = CARTESIAN_POINT('',(0.,0.,1.610050800102));
#17 = DIRECTION('',(0.,0.,1.));
#18 = DIRECTION('',(1.,0.,-0.));
#19 = AXIS2_PLACEMENT_3D('',#20,#21,#22);
#20 = CARTESIAN_POINT('',(0.,0.,-1.E-02));
#21 = DIRECTION('',(0.,0.,1.));
#22 = DIRECTION('',(1.,0.,-0.));
#23 = AXIS2_PLACEMENT_3D('',#24,#25,#26);
#24 = CARTESIAN_POINT('',(0.,0.,0.));
#25 = DIRECTION('',(0.,0.,1.));
#26 = DIRECTION('',(1.,0.,-0.));
#27 = ( GEOMETRIC_REPRESENTATION_CONTEXT(3) 
GLOBAL_UNCERTAINTY_ASSIGNED_CONTEXT((#31)) GLOBAL_UNIT_ASSIGNED_CONTEXT(
(#28,#29,#30)) REPRESENTATION_CONTEXT('Context #1',
  '3D Context with UNIT and UNCERTAINTY') );
#28 = ( LENGTH_UNIT() NAMED_UNIT(*) SI_UNIT(.MILLI.,.METRE.) );
#29 = ( NAMED_UNIT(*) PLANE_ANGLE_UNIT() SI_UNIT($,.RADIAN.) );
#30 = ( NAMED_UNIT(*) SI_UNIT($,.STERADIAN.) SOLID_ANGLE_UNIT() );
#31 = UNCERTAINTY_MEASURE_WITH_UNIT(LENGTH_MEASURE(1.E-07),#28,
  'distance_accuracy_value','confusion accuracy');
#32 = PRODUCT_RELATED_PRODUCT_CATEGORY('part',$,(#7));
#33 = SHAPE_DEFINITION_REPRESENTATION(#34,#40);
#34 = PRODUCT_DEFINITION_SHAPE('','',#35);
#35 = PRODUCT_DEFINITION('design','',#36,#39);
#36 = PRODUCT_DEFINITION_FORMATION('','',#37);
#37 = PRODUCT('TopTrack','TopTrack','',(#38));
#38 = PRODUCT_CONTEXT('',#2,'mechanical');
#39 = PRODUCT_DEFINITION_CONTEXT('part definition',#2,'design');
#40 = SHAPE_REPRESENTATION('',(#11),#41);
#41 = ( GEOMETRIC_REPRESENTATION_CONTEXT(3) 
GLOBAL_UNCERTAINTY_ASSIGNED_CONTEXT((#45)) GLOBAL_UNIT_ASSIGNED_CONTEXT(
(#42,#43,#44)) REPRESENTATION_CONTEXT('Context #1',
  '3D Context with UNIT and UNCERTAINTY') );
#42 = ( LENGTH_UNIT() NAMED_UNIT(*) SI_UNIT(.MILLI.,.METRE.) );
#43 = ( NAMED_UNIT(*) PLANE_ANGLE_UNIT() SI_UNIT($,.RADIAN.) );
#44 = ( NAMED_UNIT(*) SI_UNIT($,.STERADIAN.) SOLID_ANGLE_UNIT() );
#45 = UNCERTAINTY_MEASURE_WITH_UNIT(LENGTH_MEASURE(1.E-07),#42,
  'distance_accuracy_value','confusion accuracy');
#46 = CONTEXT_DEPENDENT_SHAPE_REPRESENTATION(#47,#49);
#47 = ( REPRESENTATION_RELATIONSHIP('','',#40,#10) 
REPRESENTATION_RELATIONSHIP_WITH_TRANSFORMATION(#48) 
SHAPE_REPRESENTATION_RELATIONSHIP() );
#48 = ITEM_DEFINED_TRANSFORMATION('','',#11,#15);
#49 = PRODUCT_DEFINITION_SHAPE('Placement','Placement of an item',#50);
#50 = NEXT_ASSEMBLY_USAGE_OCCURRENCE('1','=>[0:1:1:2]','',#5,#35,$);
#51 = PRODUCT_RELATED_PRODUCT_CATEGORY('part',$,(#37));
#52 = SHAPE_DEFINITION_REPRESENTATION(#53,#59);
#53 = PRODUCT_DEFINITION_SHAPE('','',#54);
#54 = PRODUCT_DEFINITION('design','',#55,#58);
#55 = PRODUCT_DEFINITION_FORMATION('','',#56);
#56 = PRODUCT('BottomTrack','BottomTrack','',(#57));
#57 = PRODUCT_CONTEXT('',#2,'mechanical');
#58 = PRODUCT_DEFINITION_CONTEXT('part definition',#2,'design');
#59 = SHAPE_REPRESENTATION('',(#11),#60);
#60 = ( GEOMETRIC_REPRESENTATION_CONTEXT(3) 
GLOBAL_UNCERTAINTY_ASSIGNED_CONTEXT((#64)) GLOBAL_UNIT_ASSIGNED_CONTEXT(
(#61,#62,#63)) REPRESENTATION_CONTEXT('Context #1',
  '3D Context with UNIT and UNCERTAINTY') );
#61 = ( LENGTH_UNIT() NAMED_UNIT(*) SI_UNIT(.MILLI.,.METRE.) );
#62 = ( NAMED_UNIT(*) PLANE_ANGLE_UNIT() SI_UNIT($,.RADIAN.) );
#63 = ( NAMED_UNIT(*) SI_UNIT($,.STERADIAN.) SOLID_ANGLE_UNIT() );
#64 = UNCERTAINTY_MEASURE_WITH_UNIT(LENGTH_MEASURE(1.E-07),#61,
  'distance_accuracy_value','confusion accuracy');
#65 = CONTEXT_DEPENDENT_SHAPE_REPRESENTATION(#66,#68);
#66 = ( REPRESENTATION_RELATIONSHIP('','',#59,#10) 
REPRESENTATION_RELATIONSHIP_WITH_TRANSFORMATION(#67) 
SHAPE_REPRESENTATION_RELATIONSHIP() );
#67 = ITEM_DEFINED_TRANSFORMATION('','',#11,#19);
#68 = PRODUCT_DEFINITION_SHAPE('Placement','Placement of an item',#69);
#69 = NEXT_ASSEMBLY_USAGE_OCCURRENCE('2','=>[0:1:1:3]','',#5,#54,$);
#70 = PRODUCT_RELATED_PRODUCT_CATEGORY('part',$,(#56));
#71 = SHAPE_DEFINITION_REPRESENTATION(#72,#78);
#72 = PRODUCT_DEFINITION_SHAPE('','',#73);
#73 = PRODUCT_DEFINITION('design','',#74,#77);
#74 = PRODUCT_DEFINITION_FORMATION('','',#75);
#75 = PRODUCT('Board','Board','',(#76));
#76 = PRODUCT_CONTEXT('',#2,'mechanical');
#77 = PRODUCT_DEFINITION_CONTEXT('part definition',#2,'design');
#78 = ADVANCED_BREP_SHAPE_REPRESENTATION('',(#11,#79),#12605);
#79 = MANIFOLD_SOLID_BREP('',#80);
#80 = CLOSED_SHELL('',(#81,#121,#154,#185,#218,#249,#282,#313,#337,#379,
    #403,#445,#469,#511,#535,#577,#601,#643,#667,#709,#733,#775,#799,
    #841,#865,#907,#931,#973,#997,#1039,#1063,#1105,#1129,#1171,#1195,
    #1237,#1261,#1303,#1327,#1369,#1393,#1435,#1459,#1501,#1525,#1567,
    #1591,#1633,#1657,#1699,#1723,#1765,#1789,#1831,#1855,#1897,#1921,
    #1963,#1987,#2029,#2053,#2095,#2119,#2161,#2185,#2227,#2251,#2293,
    #2317,#2359,#2383,#2425,#2449,#2491,#2515,#2557,#2581,#2623,#2647,
    #2689,#2713,#2755,#2779,#2821,#2845,#2887,#2911,#2953,#2977,#3019,
    #3043,#3085,#3109,#3151,#3175,#3217,#3241,#3283,#3307,#3349,#3373,
    #3415,#3439,#3481,#3505,#3547,#3571,#3613,#3637,#3679,#3703,#3745,
    #3769,#3811,#3835,#3877,#3901,#3943,#3967,#4009,#4033,#4075,#4099,
    #4141,#4165,#4207,#4231,#4273,#4297,#4339,#4363,#4405,#4429,#4471,
    #4495,#4537,#4561,#4603,#4627,#4667,#4700,#4731,#4755,#4797,#4821,
    #4863,#4887,#4929,#4953,#4995,#5019,#5061,#5085,#5127,#5151,#5193,
    #5217,#5259,#5283,#5325,#5349,#5391,#5415,#5457,#5481,#5523,#5547,
    #5589,#5613,#5655,#5679,#5721,#5745,#5787,#5811,#5853,#5877,#5917,
    #5950,#5981,#6005,#6047,#6071,#6113,#6137,#6179,#6203,#6243,#6276,
    #6307,#6331,#6371,#6404,#6435,#6459,#6501,#6525,#6567,#6591,#6633,
    #6657,#6699,#6723,#6765,#6789,#6831,#6855,#6897,#6921,#6963,#6987,
    #7029,#7053,#7095,#7119,#7161,#7185,#7227,#7251,#7293,#7317,#7359,
    #7383,#7425,#7449,#7491,#7515,#7557,#7581,#7623,#7647,#7689,#7713,
    #7755,#7779,#7821,#7845,#7887,#7911,#7953,#7977,#8017,#8050,#8081,
    #8105,#8145,#8178,#8209,#8233,#8275,#8299,#8341,#8365,#8407,#8431,
    #8473,#8497,#8539,#8563,#8605,#8629,#8671,#8695,#8737,#8761,#8803,
    #8827,#8869,#8893,#8935,#8959,#9001,#9025,#9067,#9091,#9133,#9157,
    #9199,#9223,#9265,#9289,#9331,#9355,#9397,#9421,#9463,#9487,#9529,
    #9553,#9595,#9619,#9661,#9685,#9727,#9751,#9793,#9817,#9859,#9883,
    #9925,#9949,#9991,#10015,#10057,#10081,#10123,#10147,#10189,#10213,
    #10255,#10279,#10321,#10345,#10387,#10411,#10453,#10477,#10519,
    #10543,#10585,#10609,#10651,#10675,#10717,#10741,#10783,#10807,
    #10849,#10873,#10915,#10939,#10981,#11005,#11047,#11071,#11113,
    #11137,#11179,#11203,#11245,#11269,#11937));
#81 = ADVANCED_FACE('',(#82),#116,.T.);
#82 = FACE_BOUND('',#83,.T.);
#83 = EDGE_LOOP('',(#84,#94,#102,#110));
#84 = ORIENTED_EDGE('',*,*,#85,.T.);
#85 = EDGE_CURVE('',#86,#88,#90,.T.);
#86 = VERTEX_POINT('',#87);
#87 = CARTESIAN_POINT('',(1.500002540005,66.867434594869,0.));
#88 = VERTEX_POINT('',#89);
#89 = CARTESIAN_POINT('',(1.500002540005,66.867434594869,1.600050800102)
  );
#90 = LINE('',#91,#92);
#91 = CARTESIAN_POINT('',(1.500002540005,66.867434594869,0.));
#92 = VECTOR('',#93,1.);
#93 = DIRECTION('',(0.,0.,1.));
#94 = ORIENTED_EDGE('',*,*,#95,.T.);
#95 = EDGE_CURVE('',#88,#96,#98,.T.);
#96 = VERTEX_POINT('',#97);
#97 = CARTESIAN_POINT('',(39.140078740157,66.867434594869,1.600050800102
    ));
#98 = LINE('',#99,#100);
#99 = CARTESIAN_POINT('',(1.500002540005,66.867434594869,1.600050800102)
  );
#100 = VECTOR('',#101,1.);
#101 = DIRECTION('',(1.,7.550917080845E-16,0.));
#102 = ORIENTED_EDGE('',*,*,#103,.F.);
#103 = EDGE_CURVE('',#104,#96,#106,.T.);
#104 = VERTEX_POINT('',#105);
#105 = CARTESIAN_POINT('',(39.140078740157,66.867434594869,0.));
#106 = LINE('',#107,#108);
#107 = CARTESIAN_POINT('',(39.140078740157,66.867434594869,0.));
#108 = VECTOR('',#109,1.);
#109 = DIRECTION('',(0.,0.,1.));
#110 = ORIENTED_EDGE('',*,*,#111,.F.);
#111 = EDGE_CURVE('',#86,#104,#112,.T.);
#112 = LINE('',#113,#114);
#113 = CARTESIAN_POINT('',(1.500002540005,66.867434594869,0.));
#114 = VECTOR('',#115,1.);
#115 = DIRECTION('',(1.,7.550917080845E-16,0.));
#116 = PLANE('',#117);
#117 = AXIS2_PLACEMENT_3D('',#118,#119,#120);
#118 = CARTESIAN_POINT('',(1.500002540005,66.867434594869,0.));
#119 = DIRECTION('',(-7.550917080845E-16,1.,0.));
#120 = DIRECTION('',(1.,7.550917080845E-16,0.));
#121 = ADVANCED_FACE('',(#122),#149,.T.);
#122 = FACE_BOUND('',#123,.T.);
#123 = EDGE_LOOP('',(#124,#125,#134,#142));
#124 = ORIENTED_EDGE('',*,*,#103,.T.);
#125 = ORIENTED_EDGE('',*,*,#126,.T.);
#126 = EDGE_CURVE('',#96,#127,#129,.T.);
#127 = VERTEX_POINT('',#128);
#128 = CARTESIAN_POINT('',(40.627381254763,65.380132080264,
    1.600050800102));
#129 = CIRCLE('',#130,1.487302514605);
#130 = AXIS2_PLACEMENT_3D('',#131,#132,#133);
#131 = CARTESIAN_POINT('',(39.140078740157,65.380132080264,
    1.600050800102));
#132 = DIRECTION('',(0.,0.,-1.));
#133 = DIRECTION('',(1.097891075283E-14,1.,0.));
#134 = ORIENTED_EDGE('',*,*,#135,.F.);
#135 = EDGE_CURVE('',#136,#127,#138,.T.);
#136 = VERTEX_POINT('',#137);
#137 = CARTESIAN_POINT('',(40.627381254763,65.380132080264,0.));
#138 = LINE('',#139,#140);
#139 = CARTESIAN_POINT('',(40.627381254763,65.380132080264,0.));
#140 = VECTOR('',#141,1.);
#141 = DIRECTION('',(0.,0.,1.));
#142 = ORIENTED_EDGE('',*,*,#143,.F.);
#143 = EDGE_CURVE('',#104,#136,#144,.T.);
#144 = CIRCLE('',#145,1.487302514605);
#145 = AXIS2_PLACEMENT_3D('',#146,#147,#148);
#146 = CARTESIAN_POINT('',(39.140078740157,65.380132080264,0.));
#147 = DIRECTION('',(0.,0.,-1.));
#148 = DIRECTION('',(1.097891075283E-14,1.,0.));
#149 = CYLINDRICAL_SURFACE('',#150,1.487302514605);
#150 = AXIS2_PLACEMENT_3D('',#151,#152,#153);
#151 = CARTESIAN_POINT('',(39.140078740157,65.380132080264,0.));
#152 = DIRECTION('',(0.,0.,-1.));
#153 = DIRECTION('',(1.097891075283E-14,1.,0.));
#154 = ADVANCED_FACE('',(#155),#180,.T.);
#155 = FACE_BOUND('',#156,.T.);
#156 = EDGE_LOOP('',(#157,#158,#166,#174));
#157 = ORIENTED_EDGE('',*,*,#135,.T.);
#158 = ORIENTED_EDGE('',*,*,#159,.T.);
#159 = EDGE_CURVE('',#127,#160,#162,.T.);
#160 = VERTEX_POINT('',#161);
#161 = CARTESIAN_POINT('',(40.627381254763,1.500002540005,1.600050800102
    ));
#162 = LINE('',#163,#164);
#163 = CARTESIAN_POINT('',(40.627381254763,65.380132080264,
    1.600050800102));
#164 = VECTOR('',#165,1.);
#165 = DIRECTION('',(1.112306347645E-16,-1.,0.));
#166 = ORIENTED_EDGE('',*,*,#167,.F.);
#167 = EDGE_CURVE('',#168,#160,#170,.T.);
#168 = VERTEX_POINT('',#169);
#169 = CARTESIAN_POINT('',(40.627381254763,1.500002540005,0.));
#170 = LINE('',#171,#172);
#171 = CARTESIAN_POINT('',(40.627381254763,1.500002540005,0.));
#172 = VECTOR('',#173,1.);
#173 = DIRECTION('',(0.,0.,1.));
#174 = ORIENTED_EDGE('',*,*,#175,.F.);
#175 = EDGE_CURVE('',#136,#168,#176,.T.);
#176 = LINE('',#177,#178);
#177 = CARTESIAN_POINT('',(40.627381254763,65.380132080264,0.));
#178 = VECTOR('',#179,1.);
#179 = DIRECTION('',(1.112306347645E-16,-1.,0.));
#180 = PLANE('',#181);
#181 = AXIS2_PLACEMENT_3D('',#182,#183,#184);
#182 = CARTESIAN_POINT('',(40.627381254763,65.380132080264,0.));
#183 = DIRECTION('',(1.,1.112306347645E-16,-0.));
#184 = DIRECTION('',(1.112306347645E-16,-1.,0.));
#185 = ADVANCED_FACE('',(#186),#213,.T.);
#186 = FACE_BOUND('',#187,.T.);
#187 = EDGE_LOOP('',(#188,#189,#198,#206));
#188 = ORIENTED_EDGE('',*,*,#167,.T.);
#189 = ORIENTED_EDGE('',*,*,#190,.T.);
#190 = EDGE_CURVE('',#160,#191,#193,.T.);
#191 = VERTEX_POINT('',#192);
#192 = CARTESIAN_POINT('',(39.140078740157,1.270002540005E-02,
    1.600050800102));
#193 = CIRCLE('',#194,1.487302514605);
#194 = AXIS2_PLACEMENT_3D('',#195,#196,#197);
#195 = CARTESIAN_POINT('',(39.140078740157,1.500002540005,1.600050800102
    ));
#196 = DIRECTION('',(0.,0.,-1.));
#197 = DIRECTION('',(1.,-1.47793029365E-15,0.));
#198 = ORIENTED_EDGE('',*,*,#199,.F.);
#199 = EDGE_CURVE('',#200,#191,#202,.T.);
#200 = VERTEX_POINT('',#201);
#201 = CARTESIAN_POINT('',(39.140078740157,1.270002540005E-02,0.));
#202 = LINE('',#203,#204);
#203 = CARTESIAN_POINT('',(39.140078740157,1.270002540005E-02,0.));
#204 = VECTOR('',#205,1.);
#205 = DIRECTION('',(0.,0.,1.));
#206 = ORIENTED_EDGE('',*,*,#207,.F.);
#207 = EDGE_CURVE('',#168,#200,#208,.T.);
#208 = CIRCLE('',#209,1.487302514605);
#209 = AXIS2_PLACEMENT_3D('',#210,#211,#212);
#210 = CARTESIAN_POINT('',(39.140078740157,1.500002540005,0.));
#211 = DIRECTION('',(0.,0.,-1.));
#212 = DIRECTION('',(1.,-1.47793029365E-15,0.));
#213 = CYLINDRICAL_SURFACE('',#214,1.487302514605);
#214 = AXIS2_PLACEMENT_3D('',#215,#216,#217);
#215 = CARTESIAN_POINT('',(39.140078740157,1.500002540005,0.));
#216 = DIRECTION('',(0.,0.,-1.));
#217 = DIRECTION('',(1.,-1.47793029365E-15,0.));
#218 = ADVANCED_FACE('',(#219),#244,.T.);
#219 = FACE_BOUND('',#220,.T.);
#220 = EDGE_LOOP('',(#221,#222,#230,#238));
#221 = ORIENTED_EDGE('',*,*,#199,.T.);
#222 = ORIENTED_EDGE('',*,*,#223,.T.);
#223 = EDGE_CURVE('',#191,#224,#226,.T.);
#224 = VERTEX_POINT('',#225);
#225 = CARTESIAN_POINT('',(1.500002540005,1.270002540005E-02,
    1.600050800102));
#226 = LINE('',#227,#228);
#227 = CARTESIAN_POINT('',(39.140078740157,1.270002540005E-02,
    1.600050800102));
#228 = VECTOR('',#229,1.);
#229 = DIRECTION('',(-1.,-1.336527071194E-17,0.));
#230 = ORIENTED_EDGE('',*,*,#231,.F.);
#231 = EDGE_CURVE('',#232,#224,#234,.T.);
#232 = VERTEX_POINT('',#233);
#233 = CARTESIAN_POINT('',(1.500002540005,1.270002540005E-02,0.));
#234 = LINE('',#235,#236);
#235 = CARTESIAN_POINT('',(1.500002540005,1.270002540005E-02,0.));
#236 = VECTOR('',#237,1.);
#237 = DIRECTION('',(0.,0.,1.));
#238 = ORIENTED_EDGE('',*,*,#239,.F.);
#239 = EDGE_CURVE('',#200,#232,#240,.T.);
#240 = LINE('',#241,#242);
#241 = CARTESIAN_POINT('',(39.140078740157,1.270002540005E-02,0.));
#242 = VECTOR('',#243,1.);
#243 = DIRECTION('',(-1.,-1.336527071194E-17,0.));
#244 = PLANE('',#245);
#245 = AXIS2_PLACEMENT_3D('',#246,#247,#248);
#246 = CARTESIAN_POINT('',(39.140078740157,1.270002540005E-02,0.));
#247 = DIRECTION('',(1.336527071194E-17,-1.,0.));
#248 = DIRECTION('',(-1.,-1.336527071194E-17,0.));
#249 = ADVANCED_FACE('',(#250),#277,.T.);
#250 = FACE_BOUND('',#251,.T.);
#251 = EDGE_LOOP('',(#252,#253,#262,#270));
#252 = ORIENTED_EDGE('',*,*,#231,.T.);
#253 = ORIENTED_EDGE('',*,*,#254,.T.);
#254 = EDGE_CURVE('',#224,#255,#257,.T.);
#255 = VERTEX_POINT('',#256);
#256 = CARTESIAN_POINT('',(1.270002540005E-02,1.500002540005,
    1.600050800102));
#257 = CIRCLE('',#258,1.487302514605);
#258 = AXIS2_PLACEMENT_3D('',#259,#260,#261);
#259 = CARTESIAN_POINT('',(1.500002540005,1.500002540005,1.600050800102)
  );
#260 = DIRECTION('',(0.,0.,-1.));
#261 = DIRECTION('',(0.,-1.,-0.));
#262 = ORIENTED_EDGE('',*,*,#263,.F.);
#263 = EDGE_CURVE('',#264,#255,#266,.T.);
#264 = VERTEX_POINT('',#265);
#265 = CARTESIAN_POINT('',(1.270002540005E-02,1.500002540005,0.));
#266 = LINE('',#267,#268);
#267 = CARTESIAN_POINT('',(1.270002540005E-02,1.500002540005,0.));
#268 = VECTOR('',#269,1.);
#269 = DIRECTION('',(0.,0.,1.));
#270 = ORIENTED_EDGE('',*,*,#271,.F.);
#271 = EDGE_CURVE('',#232,#264,#272,.T.);
#272 = CIRCLE('',#273,1.487302514605);
#273 = AXIS2_PLACEMENT_3D('',#274,#275,#276);
#274 = CARTESIAN_POINT('',(1.500002540005,1.500002540005,0.));
#275 = DIRECTION('',(0.,0.,-1.));
#276 = DIRECTION('',(0.,-1.,-0.));
#277 = CYLINDRICAL_SURFACE('',#278,1.487302514605);
#278 = AXIS2_PLACEMENT_3D('',#279,#280,#281);
#279 = CARTESIAN_POINT('',(1.500002540005,1.500002540005,0.));
#280 = DIRECTION('',(0.,0.,-1.));
#281 = DIRECTION('',(0.,-1.,-0.));
#282 = ADVANCED_FACE('',(#283),#308,.T.);
#283 = FACE_BOUND('',#284,.T.);
#284 = EDGE_LOOP('',(#285,#286,#294,#302));
#285 = ORIENTED_EDGE('',*,*,#263,.T.);
#286 = ORIENTED_EDGE('',*,*,#287,.T.);
#287 = EDGE_CURVE('',#255,#288,#290,.T.);
#288 = VERTEX_POINT('',#289);
#289 = CARTESIAN_POINT('',(1.270002540005E-02,65.380132080264,
    1.600050800102));
#290 = LINE('',#291,#292);
#291 = CARTESIAN_POINT('',(1.270002540005E-02,1.500002540005,
    1.600050800102));
#292 = VECTOR('',#293,1.);
#293 = DIRECTION('',(-6.517420005732E-19,1.,0.));
#294 = ORIENTED_EDGE('',*,*,#295,.F.);
#295 = EDGE_CURVE('',#296,#288,#298,.T.);
#296 = VERTEX_POINT('',#297);
#297 = CARTESIAN_POINT('',(1.270002540005E-02,65.380132080264,0.));
#298 = LINE('',#299,#300);
#299 = CARTESIAN_POINT('',(1.270002540005E-02,65.380132080264,0.));
#300 = VECTOR('',#301,1.);
#301 = DIRECTION('',(0.,0.,1.));
#302 = ORIENTED_EDGE('',*,*,#303,.F.);
#303 = EDGE_CURVE('',#264,#296,#304,.T.);
#304 = LINE('',#305,#306);
#305 = CARTESIAN_POINT('',(1.270002540005E-02,1.500002540005,0.));
#306 = VECTOR('',#307,1.);
#307 = DIRECTION('',(-6.517420005732E-19,1.,0.));
#308 = PLANE('',#309);
#309 = AXIS2_PLACEMENT_3D('',#310,#311,#312);
#310 = CARTESIAN_POINT('',(1.270002540005E-02,1.500002540005,0.));
#311 = DIRECTION('',(-1.,-6.517420005732E-19,0.));
#312 = DIRECTION('',(-6.517420005732E-19,1.,0.));
#313 = ADVANCED_FACE('',(#314),#332,.T.);
#314 = FACE_BOUND('',#315,.T.);
#315 = EDGE_LOOP('',(#316,#317,#324,#325));
#316 = ORIENTED_EDGE('',*,*,#295,.T.);
#317 = ORIENTED_EDGE('',*,*,#318,.T.);
#318 = EDGE_CURVE('',#288,#88,#319,.T.);
#319 = CIRCLE('',#320,1.487302514605);
#320 = AXIS2_PLACEMENT_3D('',#321,#322,#323);
#321 = CARTESIAN_POINT('',(1.500002540005,65.380132080264,1.600050800102
    ));
#322 = DIRECTION('',(0.,0.,-1.));
#323 = DIRECTION('',(-1.,8.445315963717E-15,0.));
#324 = ORIENTED_EDGE('',*,*,#85,.F.);
#325 = ORIENTED_EDGE('',*,*,#326,.F.);
#326 = EDGE_CURVE('',#296,#86,#327,.T.);
#327 = CIRCLE('',#328,1.487302514605);
#328 = AXIS2_PLACEMENT_3D('',#329,#330,#331);
#329 = CARTESIAN_POINT('',(1.500002540005,65.380132080264,0.));
#330 = DIRECTION('',(0.,0.,-1.));
#331 = DIRECTION('',(-1.,8.445315963717E-15,0.));
#332 = CYLINDRICAL_SURFACE('',#333,1.487302514605);
#333 = AXIS2_PLACEMENT_3D('',#334,#335,#336);
#334 = CARTESIAN_POINT('',(1.500002540005,65.380132080264,0.));
#335 = DIRECTION('',(0.,0.,-1.));
#336 = DIRECTION('',(-1.,8.445315963717E-15,0.));
#337 = ADVANCED_FACE('',(#338),#374,.F.);
#338 = FACE_BOUND('',#339,.T.);
#339 = EDGE_LOOP('',(#340,#350,#359,#367));
#340 = ORIENTED_EDGE('',*,*,#341,.T.);
#341 = EDGE_CURVE('',#342,#344,#346,.T.);
#342 = VERTEX_POINT('',#343);
#343 = CARTESIAN_POINT('',(1.770002540005,9.310017780036,0.));
#344 = VERTEX_POINT('',#345);
#345 = CARTESIAN_POINT('',(1.770002540005,9.310017780036,1.600050800102)
  );
#346 = LINE('',#347,#348);
#347 = CARTESIAN_POINT('',(1.770002540005,9.310017780036,0.));
#348 = VECTOR('',#349,1.);
#349 = DIRECTION('',(0.,0.,1.));
#350 = ORIENTED_EDGE('',*,*,#351,.T.);
#351 = EDGE_CURVE('',#344,#352,#354,.T.);
#352 = VERTEX_POINT('',#353);
#353 = CARTESIAN_POINT('',(0.770002540005,9.310017780036,1.600050800102)
  );
#354 = CIRCLE('',#355,0.5);
#355 = AXIS2_PLACEMENT_3D('',#356,#357,#358);
#356 = CARTESIAN_POINT('',(1.270002540005,9.310017780036,1.600050800102)
  );
#357 = DIRECTION('',(0.,0.,1.));
#358 = DIRECTION('',(1.,1.110223024625E-16,-0.));
#359 = ORIENTED_EDGE('',*,*,#360,.F.);
#360 = EDGE_CURVE('',#361,#352,#363,.T.);
#361 = VERTEX_POINT('',#362);
#362 = CARTESIAN_POINT('',(0.770002540005,9.310017780036,0.));
#363 = LINE('',#364,#365);
#364 = CARTESIAN_POINT('',(0.770002540005,9.310017780036,0.));
#365 = VECTOR('',#366,1.);
#366 = DIRECTION('',(0.,0.,1.));
#367 = ORIENTED_EDGE('',*,*,#368,.F.);
#368 = EDGE_CURVE('',#342,#361,#369,.T.);
#369 = CIRCLE('',#370,0.5);
#370 = AXIS2_PLACEMENT_3D('',#371,#372,#373);
#371 = CARTESIAN_POINT('',(1.270002540005,9.310017780036,0.));
#372 = DIRECTION('',(0.,0.,1.));
#373 = DIRECTION('',(1.,1.110223024625E-16,-0.));
#374 = CYLINDRICAL_SURFACE('',#375,0.5);
#375 = AXIS2_PLACEMENT_3D('',#376,#377,#378);
#376 = CARTESIAN_POINT('',(1.270002540005,9.310017780036,0.));
#377 = DIRECTION('',(-0.,-0.,-1.));
#378 = DIRECTION('',(1.,1.110223024625E-16,-0.));
#379 = ADVANCED_FACE('',(#380),#398,.F.);
#380 = FACE_BOUND('',#381,.T.);
#381 = EDGE_LOOP('',(#382,#383,#390,#391));
#382 = ORIENTED_EDGE('',*,*,#360,.T.);
#383 = ORIENTED_EDGE('',*,*,#384,.T.);
#384 = EDGE_CURVE('',#352,#344,#385,.T.);
#385 = CIRCLE('',#386,0.5);
#386 = AXIS2_PLACEMENT_3D('',#387,#388,#389);
#387 = CARTESIAN_POINT('',(1.270002540005,9.310017780036,1.600050800102)
  );
#388 = DIRECTION('',(0.,0.,1.));
#389 = DIRECTION('',(-1.,-1.110223024625E-16,0.));
#390 = ORIENTED_EDGE('',*,*,#341,.F.);
#391 = ORIENTED_EDGE('',*,*,#392,.F.);
#392 = EDGE_CURVE('',#361,#342,#393,.T.);
#393 = CIRCLE('',#394,0.5);
#394 = AXIS2_PLACEMENT_3D('',#395,#396,#397);
#395 = CARTESIAN_POINT('',(1.270002540005,9.310017780036,0.));
#396 = DIRECTION('',(0.,0.,1.));
#397 = DIRECTION('',(-1.,-1.110223024625E-16,0.));
#398 = CYLINDRICAL_SURFACE('',#399,0.5);
#399 = AXIS2_PLACEMENT_3D('',#400,#401,#402);
#400 = CARTESIAN_POINT('',(1.270002540005,9.310017780036,0.));
#401 = DIRECTION('',(-0.,-0.,-1.));
#402 = DIRECTION('',(-1.,-1.110223024625E-16,0.));
#403 = ADVANCED_FACE('',(#404),#440,.F.);
#404 = FACE_BOUND('',#405,.T.);
#405 = EDGE_LOOP('',(#406,#416,#425,#433));
#406 = ORIENTED_EDGE('',*,*,#407,.T.);
#407 = EDGE_CURVE('',#408,#410,#412,.T.);
#408 = VERTEX_POINT('',#409);
#409 = CARTESIAN_POINT('',(1.770002540005,6.770012700025,0.));
#410 = VERTEX_POINT('',#411);
#411 = CARTESIAN_POINT('',(1.770002540005,6.770012700025,1.600050800102)
  );
#412 = LINE('',#413,#414);
#413 = CARTESIAN_POINT('',(1.770002540005,6.770012700025,0.));
#414 = VECTOR('',#415,1.);
#415 = DIRECTION('',(0.,0.,1.));
#416 = ORIENTED_EDGE('',*,*,#417,.T.);
#417 = EDGE_CURVE('',#410,#418,#420,.T.);
#418 = VERTEX_POINT('',#419);
#419 = CARTESIAN_POINT('',(0.770002540005,6.770012700025,1.600050800102)
  );
#420 = CIRCLE('',#421,0.5);
#421 = AXIS2_PLACEMENT_3D('',#422,#423,#424);
#422 = CARTESIAN_POINT('',(1.270002540005,6.770012700025,1.600050800102)
  );
#423 = DIRECTION('',(0.,0.,1.));
#424 = DIRECTION('',(1.,1.110223024625E-16,-0.));
#425 = ORIENTED_EDGE('',*,*,#426,.F.);
#426 = EDGE_CURVE('',#427,#418,#429,.T.);
#427 = VERTEX_POINT('',#428);
#428 = CARTESIAN_POINT('',(0.770002540005,6.770012700025,0.));
#429 = LINE('',#430,#431);
#430 = CARTESIAN_POINT('',(0.770002540005,6.770012700025,0.));
#431 = VECTOR('',#432,1.);
#432 = DIRECTION('',(0.,0.,1.));
#433 = ORIENTED_EDGE('',*,*,#434,.F.);
#434 = EDGE_CURVE('',#408,#427,#435,.T.);
#435 = CIRCLE('',#436,0.5);
#436 = AXIS2_PLACEMENT_3D('',#437,#438,#439);
#437 = CARTESIAN_POINT('',(1.270002540005,6.770012700025,0.));
#438 = DIRECTION('',(0.,0.,1.));
#439 = DIRECTION('',(1.,1.110223024625E-16,-0.));
#440 = CYLINDRICAL_SURFACE('',#441,0.5);
#441 = AXIS2_PLACEMENT_3D('',#442,#443,#444);
#442 = CARTESIAN_POINT('',(1.270002540005,6.770012700025,0.));
#443 = DIRECTION('',(-0.,-0.,-1.));
#444 = DIRECTION('',(1.,1.110223024625E-16,-0.));
#445 = ADVANCED_FACE('',(#446),#464,.F.);
#446 = FACE_BOUND('',#447,.T.);
#447 = EDGE_LOOP('',(#448,#449,#456,#457));
#448 = ORIENTED_EDGE('',*,*,#426,.T.);
#449 = ORIENTED_EDGE('',*,*,#450,.T.);
#450 = EDGE_CURVE('',#418,#410,#451,.T.);
#451 = CIRCLE('',#452,0.5);
#452 = AXIS2_PLACEMENT_3D('',#453,#454,#455);
#453 = CARTESIAN_POINT('',(1.270002540005,6.770012700025,1.600050800102)
  );
#454 = DIRECTION('',(0.,0.,1.));
#455 = DIRECTION('',(-1.,-1.110223024625E-16,0.));
#456 = ORIENTED_EDGE('',*,*,#407,.F.);
#457 = ORIENTED_EDGE('',*,*,#458,.F.);
#458 = EDGE_CURVE('',#427,#408,#459,.T.);
#459 = CIRCLE('',#460,0.5);
#460 = AXIS2_PLACEMENT_3D('',#461,#462,#463);
#461 = CARTESIAN_POINT('',(1.270002540005,6.770012700025,0.));
#462 = DIRECTION('',(0.,0.,1.));
#463 = DIRECTION('',(-1.,-1.110223024625E-16,0.));
#464 = CYLINDRICAL_SURFACE('',#465,0.5);
#465 = AXIS2_PLACEMENT_3D('',#466,#467,#468);
#466 = CARTESIAN_POINT('',(1.270002540005,6.770012700025,0.));
#467 = DIRECTION('',(-0.,-0.,-1.));
#468 = DIRECTION('',(-1.,-1.110223024625E-16,0.));
#469 = ADVANCED_FACE('',(#470),#506,.F.);
#470 = FACE_BOUND('',#471,.T.);
#471 = EDGE_LOOP('',(#472,#482,#491,#499));
#472 = ORIENTED_EDGE('',*,*,#473,.T.);
#473 = EDGE_CURVE('',#474,#476,#478,.T.);
#474 = VERTEX_POINT('',#475);
#475 = CARTESIAN_POINT('',(1.770002540005,11.850022860046,0.));
#476 = VERTEX_POINT('',#477);
#477 = CARTESIAN_POINT('',(1.770002540005,11.850022860046,1.600050800102
    ));
#478 = LINE('',#479,#480);
#479 = CARTESIAN_POINT('',(1.770002540005,11.850022860046,0.));
#480 = VECTOR('',#481,1.);
#481 = DIRECTION('',(0.,0.,1.));
#482 = ORIENTED_EDGE('',*,*,#483,.T.);
#483 = EDGE_CURVE('',#476,#484,#486,.T.);
#484 = VERTEX_POINT('',#485);
#485 = CARTESIAN_POINT('',(0.770002540005,11.850022860046,1.600050800102
    ));
#486 = CIRCLE('',#487,0.5);
#487 = AXIS2_PLACEMENT_3D('',#488,#489,#490);
#488 = CARTESIAN_POINT('',(1.270002540005,11.850022860046,1.600050800102
    ));
#489 = DIRECTION('',(0.,0.,1.));
#490 = DIRECTION('',(1.,1.110223024625E-16,-0.));
#491 = ORIENTED_EDGE('',*,*,#492,.F.);
#492 = EDGE_CURVE('',#493,#484,#495,.T.);
#493 = VERTEX_POINT('',#494);
#494 = CARTESIAN_POINT('',(0.770002540005,11.850022860046,0.));
#495 = LINE('',#496,#497);
#496 = CARTESIAN_POINT('',(0.770002540005,11.850022860046,0.));
#497 = VECTOR('',#498,1.);
#498 = DIRECTION('',(0.,0.,1.));
#499 = ORIENTED_EDGE('',*,*,#500,.F.);
#500 = EDGE_CURVE('',#474,#493,#501,.T.);
#501 = CIRCLE('',#502,0.5);
#502 = AXIS2_PLACEMENT_3D('',#503,#504,#505);
#503 = CARTESIAN_POINT('',(1.270002540005,11.850022860046,0.));
#504 = DIRECTION('',(0.,0.,1.));
#505 = DIRECTION('',(1.,1.110223024625E-16,-0.));
#506 = CYLINDRICAL_SURFACE('',#507,0.5);
#507 = AXIS2_PLACEMENT_3D('',#508,#509,#510);
#508 = CARTESIAN_POINT('',(1.270002540005,11.850022860046,0.));
#509 = DIRECTION('',(-0.,-0.,-1.));
#510 = DIRECTION('',(1.,1.110223024625E-16,-0.));
#511 = ADVANCED_FACE('',(#512),#530,.F.);
#512 = FACE_BOUND('',#513,.T.);
#513 = EDGE_LOOP('',(#514,#515,#522,#523));
#514 = ORIENTED_EDGE('',*,*,#492,.T.);
#515 = ORIENTED_EDGE('',*,*,#516,.T.);
#516 = EDGE_CURVE('',#484,#476,#517,.T.);
#517 = CIRCLE('',#518,0.5);
#518 = AXIS2_PLACEMENT_3D('',#519,#520,#521);
#519 = CARTESIAN_POINT('',(1.270002540005,11.850022860046,1.600050800102
    ));
#520 = DIRECTION('',(0.,0.,1.));
#521 = DIRECTION('',(-1.,-1.110223024625E-16,0.));
#522 = ORIENTED_EDGE('',*,*,#473,.F.);
#523 = ORIENTED_EDGE('',*,*,#524,.F.);
#524 = EDGE_CURVE('',#493,#474,#525,.T.);
#525 = CIRCLE('',#526,0.5);
#526 = AXIS2_PLACEMENT_3D('',#527,#528,#529);
#527 = CARTESIAN_POINT('',(1.270002540005,11.850022860046,0.));
#528 = DIRECTION('',(0.,0.,1.));
#529 = DIRECTION('',(-1.,-1.110223024625E-16,0.));
#530 = CYLINDRICAL_SURFACE('',#531,0.5);
#531 = AXIS2_PLACEMENT_3D('',#532,#533,#534);
#532 = CARTESIAN_POINT('',(1.270002540005,11.850022860046,0.));
#533 = DIRECTION('',(-0.,-0.,-1.));
#534 = DIRECTION('',(-1.,-1.110223024625E-16,0.));
#535 = ADVANCED_FACE('',(#536),#572,.F.);
#536 = FACE_BOUND('',#537,.T.);
#537 = EDGE_LOOP('',(#538,#548,#557,#565));
#538 = ORIENTED_EDGE('',*,*,#539,.T.);
#539 = EDGE_CURVE('',#540,#542,#544,.T.);
#540 = VERTEX_POINT('',#541);
#541 = CARTESIAN_POINT('',(1.770002540005,14.390027940056,0.));
#542 = VERTEX_POINT('',#543);
#543 = CARTESIAN_POINT('',(1.770002540005,14.390027940056,1.600050800102
    ));
#544 = LINE('',#545,#546);
#545 = CARTESIAN_POINT('',(1.770002540005,14.390027940056,0.));
#546 = VECTOR('',#547,1.);
#547 = DIRECTION('',(0.,0.,1.));
#548 = ORIENTED_EDGE('',*,*,#549,.T.);
#549 = EDGE_CURVE('',#542,#550,#552,.T.);
#550 = VERTEX_POINT('',#551);
#551 = CARTESIAN_POINT('',(0.770002540005,14.390027940056,1.600050800102
    ));
#552 = CIRCLE('',#553,0.5);
#553 = AXIS2_PLACEMENT_3D('',#554,#555,#556);
#554 = CARTESIAN_POINT('',(1.270002540005,14.390027940056,1.600050800102
    ));
#555 = DIRECTION('',(0.,0.,1.));
#556 = DIRECTION('',(1.,1.110223024625E-16,-0.));
#557 = ORIENTED_EDGE('',*,*,#558,.F.);
#558 = EDGE_CURVE('',#559,#550,#561,.T.);
#559 = VERTEX_POINT('',#560);
#560 = CARTESIAN_POINT('',(0.770002540005,14.390027940056,0.));
#561 = LINE('',#562,#563);
#562 = CARTESIAN_POINT('',(0.770002540005,14.390027940056,0.));
#563 = VECTOR('',#564,1.);
#564 = DIRECTION('',(0.,0.,1.));
#565 = ORIENTED_EDGE('',*,*,#566,.F.);
#566 = EDGE_CURVE('',#540,#559,#567,.T.);
#567 = CIRCLE('',#568,0.5);
#568 = AXIS2_PLACEMENT_3D('',#569,#570,#571);
#569 = CARTESIAN_POINT('',(1.270002540005,14.390027940056,0.));
#570 = DIRECTION('',(0.,0.,1.));
#571 = DIRECTION('',(1.,1.110223024625E-16,-0.));
#572 = CYLINDRICAL_SURFACE('',#573,0.5);
#573 = AXIS2_PLACEMENT_3D('',#574,#575,#576);
#574 = CARTESIAN_POINT('',(1.270002540005,14.390027940056,0.));
#575 = DIRECTION('',(-0.,-0.,-1.));
#576 = DIRECTION('',(1.,1.110223024625E-16,-0.));
#577 = ADVANCED_FACE('',(#578),#596,.F.);
#578 = FACE_BOUND('',#579,.T.);
#579 = EDGE_LOOP('',(#580,#581,#588,#589));
#580 = ORIENTED_EDGE('',*,*,#558,.T.);
#581 = ORIENTED_EDGE('',*,*,#582,.T.);
#582 = EDGE_CURVE('',#550,#542,#583,.T.);
#583 = CIRCLE('',#584,0.5);
#584 = AXIS2_PLACEMENT_3D('',#585,#586,#587);
#585 = CARTESIAN_POINT('',(1.270002540005,14.390027940056,1.600050800102
    ));
#586 = DIRECTION('',(0.,0.,1.));
#587 = DIRECTION('',(-1.,-1.110223024625E-16,0.));
#588 = ORIENTED_EDGE('',*,*,#539,.F.);
#589 = ORIENTED_EDGE('',*,*,#590,.F.);
#590 = EDGE_CURVE('',#559,#540,#591,.T.);
#591 = CIRCLE('',#592,0.5);
#592 = AXIS2_PLACEMENT_3D('',#593,#594,#595);
#593 = CARTESIAN_POINT('',(1.270002540005,14.390027940056,0.));
#594 = DIRECTION('',(0.,0.,1.));
#595 = DIRECTION('',(-1.,-1.110223024625E-16,0.));
#596 = CYLINDRICAL_SURFACE('',#597,0.5);
#597 = AXIS2_PLACEMENT_3D('',#598,#599,#600);
#598 = CARTESIAN_POINT('',(1.270002540005,14.390027940056,0.));
#599 = DIRECTION('',(-0.,-0.,-1.));
#600 = DIRECTION('',(-1.,-1.110223024625E-16,0.));
#601 = ADVANCED_FACE('',(#602),#638,.F.);
#602 = FACE_BOUND('',#603,.T.);
#603 = EDGE_LOOP('',(#604,#614,#623,#631));
#604 = ORIENTED_EDGE('',*,*,#605,.T.);
#605 = EDGE_CURVE('',#606,#608,#610,.T.);
#606 = VERTEX_POINT('',#607);
#607 = CARTESIAN_POINT('',(1.770002540005,19.470038100076,0.));
#608 = VERTEX_POINT('',#609);
#609 = CARTESIAN_POINT('',(1.770002540005,19.470038100076,1.600050800102
    ));
#610 = LINE('',#611,#612);
#611 = CARTESIAN_POINT('',(1.770002540005,19.470038100076,0.));
#612 = VECTOR('',#613,1.);
#613 = DIRECTION('',(0.,0.,1.));
#614 = ORIENTED_EDGE('',*,*,#615,.T.);
#615 = EDGE_CURVE('',#608,#616,#618,.T.);
#616 = VERTEX_POINT('',#617);
#617 = CARTESIAN_POINT('',(0.770002540005,19.470038100076,1.600050800102
    ));
#618 = CIRCLE('',#619,0.5);
#619 = AXIS2_PLACEMENT_3D('',#620,#621,#622);
#620 = CARTESIAN_POINT('',(1.270002540005,19.470038100076,1.600050800102
    ));
#621 = DIRECTION('',(0.,0.,1.));
#622 = DIRECTION('',(1.,1.110223024625E-16,-0.));
#623 = ORIENTED_EDGE('',*,*,#624,.F.);
#624 = EDGE_CURVE('',#625,#616,#627,.T.);
#625 = VERTEX_POINT('',#626);
#626 = CARTESIAN_POINT('',(0.770002540005,19.470038100076,0.));
#627 = LINE('',#628,#629);
#628 = CARTESIAN_POINT('',(0.770002540005,19.470038100076,0.));
#629 = VECTOR('',#630,1.);
#630 = DIRECTION('',(0.,0.,1.));
#631 = ORIENTED_EDGE('',*,*,#632,.F.);
#632 = EDGE_CURVE('',#606,#625,#633,.T.);
#633 = CIRCLE('',#634,0.5);
#634 = AXIS2_PLACEMENT_3D('',#635,#636,#637);
#635 = CARTESIAN_POINT('',(1.270002540005,19.470038100076,0.));
#636 = DIRECTION('',(0.,0.,1.));
#637 = DIRECTION('',(1.,1.110223024625E-16,-0.));
#638 = CYLINDRICAL_SURFACE('',#639,0.5);
#639 = AXIS2_PLACEMENT_3D('',#640,#641,#642);
#640 = CARTESIAN_POINT('',(1.270002540005,19.470038100076,0.));
#641 = DIRECTION('',(-0.,-0.,-1.));
#642 = DIRECTION('',(1.,1.110223024625E-16,-0.));
#643 = ADVANCED_FACE('',(#644),#662,.F.);
#644 = FACE_BOUND('',#645,.T.);
#645 = EDGE_LOOP('',(#646,#647,#654,#655));
#646 = ORIENTED_EDGE('',*,*,#624,.T.);
#647 = ORIENTED_EDGE('',*,*,#648,.T.);
#648 = EDGE_CURVE('',#616,#608,#649,.T.);
#649 = CIRCLE('',#650,0.5);
#650 = AXIS2_PLACEMENT_3D('',#651,#652,#653);
#651 = CARTESIAN_POINT('',(1.270002540005,19.470038100076,1.600050800102
    ));
#652 = DIRECTION('',(0.,0.,1.));
#653 = DIRECTION('',(-1.,-1.110223024625E-16,0.));
#654 = ORIENTED_EDGE('',*,*,#605,.F.);
#655 = ORIENTED_EDGE('',*,*,#656,.F.);
#656 = EDGE_CURVE('',#625,#606,#657,.T.);
#657 = CIRCLE('',#658,0.5);
#658 = AXIS2_PLACEMENT_3D('',#659,#660,#661);
#659 = CARTESIAN_POINT('',(1.270002540005,19.470038100076,0.));
#660 = DIRECTION('',(0.,0.,1.));
#661 = DIRECTION('',(-1.,-1.110223024625E-16,0.));
#662 = CYLINDRICAL_SURFACE('',#663,0.5);
#663 = AXIS2_PLACEMENT_3D('',#664,#665,#666);
#664 = CARTESIAN_POINT('',(1.270002540005,19.470038100076,0.));
#665 = DIRECTION('',(-0.,-0.,-1.));
#666 = DIRECTION('',(-1.,-1.110223024625E-16,0.));
#667 = ADVANCED_FACE('',(#668),#704,.F.);
#668 = FACE_BOUND('',#669,.T.);
#669 = EDGE_LOOP('',(#670,#680,#689,#697));
#670 = ORIENTED_EDGE('',*,*,#671,.T.);
#671 = EDGE_CURVE('',#672,#674,#676,.T.);
#672 = VERTEX_POINT('',#673);
#673 = CARTESIAN_POINT('',(1.770002540005,16.930033020066,0.));
#674 = VERTEX_POINT('',#675);
#675 = CARTESIAN_POINT('',(1.770002540005,16.930033020066,1.600050800102
    ));
#676 = LINE('',#677,#678);
#677 = CARTESIAN_POINT('',(1.770002540005,16.930033020066,0.));
#678 = VECTOR('',#679,1.);
#679 = DIRECTION('',(0.,0.,1.));
#680 = ORIENTED_EDGE('',*,*,#681,.T.);
#681 = EDGE_CURVE('',#674,#682,#684,.T.);
#682 = VERTEX_POINT('',#683);
#683 = CARTESIAN_POINT('',(0.770002540005,16.930033020066,1.600050800102
    ));
#684 = CIRCLE('',#685,0.5);
#685 = AXIS2_PLACEMENT_3D('',#686,#687,#688);
#686 = CARTESIAN_POINT('',(1.270002540005,16.930033020066,1.600050800102
    ));
#687 = DIRECTION('',(0.,0.,1.));
#688 = DIRECTION('',(1.,1.110223024625E-16,-0.));
#689 = ORIENTED_EDGE('',*,*,#690,.F.);
#690 = EDGE_CURVE('',#691,#682,#693,.T.);
#691 = VERTEX_POINT('',#692);
#692 = CARTESIAN_POINT('',(0.770002540005,16.930033020066,0.));
#693 = LINE('',#694,#695);
#694 = CARTESIAN_POINT('',(0.770002540005,16.930033020066,0.));
#695 = VECTOR('',#696,1.);
#696 = DIRECTION('',(0.,0.,1.));
#697 = ORIENTED_EDGE('',*,*,#698,.F.);
#698 = EDGE_CURVE('',#672,#691,#699,.T.);
#699 = CIRCLE('',#700,0.5);
#700 = AXIS2_PLACEMENT_3D('',#701,#702,#703);
#701 = CARTESIAN_POINT('',(1.270002540005,16.930033020066,0.));
#702 = DIRECTION('',(0.,0.,1.));
#703 = DIRECTION('',(1.,1.110223024625E-16,-0.));
#704 = CYLINDRICAL_SURFACE('',#705,0.5);
#705 = AXIS2_PLACEMENT_3D('',#706,#707,#708);
#706 = CARTESIAN_POINT('',(1.270002540005,16.930033020066,0.));
#707 = DIRECTION('',(-0.,-0.,-1.));
#708 = DIRECTION('',(1.,1.110223024625E-16,-0.));
#709 = ADVANCED_FACE('',(#710),#728,.F.);
#710 = FACE_BOUND('',#711,.T.);
#711 = EDGE_LOOP('',(#712,#713,#720,#721));
#712 = ORIENTED_EDGE('',*,*,#690,.T.);
#713 = ORIENTED_EDGE('',*,*,#714,.T.);
#714 = EDGE_CURVE('',#682,#674,#715,.T.);
#715 = CIRCLE('',#716,0.5);
#716 = AXIS2_PLACEMENT_3D('',#717,#718,#719);
#717 = CARTESIAN_POINT('',(1.270002540005,16.930033020066,1.600050800102
    ));
#718 = DIRECTION('',(0.,0.,1.));
#719 = DIRECTION('',(-1.,-1.110223024625E-16,0.));
#720 = ORIENTED_EDGE('',*,*,#671,.F.);
#721 = ORIENTED_EDGE('',*,*,#722,.F.);
#722 = EDGE_CURVE('',#691,#672,#723,.T.);
#723 = CIRCLE('',#724,0.5);
#724 = AXIS2_PLACEMENT_3D('',#725,#726,#727);
#725 = CARTESIAN_POINT('',(1.270002540005,16.930033020066,0.));
#726 = DIRECTION('',(0.,0.,1.));
#727 = DIRECTION('',(-1.,-1.110223024625E-16,0.));
#728 = CYLINDRICAL_SURFACE('',#729,0.5);
#729 = AXIS2_PLACEMENT_3D('',#730,#731,#732);
#730 = CARTESIAN_POINT('',(1.270002540005,16.930033020066,0.));
#731 = DIRECTION('',(-0.,-0.,-1.));
#732 = DIRECTION('',(-1.,-1.110223024625E-16,0.));
#733 = ADVANCED_FACE('',(#734),#770,.F.);
#734 = FACE_BOUND('',#735,.T.);
#735 = EDGE_LOOP('',(#736,#746,#755,#763));
#736 = ORIENTED_EDGE('',*,*,#737,.T.);
#737 = EDGE_CURVE('',#738,#740,#742,.T.);
#738 = VERTEX_POINT('',#739);
#739 = CARTESIAN_POINT('',(1.770002540005,22.010043180086,0.));
#740 = VERTEX_POINT('',#741);
#741 = CARTESIAN_POINT('',(1.770002540005,22.010043180086,1.600050800102
    ));
#742 = LINE('',#743,#744);
#743 = CARTESIAN_POINT('',(1.770002540005,22.010043180086,0.));
#744 = VECTOR('',#745,1.);
#745 = DIRECTION('',(0.,0.,1.));
#746 = ORIENTED_EDGE('',*,*,#747,.T.);
#747 = EDGE_CURVE('',#740,#748,#750,.T.);
#748 = VERTEX_POINT('',#749);
#749 = CARTESIAN_POINT('',(0.770002540005,22.010043180086,1.600050800102
    ));
#750 = CIRCLE('',#751,0.5);
#751 = AXIS2_PLACEMENT_3D('',#752,#753,#754);
#752 = CARTESIAN_POINT('',(1.270002540005,22.010043180086,1.600050800102
    ));
#753 = DIRECTION('',(0.,0.,1.));
#754 = DIRECTION('',(1.,1.110223024625E-16,-0.));
#755 = ORIENTED_EDGE('',*,*,#756,.F.);
#756 = EDGE_CURVE('',#757,#748,#759,.T.);
#757 = VERTEX_POINT('',#758);
#758 = CARTESIAN_POINT('',(0.770002540005,22.010043180086,0.));
#759 = LINE('',#760,#761);
#760 = CARTESIAN_POINT('',(0.770002540005,22.010043180086,0.));
#761 = VECTOR('',#762,1.);
#762 = DIRECTION('',(0.,0.,1.));
#763 = ORIENTED_EDGE('',*,*,#764,.F.);
#764 = EDGE_CURVE('',#738,#757,#765,.T.);
#765 = CIRCLE('',#766,0.5);
#766 = AXIS2_PLACEMENT_3D('',#767,#768,#769);
#767 = CARTESIAN_POINT('',(1.270002540005,22.010043180086,0.));
#768 = DIRECTION('',(0.,0.,1.));
#769 = DIRECTION('',(1.,1.110223024625E-16,-0.));
#770 = CYLINDRICAL_SURFACE('',#771,0.5);
#771 = AXIS2_PLACEMENT_3D('',#772,#773,#774);
#772 = CARTESIAN_POINT('',(1.270002540005,22.010043180086,0.));
#773 = DIRECTION('',(-0.,-0.,-1.));
#774 = DIRECTION('',(1.,1.110223024625E-16,-0.));
#775 = ADVANCED_FACE('',(#776),#794,.F.);
#776 = FACE_BOUND('',#777,.T.);
#777 = EDGE_LOOP('',(#778,#779,#786,#787));
#778 = ORIENTED_EDGE('',*,*,#756,.T.);
#779 = ORIENTED_EDGE('',*,*,#780,.T.);
#780 = EDGE_CURVE('',#748,#740,#781,.T.);
#781 = CIRCLE('',#782,0.5);
#782 = AXIS2_PLACEMENT_3D('',#783,#784,#785);
#783 = CARTESIAN_POINT('',(1.270002540005,22.010043180086,1.600050800102
    ));
#784 = DIRECTION('',(0.,0.,1.));
#785 = DIRECTION('',(-1.,-1.110223024625E-16,0.));
#786 = ORIENTED_EDGE('',*,*,#737,.F.);
#787 = ORIENTED_EDGE('',*,*,#788,.F.);
#788 = EDGE_CURVE('',#757,#738,#789,.T.);
#789 = CIRCLE('',#790,0.5);
#790 = AXIS2_PLACEMENT_3D('',#791,#792,#793);
#791 = CARTESIAN_POINT('',(1.270002540005,22.010043180086,0.));
#792 = DIRECTION('',(0.,0.,1.));
#793 = DIRECTION('',(-1.,-1.110223024625E-16,0.));
#794 = CYLINDRICAL_SURFACE('',#795,0.5);
#795 = AXIS2_PLACEMENT_3D('',#796,#797,#798);
#796 = CARTESIAN_POINT('',(1.270002540005,22.010043180086,0.));
#797 = DIRECTION('',(-0.,-0.,-1.));
#798 = DIRECTION('',(-1.,-1.110223024625E-16,0.));
#799 = ADVANCED_FACE('',(#800),#836,.F.);
#800 = FACE_BOUND('',#801,.T.);
#801 = EDGE_LOOP('',(#802,#812,#821,#829));
#802 = ORIENTED_EDGE('',*,*,#803,.T.);
#803 = EDGE_CURVE('',#804,#806,#808,.T.);
#804 = VERTEX_POINT('',#805);
#805 = CARTESIAN_POINT('',(1.770002540005,27.090053340107,0.));
#806 = VERTEX_POINT('',#807);
#807 = CARTESIAN_POINT('',(1.770002540005,27.090053340107,1.600050800102
    ));
#808 = LINE('',#809,#810);
#809 = CARTESIAN_POINT('',(1.770002540005,27.090053340107,0.));
#810 = VECTOR('',#811,1.);
#811 = DIRECTION('',(0.,0.,1.));
#812 = ORIENTED_EDGE('',*,*,#813,.T.);
#813 = EDGE_CURVE('',#806,#814,#816,.T.);
#814 = VERTEX_POINT('',#815);
#815 = CARTESIAN_POINT('',(0.770002540005,27.090053340107,1.600050800102
    ));
#816 = CIRCLE('',#817,0.5);
#817 = AXIS2_PLACEMENT_3D('',#818,#819,#820);
#818 = CARTESIAN_POINT('',(1.270002540005,27.090053340107,1.600050800102
    ));
#819 = DIRECTION('',(0.,0.,1.));
#820 = DIRECTION('',(1.,1.110223024625E-16,-0.));
#821 = ORIENTED_EDGE('',*,*,#822,.F.);
#822 = EDGE_CURVE('',#823,#814,#825,.T.);
#823 = VERTEX_POINT('',#824);
#824 = CARTESIAN_POINT('',(0.770002540005,27.090053340107,0.));
#825 = LINE('',#826,#827);
#826 = CARTESIAN_POINT('',(0.770002540005,27.090053340107,0.));
#827 = VECTOR('',#828,1.);
#828 = DIRECTION('',(0.,0.,1.));
#829 = ORIENTED_EDGE('',*,*,#830,.F.);
#830 = EDGE_CURVE('',#804,#823,#831,.T.);
#831 = CIRCLE('',#832,0.5);
#832 = AXIS2_PLACEMENT_3D('',#833,#834,#835);
#833 = CARTESIAN_POINT('',(1.270002540005,27.090053340107,0.));
#834 = DIRECTION('',(0.,0.,1.));
#835 = DIRECTION('',(1.,1.110223024625E-16,-0.));
#836 = CYLINDRICAL_SURFACE('',#837,0.5);
#837 = AXIS2_PLACEMENT_3D('',#838,#839,#840);
#838 = CARTESIAN_POINT('',(1.270002540005,27.090053340107,0.));
#839 = DIRECTION('',(-0.,-0.,-1.));
#840 = DIRECTION('',(1.,1.110223024625E-16,-0.));
#841 = ADVANCED_FACE('',(#842),#860,.F.);
#842 = FACE_BOUND('',#843,.T.);
#843 = EDGE_LOOP('',(#844,#845,#852,#853));
#844 = ORIENTED_EDGE('',*,*,#822,.T.);
#845 = ORIENTED_EDGE('',*,*,#846,.T.);
#846 = EDGE_CURVE('',#814,#806,#847,.T.);
#847 = CIRCLE('',#848,0.5);
#848 = AXIS2_PLACEMENT_3D('',#849,#850,#851);
#849 = CARTESIAN_POINT('',(1.270002540005,27.090053340107,1.600050800102
    ));
#850 = DIRECTION('',(0.,0.,1.));
#851 = DIRECTION('',(-1.,-1.110223024625E-16,0.));
#852 = ORIENTED_EDGE('',*,*,#803,.F.);
#853 = ORIENTED_EDGE('',*,*,#854,.F.);
#854 = EDGE_CURVE('',#823,#804,#855,.T.);
#855 = CIRCLE('',#856,0.5);
#856 = AXIS2_PLACEMENT_3D('',#857,#858,#859);
#857 = CARTESIAN_POINT('',(1.270002540005,27.090053340107,0.));
#858 = DIRECTION('',(0.,0.,1.));
#859 = DIRECTION('',(-1.,-1.110223024625E-16,0.));
#860 = CYLINDRICAL_SURFACE('',#861,0.5);
#861 = AXIS2_PLACEMENT_3D('',#862,#863,#864);
#862 = CARTESIAN_POINT('',(1.270002540005,27.090053340107,0.));
#863 = DIRECTION('',(-0.,-0.,-1.));
#864 = DIRECTION('',(-1.,-1.110223024625E-16,0.));
#865 = ADVANCED_FACE('',(#866),#902,.F.);
#866 = FACE_BOUND('',#867,.T.);
#867 = EDGE_LOOP('',(#868,#878,#887,#895));
#868 = ORIENTED_EDGE('',*,*,#869,.T.);
#869 = EDGE_CURVE('',#870,#872,#874,.T.);
#870 = VERTEX_POINT('',#871);
#871 = CARTESIAN_POINT('',(1.770002540005,24.550048260097,0.));
#872 = VERTEX_POINT('',#873);
#873 = CARTESIAN_POINT('',(1.770002540005,24.550048260097,1.600050800102
    ));
#874 = LINE('',#875,#876);
#875 = CARTESIAN_POINT('',(1.770002540005,24.550048260097,0.));
#876 = VECTOR('',#877,1.);
#877 = DIRECTION('',(0.,0.,1.));
#878 = ORIENTED_EDGE('',*,*,#879,.T.);
#879 = EDGE_CURVE('',#872,#880,#882,.T.);
#880 = VERTEX_POINT('',#881);
#881 = CARTESIAN_POINT('',(0.770002540005,24.550048260097,1.600050800102
    ));
#882 = CIRCLE('',#883,0.5);
#883 = AXIS2_PLACEMENT_3D('',#884,#885,#886);
#884 = CARTESIAN_POINT('',(1.270002540005,24.550048260097,1.600050800102
    ));
#885 = DIRECTION('',(0.,0.,1.));
#886 = DIRECTION('',(1.,1.110223024625E-16,-0.));
#887 = ORIENTED_EDGE('',*,*,#888,.F.);
#888 = EDGE_CURVE('',#889,#880,#891,.T.);
#889 = VERTEX_POINT('',#890);
#890 = CARTESIAN_POINT('',(0.770002540005,24.550048260097,0.));
#891 = LINE('',#892,#893);
#892 = CARTESIAN_POINT('',(0.770002540005,24.550048260097,0.));
#893 = VECTOR('',#894,1.);
#894 = DIRECTION('',(0.,0.,1.));
#895 = ORIENTED_EDGE('',*,*,#896,.F.);
#896 = EDGE_CURVE('',#870,#889,#897,.T.);
#897 = CIRCLE('',#898,0.5);
#898 = AXIS2_PLACEMENT_3D('',#899,#900,#901);
#899 = CARTESIAN_POINT('',(1.270002540005,24.550048260097,0.));
#900 = DIRECTION('',(0.,0.,1.));
#901 = DIRECTION('',(1.,1.110223024625E-16,-0.));
#902 = CYLINDRICAL_SURFACE('',#903,0.5);
#903 = AXIS2_PLACEMENT_3D('',#904,#905,#906);
#904 = CARTESIAN_POINT('',(1.270002540005,24.550048260097,0.));
#905 = DIRECTION('',(-0.,-0.,-1.));
#906 = DIRECTION('',(1.,1.110223024625E-16,-0.));
#907 = ADVANCED_FACE('',(#908),#926,.F.);
#908 = FACE_BOUND('',#909,.T.);
#909 = EDGE_LOOP('',(#910,#911,#918,#919));
#910 = ORIENTED_EDGE('',*,*,#888,.T.);
#911 = ORIENTED_EDGE('',*,*,#912,.T.);
#912 = EDGE_CURVE('',#880,#872,#913,.T.);
#913 = CIRCLE('',#914,0.5);
#914 = AXIS2_PLACEMENT_3D('',#915,#916,#917);
#915 = CARTESIAN_POINT('',(1.270002540005,24.550048260097,1.600050800102
    ));
#916 = DIRECTION('',(0.,0.,1.));
#917 = DIRECTION('',(-1.,-1.110223024625E-16,0.));
#918 = ORIENTED_EDGE('',*,*,#869,.F.);
#919 = ORIENTED_EDGE('',*,*,#920,.F.);
#920 = EDGE_CURVE('',#889,#870,#921,.T.);
#921 = CIRCLE('',#922,0.5);
#922 = AXIS2_PLACEMENT_3D('',#923,#924,#925);
#923 = CARTESIAN_POINT('',(1.270002540005,24.550048260097,0.));
#924 = DIRECTION('',(0.,0.,1.));
#925 = DIRECTION('',(-1.,-1.110223024625E-16,0.));
#926 = CYLINDRICAL_SURFACE('',#927,0.5);
#927 = AXIS2_PLACEMENT_3D('',#928,#929,#930);
#928 = CARTESIAN_POINT('',(1.270002540005,24.550048260097,0.));
#929 = DIRECTION('',(-0.,-0.,-1.));
#930 = DIRECTION('',(-1.,-1.110223024625E-16,0.));
#931 = ADVANCED_FACE('',(#932),#968,.F.);
#932 = FACE_BOUND('',#933,.T.);
#933 = EDGE_LOOP('',(#934,#944,#953,#961));
#934 = ORIENTED_EDGE('',*,*,#935,.T.);
#935 = EDGE_CURVE('',#936,#938,#940,.T.);
#936 = VERTEX_POINT('',#937);
#937 = CARTESIAN_POINT('',(1.770002540005,29.630058420117,0.));
#938 = VERTEX_POINT('',#939);
#939 = CARTESIAN_POINT('',(1.770002540005,29.630058420117,1.600050800102
    ));
#940 = LINE('',#941,#942);
#941 = CARTESIAN_POINT('',(1.770002540005,29.630058420117,0.));
#942 = VECTOR('',#943,1.);
#943 = DIRECTION('',(0.,0.,1.));
#944 = ORIENTED_EDGE('',*,*,#945,.T.);
#945 = EDGE_CURVE('',#938,#946,#948,.T.);
#946 = VERTEX_POINT('',#947);
#947 = CARTESIAN_POINT('',(0.770002540005,29.630058420117,1.600050800102
    ));
#948 = CIRCLE('',#949,0.5);
#949 = AXIS2_PLACEMENT_3D('',#950,#951,#952);
#950 = CARTESIAN_POINT('',(1.270002540005,29.630058420117,1.600050800102
    ));
#951 = DIRECTION('',(0.,0.,1.));
#952 = DIRECTION('',(1.,1.110223024625E-16,-0.));
#953 = ORIENTED_EDGE('',*,*,#954,.F.);
#954 = EDGE_CURVE('',#955,#946,#957,.T.);
#955 = VERTEX_POINT('',#956);
#956 = CARTESIAN_POINT('',(0.770002540005,29.630058420117,0.));
#957 = LINE('',#958,#959);
#958 = CARTESIAN_POINT('',(0.770002540005,29.630058420117,0.));
#959 = VECTOR('',#960,1.);
#960 = DIRECTION('',(0.,0.,1.));
#961 = ORIENTED_EDGE('',*,*,#962,.F.);
#962 = EDGE_CURVE('',#936,#955,#963,.T.);
#963 = CIRCLE('',#964,0.5);
#964 = AXIS2_PLACEMENT_3D('',#965,#966,#967);
#965 = CARTESIAN_POINT('',(1.270002540005,29.630058420117,0.));
#966 = DIRECTION('',(0.,0.,1.));
#967 = DIRECTION('',(1.,1.110223024625E-16,-0.));
#968 = CYLINDRICAL_SURFACE('',#969,0.5);
#969 = AXIS2_PLACEMENT_3D('',#970,#971,#972);
#970 = CARTESIAN_POINT('',(1.270002540005,29.630058420117,0.));
#971 = DIRECTION('',(-0.,-0.,-1.));
#972 = DIRECTION('',(1.,1.110223024625E-16,-0.));
#973 = ADVANCED_FACE('',(#974),#992,.F.);
#974 = FACE_BOUND('',#975,.T.);
#975 = EDGE_LOOP('',(#976,#977,#984,#985));
#976 = ORIENTED_EDGE('',*,*,#954,.T.);
#977 = ORIENTED_EDGE('',*,*,#978,.T.);
#978 = EDGE_CURVE('',#946,#938,#979,.T.);
#979 = CIRCLE('',#980,0.5);
#980 = AXIS2_PLACEMENT_3D('',#981,#982,#983);
#981 = CARTESIAN_POINT('',(1.270002540005,29.630058420117,1.600050800102
    ));
#982 = DIRECTION('',(0.,0.,1.));
#983 = DIRECTION('',(-1.,-1.110223024625E-16,0.));
#984 = ORIENTED_EDGE('',*,*,#935,.F.);
#985 = ORIENTED_EDGE('',*,*,#986,.F.);
#986 = EDGE_CURVE('',#955,#936,#987,.T.);
#987 = CIRCLE('',#988,0.5);
#988 = AXIS2_PLACEMENT_3D('',#989,#990,#991);
#989 = CARTESIAN_POINT('',(1.270002540005,29.630058420117,0.));
#990 = DIRECTION('',(0.,0.,1.));
#991 = DIRECTION('',(-1.,-1.110223024625E-16,0.));
#992 = CYLINDRICAL_SURFACE('',#993,0.5);
#993 = AXIS2_PLACEMENT_3D('',#994,#995,#996);
#994 = CARTESIAN_POINT('',(1.270002540005,29.630058420117,0.));
#995 = DIRECTION('',(-0.,-0.,-1.));
#996 = DIRECTION('',(-1.,-1.110223024625E-16,0.));
#997 = ADVANCED_FACE('',(#998),#1034,.F.);
#998 = FACE_BOUND('',#999,.T.);
#999 = EDGE_LOOP('',(#1000,#1010,#1019,#1027));
#1000 = ORIENTED_EDGE('',*,*,#1001,.T.);
#1001 = EDGE_CURVE('',#1002,#1004,#1006,.T.);
#1002 = VERTEX_POINT('',#1003);
#1003 = CARTESIAN_POINT('',(1.770002540005,32.170063500127,0.));
#1004 = VERTEX_POINT('',#1005);
#1005 = CARTESIAN_POINT('',(1.770002540005,32.170063500127,
    1.600050800102));
#1006 = LINE('',#1007,#1008);
#1007 = CARTESIAN_POINT('',(1.770002540005,32.170063500127,0.));
#1008 = VECTOR('',#1009,1.);
#1009 = DIRECTION('',(0.,0.,1.));
#1010 = ORIENTED_EDGE('',*,*,#1011,.T.);
#1011 = EDGE_CURVE('',#1004,#1012,#1014,.T.);
#1012 = VERTEX_POINT('',#1013);
#1013 = CARTESIAN_POINT('',(0.770002540005,32.170063500127,
    1.600050800102));
#1014 = CIRCLE('',#1015,0.5);
#1015 = AXIS2_PLACEMENT_3D('',#1016,#1017,#1018);
#1016 = CARTESIAN_POINT('',(1.270002540005,32.170063500127,
    1.600050800102));
#1017 = DIRECTION('',(0.,0.,1.));
#1018 = DIRECTION('',(1.,1.110223024625E-16,-0.));
#1019 = ORIENTED_EDGE('',*,*,#1020,.F.);
#1020 = EDGE_CURVE('',#1021,#1012,#1023,.T.);
#1021 = VERTEX_POINT('',#1022);
#1022 = CARTESIAN_POINT('',(0.770002540005,32.170063500127,0.));
#1023 = LINE('',#1024,#1025);
#1024 = CARTESIAN_POINT('',(0.770002540005,32.170063500127,0.));
#1025 = VECTOR('',#1026,1.);
#1026 = DIRECTION('',(0.,0.,1.));
#1027 = ORIENTED_EDGE('',*,*,#1028,.F.);
#1028 = EDGE_CURVE('',#1002,#1021,#1029,.T.);
#1029 = CIRCLE('',#1030,0.5);
#1030 = AXIS2_PLACEMENT_3D('',#1031,#1032,#1033);
#1031 = CARTESIAN_POINT('',(1.270002540005,32.170063500127,0.));
#1032 = DIRECTION('',(0.,0.,1.));
#1033 = DIRECTION('',(1.,1.110223024625E-16,-0.));
#1034 = CYLINDRICAL_SURFACE('',#1035,0.5);
#1035 = AXIS2_PLACEMENT_3D('',#1036,#1037,#1038);
#1036 = CARTESIAN_POINT('',(1.270002540005,32.170063500127,0.));
#1037 = DIRECTION('',(-0.,-0.,-1.));
#1038 = DIRECTION('',(1.,1.110223024625E-16,-0.));
#1039 = ADVANCED_FACE('',(#1040),#1058,.F.);
#1040 = FACE_BOUND('',#1041,.T.);
#1041 = EDGE_LOOP('',(#1042,#1043,#1050,#1051));
#1042 = ORIENTED_EDGE('',*,*,#1020,.T.);
#1043 = ORIENTED_EDGE('',*,*,#1044,.T.);
#1044 = EDGE_CURVE('',#1012,#1004,#1045,.T.);
#1045 = CIRCLE('',#1046,0.5);
#1046 = AXIS2_PLACEMENT_3D('',#1047,#1048,#1049);
#1047 = CARTESIAN_POINT('',(1.270002540005,32.170063500127,
    1.600050800102));
#1048 = DIRECTION('',(0.,0.,1.));
#1049 = DIRECTION('',(-1.,-1.110223024625E-16,0.));
#1050 = ORIENTED_EDGE('',*,*,#1001,.F.);
#1051 = ORIENTED_EDGE('',*,*,#1052,.F.);
#1052 = EDGE_CURVE('',#1021,#1002,#1053,.T.);
#1053 = CIRCLE('',#1054,0.5);
#1054 = AXIS2_PLACEMENT_3D('',#1055,#1056,#1057);
#1055 = CARTESIAN_POINT('',(1.270002540005,32.170063500127,0.));
#1056 = DIRECTION('',(0.,0.,1.));
#1057 = DIRECTION('',(-1.,-1.110223024625E-16,0.));
#1058 = CYLINDRICAL_SURFACE('',#1059,0.5);
#1059 = AXIS2_PLACEMENT_3D('',#1060,#1061,#1062);
#1060 = CARTESIAN_POINT('',(1.270002540005,32.170063500127,0.));
#1061 = DIRECTION('',(-0.,-0.,-1.));
#1062 = DIRECTION('',(-1.,-1.110223024625E-16,0.));
#1063 = ADVANCED_FACE('',(#1064),#1100,.F.);
#1064 = FACE_BOUND('',#1065,.T.);
#1065 = EDGE_LOOP('',(#1066,#1076,#1085,#1093));
#1066 = ORIENTED_EDGE('',*,*,#1067,.T.);
#1067 = EDGE_CURVE('',#1068,#1070,#1072,.T.);
#1068 = VERTEX_POINT('',#1069);
#1069 = CARTESIAN_POINT('',(1.770002540005,34.710068580137,0.));
#1070 = VERTEX_POINT('',#1071);
#1071 = CARTESIAN_POINT('',(1.770002540005,34.710068580137,
    1.600050800102));
#1072 = LINE('',#1073,#1074);
#1073 = CARTESIAN_POINT('',(1.770002540005,34.710068580137,0.));
#1074 = VECTOR('',#1075,1.);
#1075 = DIRECTION('',(0.,0.,1.));
#1076 = ORIENTED_EDGE('',*,*,#1077,.T.);
#1077 = EDGE_CURVE('',#1070,#1078,#1080,.T.);
#1078 = VERTEX_POINT('',#1079);
#1079 = CARTESIAN_POINT('',(0.770002540005,34.710068580137,
    1.600050800102));
#1080 = CIRCLE('',#1081,0.5);
#1081 = AXIS2_PLACEMENT_3D('',#1082,#1083,#1084);
#1082 = CARTESIAN_POINT('',(1.270002540005,34.710068580137,
    1.600050800102));
#1083 = DIRECTION('',(0.,0.,1.));
#1084 = DIRECTION('',(1.,1.110223024625E-16,-0.));
#1085 = ORIENTED_EDGE('',*,*,#1086,.F.);
#1086 = EDGE_CURVE('',#1087,#1078,#1089,.T.);
#1087 = VERTEX_POINT('',#1088);
#1088 = CARTESIAN_POINT('',(0.770002540005,34.710068580137,0.));
#1089 = LINE('',#1090,#1091);
#1090 = CARTESIAN_POINT('',(0.770002540005,34.710068580137,0.));
#1091 = VECTOR('',#1092,1.);
#1092 = DIRECTION('',(0.,0.,1.));
#1093 = ORIENTED_EDGE('',*,*,#1094,.F.);
#1094 = EDGE_CURVE('',#1068,#1087,#1095,.T.);
#1095 = CIRCLE('',#1096,0.5);
#1096 = AXIS2_PLACEMENT_3D('',#1097,#1098,#1099);
#1097 = CARTESIAN_POINT('',(1.270002540005,34.710068580137,0.));
#1098 = DIRECTION('',(0.,0.,1.));
#1099 = DIRECTION('',(1.,1.110223024625E-16,-0.));
#1100 = CYLINDRICAL_SURFACE('',#1101,0.5);
#1101 = AXIS2_PLACEMENT_3D('',#1102,#1103,#1104);
#1102 = CARTESIAN_POINT('',(1.270002540005,34.710068580137,0.));
#1103 = DIRECTION('',(-0.,-0.,-1.));
#1104 = DIRECTION('',(1.,1.110223024625E-16,-0.));
#1105 = ADVANCED_FACE('',(#1106),#1124,.F.);
#1106 = FACE_BOUND('',#1107,.T.);
#1107 = EDGE_LOOP('',(#1108,#1109,#1116,#1117));
#1108 = ORIENTED_EDGE('',*,*,#1086,.T.);
#1109 = ORIENTED_EDGE('',*,*,#1110,.T.);
#1110 = EDGE_CURVE('',#1078,#1070,#1111,.T.);
#1111 = CIRCLE('',#1112,0.5);
#1112 = AXIS2_PLACEMENT_3D('',#1113,#1114,#1115);
#1113 = CARTESIAN_POINT('',(1.270002540005,34.710068580137,
    1.600050800102));
#1114 = DIRECTION('',(0.,0.,1.));
#1115 = DIRECTION('',(-1.,-1.110223024625E-16,0.));
#1116 = ORIENTED_EDGE('',*,*,#1067,.F.);
#1117 = ORIENTED_EDGE('',*,*,#1118,.F.);
#1118 = EDGE_CURVE('',#1087,#1068,#1119,.T.);
#1119 = CIRCLE('',#1120,0.5);
#1120 = AXIS2_PLACEMENT_3D('',#1121,#1122,#1123);
#1121 = CARTESIAN_POINT('',(1.270002540005,34.710068580137,0.));
#1122 = DIRECTION('',(0.,0.,1.));
#1123 = DIRECTION('',(-1.,-1.110223024625E-16,0.));
#1124 = CYLINDRICAL_SURFACE('',#1125,0.5);
#1125 = AXIS2_PLACEMENT_3D('',#1126,#1127,#1128);
#1126 = CARTESIAN_POINT('',(1.270002540005,34.710068580137,0.));
#1127 = DIRECTION('',(-0.,-0.,-1.));
#1128 = DIRECTION('',(-1.,-1.110223024625E-16,0.));
#1129 = ADVANCED_FACE('',(#1130),#1166,.F.);
#1130 = FACE_BOUND('',#1131,.T.);
#1131 = EDGE_LOOP('',(#1132,#1142,#1151,#1159));
#1132 = ORIENTED_EDGE('',*,*,#1133,.T.);
#1133 = EDGE_CURVE('',#1134,#1136,#1138,.T.);
#1134 = VERTEX_POINT('',#1135);
#1135 = CARTESIAN_POINT('',(1.770002540005,37.250073660147,0.));
#1136 = VERTEX_POINT('',#1137);
#1137 = CARTESIAN_POINT('',(1.770002540005,37.250073660147,
    1.600050800102));
#1138 = LINE('',#1139,#1140);
#1139 = CARTESIAN_POINT('',(1.770002540005,37.250073660147,0.));
#1140 = VECTOR('',#1141,1.);
#1141 = DIRECTION('',(0.,0.,1.));
#1142 = ORIENTED_EDGE('',*,*,#1143,.T.);
#1143 = EDGE_CURVE('',#1136,#1144,#1146,.T.);
#1144 = VERTEX_POINT('',#1145);
#1145 = CARTESIAN_POINT('',(0.770002540005,37.250073660147,
    1.600050800102));
#1146 = CIRCLE('',#1147,0.5);
#1147 = AXIS2_PLACEMENT_3D('',#1148,#1149,#1150);
#1148 = CARTESIAN_POINT('',(1.270002540005,37.250073660147,
    1.600050800102));
#1149 = DIRECTION('',(0.,0.,1.));
#1150 = DIRECTION('',(1.,1.110223024625E-16,-0.));
#1151 = ORIENTED_EDGE('',*,*,#1152,.F.);
#1152 = EDGE_CURVE('',#1153,#1144,#1155,.T.);
#1153 = VERTEX_POINT('',#1154);
#1154 = CARTESIAN_POINT('',(0.770002540005,37.250073660147,0.));
#1155 = LINE('',#1156,#1157);
#1156 = CARTESIAN_POINT('',(0.770002540005,37.250073660147,0.));
#1157 = VECTOR('',#1158,1.);
#1158 = DIRECTION('',(0.,0.,1.));
#1159 = ORIENTED_EDGE('',*,*,#1160,.F.);
#1160 = EDGE_CURVE('',#1134,#1153,#1161,.T.);
#1161 = CIRCLE('',#1162,0.5);
#1162 = AXIS2_PLACEMENT_3D('',#1163,#1164,#1165);
#1163 = CARTESIAN_POINT('',(1.270002540005,37.250073660147,0.));
#1164 = DIRECTION('',(0.,0.,1.));
#1165 = DIRECTION('',(1.,1.110223024625E-16,-0.));
#1166 = CYLINDRICAL_SURFACE('',#1167,0.5);
#1167 = AXIS2_PLACEMENT_3D('',#1168,#1169,#1170);
#1168 = CARTESIAN_POINT('',(1.270002540005,37.250073660147,0.));
#1169 = DIRECTION('',(-0.,-0.,-1.));
#1170 = DIRECTION('',(1.,1.110223024625E-16,-0.));
#1171 = ADVANCED_FACE('',(#1172),#1190,.F.);
#1172 = FACE_BOUND('',#1173,.T.);
#1173 = EDGE_LOOP('',(#1174,#1175,#1182,#1183));
#1174 = ORIENTED_EDGE('',*,*,#1152,.T.);
#1175 = ORIENTED_EDGE('',*,*,#1176,.T.);
#1176 = EDGE_CURVE('',#1144,#1136,#1177,.T.);
#1177 = CIRCLE('',#1178,0.5);
#1178 = AXIS2_PLACEMENT_3D('',#1179,#1180,#1181);
#1179 = CARTESIAN_POINT('',(1.270002540005,37.250073660147,
    1.600050800102));
#1180 = DIRECTION('',(0.,0.,1.));
#1181 = DIRECTION('',(-1.,-1.110223024625E-16,0.));
#1182 = ORIENTED_EDGE('',*,*,#1133,.F.);
#1183 = ORIENTED_EDGE('',*,*,#1184,.F.);
#1184 = EDGE_CURVE('',#1153,#1134,#1185,.T.);
#1185 = CIRCLE('',#1186,0.5);
#1186 = AXIS2_PLACEMENT_3D('',#1187,#1188,#1189);
#1187 = CARTESIAN_POINT('',(1.270002540005,37.250073660147,0.));
#1188 = DIRECTION('',(0.,0.,1.));
#1189 = DIRECTION('',(-1.,-1.110223024625E-16,0.));
#1190 = CYLINDRICAL_SURFACE('',#1191,0.5);
#1191 = AXIS2_PLACEMENT_3D('',#1192,#1193,#1194);
#1192 = CARTESIAN_POINT('',(1.270002540005,37.250073660147,0.));
#1193 = DIRECTION('',(-0.,-0.,-1.));
#1194 = DIRECTION('',(-1.,-1.110223024625E-16,0.));
#1195 = ADVANCED_FACE('',(#1196),#1232,.F.);
#1196 = FACE_BOUND('',#1197,.T.);
#1197 = EDGE_LOOP('',(#1198,#1208,#1217,#1225));
#1198 = ORIENTED_EDGE('',*,*,#1199,.T.);
#1199 = EDGE_CURVE('',#1200,#1202,#1204,.T.);
#1200 = VERTEX_POINT('',#1201);
#1201 = CARTESIAN_POINT('',(1.770002540005,42.330083820168,0.));
#1202 = VERTEX_POINT('',#1203);
#1203 = CARTESIAN_POINT('',(1.770002540005,42.330083820168,
    1.600050800102));
#1204 = LINE('',#1205,#1206);
#1205 = CARTESIAN_POINT('',(1.770002540005,42.330083820168,0.));
#1206 = VECTOR('',#1207,1.);
#1207 = DIRECTION('',(0.,0.,1.));
#1208 = ORIENTED_EDGE('',*,*,#1209,.T.);
#1209 = EDGE_CURVE('',#1202,#1210,#1212,.T.);
#1210 = VERTEX_POINT('',#1211);
#1211 = CARTESIAN_POINT('',(0.770002540005,42.330083820168,
    1.600050800102));
#1212 = CIRCLE('',#1213,0.5);
#1213 = AXIS2_PLACEMENT_3D('',#1214,#1215,#1216);
#1214 = CARTESIAN_POINT('',(1.270002540005,42.330083820168,
    1.600050800102));
#1215 = DIRECTION('',(0.,0.,1.));
#1216 = DIRECTION('',(1.,1.110223024625E-16,-0.));
#1217 = ORIENTED_EDGE('',*,*,#1218,.F.);
#1218 = EDGE_CURVE('',#1219,#1210,#1221,.T.);
#1219 = VERTEX_POINT('',#1220);
#1220 = CARTESIAN_POINT('',(0.770002540005,42.330083820168,0.));
#1221 = LINE('',#1222,#1223);
#1222 = CARTESIAN_POINT('',(0.770002540005,42.330083820168,0.));
#1223 = VECTOR('',#1224,1.);
#1224 = DIRECTION('',(0.,0.,1.));
#1225 = ORIENTED_EDGE('',*,*,#1226,.F.);
#1226 = EDGE_CURVE('',#1200,#1219,#1227,.T.);
#1227 = CIRCLE('',#1228,0.5);
#1228 = AXIS2_PLACEMENT_3D('',#1229,#1230,#1231);
#1229 = CARTESIAN_POINT('',(1.270002540005,42.330083820168,0.));
#1230 = DIRECTION('',(0.,0.,1.));
#1231 = DIRECTION('',(1.,1.110223024625E-16,-0.));
#1232 = CYLINDRICAL_SURFACE('',#1233,0.5);
#1233 = AXIS2_PLACEMENT_3D('',#1234,#1235,#1236);
#1234 = CARTESIAN_POINT('',(1.270002540005,42.330083820168,0.));
#1235 = DIRECTION('',(-0.,-0.,-1.));
#1236 = DIRECTION('',(1.,1.110223024625E-16,-0.));
#1237 = ADVANCED_FACE('',(#1238),#1256,.F.);
#1238 = FACE_BOUND('',#1239,.T.);
#1239 = EDGE_LOOP('',(#1240,#1241,#1248,#1249));
#1240 = ORIENTED_EDGE('',*,*,#1218,.T.);
#1241 = ORIENTED_EDGE('',*,*,#1242,.T.);
#1242 = EDGE_CURVE('',#1210,#1202,#1243,.T.);
#1243 = CIRCLE('',#1244,0.5);
#1244 = AXIS2_PLACEMENT_3D('',#1245,#1246,#1247);
#1245 = CARTESIAN_POINT('',(1.270002540005,42.330083820168,
    1.600050800102));
#1246 = DIRECTION('',(0.,0.,1.));
#1247 = DIRECTION('',(-1.,-1.110223024625E-16,0.));
#1248 = ORIENTED_EDGE('',*,*,#1199,.F.);
#1249 = ORIENTED_EDGE('',*,*,#1250,.F.);
#1250 = EDGE_CURVE('',#1219,#1200,#1251,.T.);
#1251 = CIRCLE('',#1252,0.5);
#1252 = AXIS2_PLACEMENT_3D('',#1253,#1254,#1255);
#1253 = CARTESIAN_POINT('',(1.270002540005,42.330083820168,0.));
#1254 = DIRECTION('',(0.,0.,1.));
#1255 = DIRECTION('',(-1.,-1.110223024625E-16,0.));
#1256 = CYLINDRICAL_SURFACE('',#1257,0.5);
#1257 = AXIS2_PLACEMENT_3D('',#1258,#1259,#1260);
#1258 = CARTESIAN_POINT('',(1.270002540005,42.330083820168,0.));
#1259 = DIRECTION('',(-0.,-0.,-1.));
#1260 = DIRECTION('',(-1.,-1.110223024625E-16,0.));
#1261 = ADVANCED_FACE('',(#1262),#1298,.F.);
#1262 = FACE_BOUND('',#1263,.T.);
#1263 = EDGE_LOOP('',(#1264,#1274,#1283,#1291));
#1264 = ORIENTED_EDGE('',*,*,#1265,.T.);
#1265 = EDGE_CURVE('',#1266,#1268,#1270,.T.);
#1266 = VERTEX_POINT('',#1267);
#1267 = CARTESIAN_POINT('',(1.770002540005,39.790078740157,0.));
#1268 = VERTEX_POINT('',#1269);
#1269 = CARTESIAN_POINT('',(1.770002540005,39.790078740157,
    1.600050800102));
#1270 = LINE('',#1271,#1272);
#1271 = CARTESIAN_POINT('',(1.770002540005,39.790078740157,0.));
#1272 = VECTOR('',#1273,1.);
#1273 = DIRECTION('',(0.,0.,1.));
#1274 = ORIENTED_EDGE('',*,*,#1275,.T.);
#1275 = EDGE_CURVE('',#1268,#1276,#1278,.T.);
#1276 = VERTEX_POINT('',#1277);
#1277 = CARTESIAN_POINT('',(0.770002540005,39.790078740157,
    1.600050800102));
#1278 = CIRCLE('',#1279,0.5);
#1279 = AXIS2_PLACEMENT_3D('',#1280,#1281,#1282);
#1280 = CARTESIAN_POINT('',(1.270002540005,39.790078740157,
    1.600050800102));
#1281 = DIRECTION('',(0.,0.,1.));
#1282 = DIRECTION('',(1.,1.110223024625E-16,-0.));
#1283 = ORIENTED_EDGE('',*,*,#1284,.F.);
#1284 = EDGE_CURVE('',#1285,#1276,#1287,.T.);
#1285 = VERTEX_POINT('',#1286);
#1286 = CARTESIAN_POINT('',(0.770002540005,39.790078740157,0.));
#1287 = LINE('',#1288,#1289);
#1288 = CARTESIAN_POINT('',(0.770002540005,39.790078740157,0.));
#1289 = VECTOR('',#1290,1.);
#1290 = DIRECTION('',(0.,0.,1.));
#1291 = ORIENTED_EDGE('',*,*,#1292,.F.);
#1292 = EDGE_CURVE('',#1266,#1285,#1293,.T.);
#1293 = CIRCLE('',#1294,0.5);
#1294 = AXIS2_PLACEMENT_3D('',#1295,#1296,#1297);
#1295 = CARTESIAN_POINT('',(1.270002540005,39.790078740157,0.));
#1296 = DIRECTION('',(0.,0.,1.));
#1297 = DIRECTION('',(1.,1.110223024625E-16,-0.));
#1298 = CYLINDRICAL_SURFACE('',#1299,0.5);
#1299 = AXIS2_PLACEMENT_3D('',#1300,#1301,#1302);
#1300 = CARTESIAN_POINT('',(1.270002540005,39.790078740157,0.));
#1301 = DIRECTION('',(-0.,-0.,-1.));
#1302 = DIRECTION('',(1.,1.110223024625E-16,-0.));
#1303 = ADVANCED_FACE('',(#1304),#1322,.F.);
#1304 = FACE_BOUND('',#1305,.T.);
#1305 = EDGE_LOOP('',(#1306,#1307,#1314,#1315));
#1306 = ORIENTED_EDGE('',*,*,#1284,.T.);
#1307 = ORIENTED_EDGE('',*,*,#1308,.T.);
#1308 = EDGE_CURVE('',#1276,#1268,#1309,.T.);
#1309 = CIRCLE('',#1310,0.5);
#1310 = AXIS2_PLACEMENT_3D('',#1311,#1312,#1313);
#1311 = CARTESIAN_POINT('',(1.270002540005,39.790078740157,
    1.600050800102));
#1312 = DIRECTION('',(0.,0.,1.));
#1313 = DIRECTION('',(-1.,-1.110223024625E-16,0.));
#1314 = ORIENTED_EDGE('',*,*,#1265,.F.);
#1315 = ORIENTED_EDGE('',*,*,#1316,.F.);
#1316 = EDGE_CURVE('',#1285,#1266,#1317,.T.);
#1317 = CIRCLE('',#1318,0.5);
#1318 = AXIS2_PLACEMENT_3D('',#1319,#1320,#1321);
#1319 = CARTESIAN_POINT('',(1.270002540005,39.790078740157,0.));
#1320 = DIRECTION('',(0.,0.,1.));
#1321 = DIRECTION('',(-1.,-1.110223024625E-16,0.));
#1322 = CYLINDRICAL_SURFACE('',#1323,0.5);
#1323 = AXIS2_PLACEMENT_3D('',#1324,#1325,#1326);
#1324 = CARTESIAN_POINT('',(1.270002540005,39.790078740157,0.));
#1325 = DIRECTION('',(-0.,-0.,-1.));
#1326 = DIRECTION('',(-1.,-1.110223024625E-16,0.));
#1327 = ADVANCED_FACE('',(#1328),#1364,.F.);
#1328 = FACE_BOUND('',#1329,.T.);
#1329 = EDGE_LOOP('',(#1330,#1340,#1349,#1357));
#1330 = ORIENTED_EDGE('',*,*,#1331,.T.);
#1331 = EDGE_CURVE('',#1332,#1334,#1336,.T.);
#1332 = VERTEX_POINT('',#1333);
#1333 = CARTESIAN_POINT('',(1.770002540005,44.870088900178,0.));
#1334 = VERTEX_POINT('',#1335);
#1335 = CARTESIAN_POINT('',(1.770002540005,44.870088900178,
    1.600050800102));
#1336 = LINE('',#1337,#1338);
#1337 = CARTESIAN_POINT('',(1.770002540005,44.870088900178,0.));
#1338 = VECTOR('',#1339,1.);
#1339 = DIRECTION('',(0.,0.,1.));
#1340 = ORIENTED_EDGE('',*,*,#1341,.T.);
#1341 = EDGE_CURVE('',#1334,#1342,#1344,.T.);
#1342 = VERTEX_POINT('',#1343);
#1343 = CARTESIAN_POINT('',(0.770002540005,44.870088900178,
    1.600050800102));
#1344 = CIRCLE('',#1345,0.5);
#1345 = AXIS2_PLACEMENT_3D('',#1346,#1347,#1348);
#1346 = CARTESIAN_POINT('',(1.270002540005,44.870088900178,
    1.600050800102));
#1347 = DIRECTION('',(0.,0.,1.));
#1348 = DIRECTION('',(1.,1.110223024625E-16,-0.));
#1349 = ORIENTED_EDGE('',*,*,#1350,.F.);
#1350 = EDGE_CURVE('',#1351,#1342,#1353,.T.);
#1351 = VERTEX_POINT('',#1352);
#1352 = CARTESIAN_POINT('',(0.770002540005,44.870088900178,0.));
#1353 = LINE('',#1354,#1355);
#1354 = CARTESIAN_POINT('',(0.770002540005,44.870088900178,0.));
#1355 = VECTOR('',#1356,1.);
#1356 = DIRECTION('',(0.,0.,1.));
#1357 = ORIENTED_EDGE('',*,*,#1358,.F.);
#1358 = EDGE_CURVE('',#1332,#1351,#1359,.T.);
#1359 = CIRCLE('',#1360,0.5);
#1360 = AXIS2_PLACEMENT_3D('',#1361,#1362,#1363);
#1361 = CARTESIAN_POINT('',(1.270002540005,44.870088900178,0.));
#1362 = DIRECTION('',(0.,0.,1.));
#1363 = DIRECTION('',(1.,1.110223024625E-16,-0.));
#1364 = CYLINDRICAL_SURFACE('',#1365,0.5);
#1365 = AXIS2_PLACEMENT_3D('',#1366,#1367,#1368);
#1366 = CARTESIAN_POINT('',(1.270002540005,44.870088900178,0.));
#1367 = DIRECTION('',(-0.,-0.,-1.));
#1368 = DIRECTION('',(1.,1.110223024625E-16,-0.));
#1369 = ADVANCED_FACE('',(#1370),#1388,.F.);
#1370 = FACE_BOUND('',#1371,.T.);
#1371 = EDGE_LOOP('',(#1372,#1373,#1380,#1381));
#1372 = ORIENTED_EDGE('',*,*,#1350,.T.);
#1373 = ORIENTED_EDGE('',*,*,#1374,.T.);
#1374 = EDGE_CURVE('',#1342,#1334,#1375,.T.);
#1375 = CIRCLE('',#1376,0.5);
#1376 = AXIS2_PLACEMENT_3D('',#1377,#1378,#1379);
#1377 = CARTESIAN_POINT('',(1.270002540005,44.870088900178,
    1.600050800102));
#1378 = DIRECTION('',(0.,0.,1.));
#1379 = DIRECTION('',(-1.,-1.110223024625E-16,0.));
#1380 = ORIENTED_EDGE('',*,*,#1331,.F.);
#1381 = ORIENTED_EDGE('',*,*,#1382,.F.);
#1382 = EDGE_CURVE('',#1351,#1332,#1383,.T.);
#1383 = CIRCLE('',#1384,0.5);
#1384 = AXIS2_PLACEMENT_3D('',#1385,#1386,#1387);
#1385 = CARTESIAN_POINT('',(1.270002540005,44.870088900178,0.));
#1386 = DIRECTION('',(0.,0.,1.));
#1387 = DIRECTION('',(-1.,-1.110223024625E-16,0.));
#1388 = CYLINDRICAL_SURFACE('',#1389,0.5);
#1389 = AXIS2_PLACEMENT_3D('',#1390,#1391,#1392);
#1390 = CARTESIAN_POINT('',(1.270002540005,44.870088900178,0.));
#1391 = DIRECTION('',(-0.,-0.,-1.));
#1392 = DIRECTION('',(-1.,-1.110223024625E-16,0.));
#1393 = ADVANCED_FACE('',(#1394),#1430,.F.);
#1394 = FACE_BOUND('',#1395,.T.);
#1395 = EDGE_LOOP('',(#1396,#1406,#1415,#1423));
#1396 = ORIENTED_EDGE('',*,*,#1397,.T.);
#1397 = EDGE_CURVE('',#1398,#1400,#1402,.T.);
#1398 = VERTEX_POINT('',#1399);
#1399 = CARTESIAN_POINT('',(1.770002540005,49.950099060198,0.));
#1400 = VERTEX_POINT('',#1401);
#1401 = CARTESIAN_POINT('',(1.770002540005,49.950099060198,
    1.600050800102));
#1402 = LINE('',#1403,#1404);
#1403 = CARTESIAN_POINT('',(1.770002540005,49.950099060198,0.));
#1404 = VECTOR('',#1405,1.);
#1405 = DIRECTION('',(0.,0.,1.));
#1406 = ORIENTED_EDGE('',*,*,#1407,.T.);
#1407 = EDGE_CURVE('',#1400,#1408,#1410,.T.);
#1408 = VERTEX_POINT('',#1409);
#1409 = CARTESIAN_POINT('',(0.770002540005,49.950099060198,
    1.600050800102));
#1410 = CIRCLE('',#1411,0.5);
#1411 = AXIS2_PLACEMENT_3D('',#1412,#1413,#1414);
#1412 = CARTESIAN_POINT('',(1.270002540005,49.950099060198,
    1.600050800102));
#1413 = DIRECTION('',(0.,0.,1.));
#1414 = DIRECTION('',(1.,1.110223024625E-16,-0.));
#1415 = ORIENTED_EDGE('',*,*,#1416,.F.);
#1416 = EDGE_CURVE('',#1417,#1408,#1419,.T.);
#1417 = VERTEX_POINT('',#1418);
#1418 = CARTESIAN_POINT('',(0.770002540005,49.950099060198,0.));
#1419 = LINE('',#1420,#1421);
#1420 = CARTESIAN_POINT('',(0.770002540005,49.950099060198,0.));
#1421 = VECTOR('',#1422,1.);
#1422 = DIRECTION('',(0.,0.,1.));
#1423 = ORIENTED_EDGE('',*,*,#1424,.F.);
#1424 = EDGE_CURVE('',#1398,#1417,#1425,.T.);
#1425 = CIRCLE('',#1426,0.5);
#1426 = AXIS2_PLACEMENT_3D('',#1427,#1428,#1429);
#1427 = CARTESIAN_POINT('',(1.270002540005,49.950099060198,0.));
#1428 = DIRECTION('',(0.,0.,1.));
#1429 = DIRECTION('',(1.,1.110223024625E-16,-0.));
#1430 = CYLINDRICAL_SURFACE('',#1431,0.5);
#1431 = AXIS2_PLACEMENT_3D('',#1432,#1433,#1434);
#1432 = CARTESIAN_POINT('',(1.270002540005,49.950099060198,0.));
#1433 = DIRECTION('',(-0.,-0.,-1.));
#1434 = DIRECTION('',(1.,1.110223024625E-16,-0.));
#1435 = ADVANCED_FACE('',(#1436),#1454,.F.);
#1436 = FACE_BOUND('',#1437,.T.);
#1437 = EDGE_LOOP('',(#1438,#1439,#1446,#1447));
#1438 = ORIENTED_EDGE('',*,*,#1416,.T.);
#1439 = ORIENTED_EDGE('',*,*,#1440,.T.);
#1440 = EDGE_CURVE('',#1408,#1400,#1441,.T.);
#1441 = CIRCLE('',#1442,0.5);
#1442 = AXIS2_PLACEMENT_3D('',#1443,#1444,#1445);
#1443 = CARTESIAN_POINT('',(1.270002540005,49.950099060198,
    1.600050800102));
#1444 = DIRECTION('',(0.,0.,1.));
#1445 = DIRECTION('',(-1.,-1.110223024625E-16,0.));
#1446 = ORIENTED_EDGE('',*,*,#1397,.F.);
#1447 = ORIENTED_EDGE('',*,*,#1448,.F.);
#1448 = EDGE_CURVE('',#1417,#1398,#1449,.T.);
#1449 = CIRCLE('',#1450,0.5);
#1450 = AXIS2_PLACEMENT_3D('',#1451,#1452,#1453);
#1451 = CARTESIAN_POINT('',(1.270002540005,49.950099060198,0.));
#1452 = DIRECTION('',(0.,0.,1.));
#1453 = DIRECTION('',(-1.,-1.110223024625E-16,0.));
#1454 = CYLINDRICAL_SURFACE('',#1455,0.5);
#1455 = AXIS2_PLACEMENT_3D('',#1456,#1457,#1458);
#1456 = CARTESIAN_POINT('',(1.270002540005,49.950099060198,0.));
#1457 = DIRECTION('',(-0.,-0.,-1.));
#1458 = DIRECTION('',(-1.,-1.110223024625E-16,0.));
#1459 = ADVANCED_FACE('',(#1460),#1496,.F.);
#1460 = FACE_BOUND('',#1461,.T.);
#1461 = EDGE_LOOP('',(#1462,#1472,#1481,#1489));
#1462 = ORIENTED_EDGE('',*,*,#1463,.T.);
#1463 = EDGE_CURVE('',#1464,#1466,#1468,.T.);
#1464 = VERTEX_POINT('',#1465);
#1465 = CARTESIAN_POINT('',(1.770002540005,47.410093980188,0.));
#1466 = VERTEX_POINT('',#1467);
#1467 = CARTESIAN_POINT('',(1.770002540005,47.410093980188,
    1.600050800102));
#1468 = LINE('',#1469,#1470);
#1469 = CARTESIAN_POINT('',(1.770002540005,47.410093980188,0.));
#1470 = VECTOR('',#1471,1.);
#1471 = DIRECTION('',(0.,0.,1.));
#1472 = ORIENTED_EDGE('',*,*,#1473,.T.);
#1473 = EDGE_CURVE('',#1466,#1474,#1476,.T.);
#1474 = VERTEX_POINT('',#1475);
#1475 = CARTESIAN_POINT('',(0.770002540005,47.410093980188,
    1.600050800102));
#1476 = CIRCLE('',#1477,0.5);
#1477 = AXIS2_PLACEMENT_3D('',#1478,#1479,#1480);
#1478 = CARTESIAN_POINT('',(1.270002540005,47.410093980188,
    1.600050800102));
#1479 = DIRECTION('',(0.,0.,1.));
#1480 = DIRECTION('',(1.,1.110223024625E-16,-0.));
#1481 = ORIENTED_EDGE('',*,*,#1482,.F.);
#1482 = EDGE_CURVE('',#1483,#1474,#1485,.T.);
#1483 = VERTEX_POINT('',#1484);
#1484 = CARTESIAN_POINT('',(0.770002540005,47.410093980188,0.));
#1485 = LINE('',#1486,#1487);
#1486 = CARTESIAN_POINT('',(0.770002540005,47.410093980188,0.));
#1487 = VECTOR('',#1488,1.);
#1488 = DIRECTION('',(0.,0.,1.));
#1489 = ORIENTED_EDGE('',*,*,#1490,.F.);
#1490 = EDGE_CURVE('',#1464,#1483,#1491,.T.);
#1491 = CIRCLE('',#1492,0.5);
#1492 = AXIS2_PLACEMENT_3D('',#1493,#1494,#1495);
#1493 = CARTESIAN_POINT('',(1.270002540005,47.410093980188,0.));
#1494 = DIRECTION('',(0.,0.,1.));
#1495 = DIRECTION('',(1.,1.110223024625E-16,-0.));
#1496 = CYLINDRICAL_SURFACE('',#1497,0.5);
#1497 = AXIS2_PLACEMENT_3D('',#1498,#1499,#1500);
#1498 = CARTESIAN_POINT('',(1.270002540005,47.410093980188,0.));
#1499 = DIRECTION('',(-0.,-0.,-1.));
#1500 = DIRECTION('',(1.,1.110223024625E-16,-0.));
#1501 = ADVANCED_FACE('',(#1502),#1520,.F.);
#1502 = FACE_BOUND('',#1503,.T.);
#1503 = EDGE_LOOP('',(#1504,#1505,#1512,#1513));
#1504 = ORIENTED_EDGE('',*,*,#1482,.T.);
#1505 = ORIENTED_EDGE('',*,*,#1506,.T.);
#1506 = EDGE_CURVE('',#1474,#1466,#1507,.T.);
#1507 = CIRCLE('',#1508,0.5);
#1508 = AXIS2_PLACEMENT_3D('',#1509,#1510,#1511);
#1509 = CARTESIAN_POINT('',(1.270002540005,47.410093980188,
    1.600050800102));
#1510 = DIRECTION('',(0.,0.,1.));
#1511 = DIRECTION('',(-1.,-1.110223024625E-16,0.));
#1512 = ORIENTED_EDGE('',*,*,#1463,.F.);
#1513 = ORIENTED_EDGE('',*,*,#1514,.F.);
#1514 = EDGE_CURVE('',#1483,#1464,#1515,.T.);
#1515 = CIRCLE('',#1516,0.5);
#1516 = AXIS2_PLACEMENT_3D('',#1517,#1518,#1519);
#1517 = CARTESIAN_POINT('',(1.270002540005,47.410093980188,0.));
#1518 = DIRECTION('',(0.,0.,1.));
#1519 = DIRECTION('',(-1.,-1.110223024625E-16,0.));
#1520 = CYLINDRICAL_SURFACE('',#1521,0.5);
#1521 = AXIS2_PLACEMENT_3D('',#1522,#1523,#1524);
#1522 = CARTESIAN_POINT('',(1.270002540005,47.410093980188,0.));
#1523 = DIRECTION('',(-0.,-0.,-1.));
#1524 = DIRECTION('',(-1.,-1.110223024625E-16,0.));
#1525 = ADVANCED_FACE('',(#1526),#1562,.F.);
#1526 = FACE_BOUND('',#1527,.T.);
#1527 = EDGE_LOOP('',(#1528,#1538,#1547,#1555));
#1528 = ORIENTED_EDGE('',*,*,#1529,.T.);
#1529 = EDGE_CURVE('',#1530,#1532,#1534,.T.);
#1530 = VERTEX_POINT('',#1531);
#1531 = CARTESIAN_POINT('',(1.770002540005,52.490104140208,0.));
#1532 = VERTEX_POINT('',#1533);
#1533 = CARTESIAN_POINT('',(1.770002540005,52.490104140208,
    1.600050800102));
#1534 = LINE('',#1535,#1536);
#1535 = CARTESIAN_POINT('',(1.770002540005,52.490104140208,0.));
#1536 = VECTOR('',#1537,1.);
#1537 = DIRECTION('',(0.,0.,1.));
#1538 = ORIENTED_EDGE('',*,*,#1539,.T.);
#1539 = EDGE_CURVE('',#1532,#1540,#1542,.T.);
#1540 = VERTEX_POINT('',#1541);
#1541 = CARTESIAN_POINT('',(0.770002540005,52.490104140208,
    1.600050800102));
#1542 = CIRCLE('',#1543,0.5);
#1543 = AXIS2_PLACEMENT_3D('',#1544,#1545,#1546);
#1544 = CARTESIAN_POINT('',(1.270002540005,52.490104140208,
    1.600050800102));
#1545 = DIRECTION('',(0.,0.,1.));
#1546 = DIRECTION('',(1.,1.110223024625E-16,-0.));
#1547 = ORIENTED_EDGE('',*,*,#1548,.F.);
#1548 = EDGE_CURVE('',#1549,#1540,#1551,.T.);
#1549 = VERTEX_POINT('',#1550);
#1550 = CARTESIAN_POINT('',(0.770002540005,52.490104140208,0.));
#1551 = LINE('',#1552,#1553);
#1552 = CARTESIAN_POINT('',(0.770002540005,52.490104140208,0.));
#1553 = VECTOR('',#1554,1.);
#1554 = DIRECTION('',(0.,0.,1.));
#1555 = ORIENTED_EDGE('',*,*,#1556,.F.);
#1556 = EDGE_CURVE('',#1530,#1549,#1557,.T.);
#1557 = CIRCLE('',#1558,0.5);
#1558 = AXIS2_PLACEMENT_3D('',#1559,#1560,#1561);
#1559 = CARTESIAN_POINT('',(1.270002540005,52.490104140208,0.));
#1560 = DIRECTION('',(0.,0.,1.));
#1561 = DIRECTION('',(1.,1.110223024625E-16,-0.));
#1562 = CYLINDRICAL_SURFACE('',#1563,0.5);
#1563 = AXIS2_PLACEMENT_3D('',#1564,#1565,#1566);
#1564 = CARTESIAN_POINT('',(1.270002540005,52.490104140208,0.));
#1565 = DIRECTION('',(-0.,-0.,-1.));
#1566 = DIRECTION('',(1.,1.110223024625E-16,-0.));
#1567 = ADVANCED_FACE('',(#1568),#1586,.F.);
#1568 = FACE_BOUND('',#1569,.T.);
#1569 = EDGE_LOOP('',(#1570,#1571,#1578,#1579));
#1570 = ORIENTED_EDGE('',*,*,#1548,.T.);
#1571 = ORIENTED_EDGE('',*,*,#1572,.T.);
#1572 = EDGE_CURVE('',#1540,#1532,#1573,.T.);
#1573 = CIRCLE('',#1574,0.5);
#1574 = AXIS2_PLACEMENT_3D('',#1575,#1576,#1577);
#1575 = CARTESIAN_POINT('',(1.270002540005,52.490104140208,
    1.600050800102));
#1576 = DIRECTION('',(0.,0.,1.));
#1577 = DIRECTION('',(-1.,-1.110223024625E-16,0.));
#1578 = ORIENTED_EDGE('',*,*,#1529,.F.);
#1579 = ORIENTED_EDGE('',*,*,#1580,.F.);
#1580 = EDGE_CURVE('',#1549,#1530,#1581,.T.);
#1581 = CIRCLE('',#1582,0.5);
#1582 = AXIS2_PLACEMENT_3D('',#1583,#1584,#1585);
#1583 = CARTESIAN_POINT('',(1.270002540005,52.490104140208,0.));
#1584 = DIRECTION('',(0.,0.,1.));
#1585 = DIRECTION('',(-1.,-1.110223024625E-16,0.));
#1586 = CYLINDRICAL_SURFACE('',#1587,0.5);
#1587 = AXIS2_PLACEMENT_3D('',#1588,#1589,#1590);
#1588 = CARTESIAN_POINT('',(1.270002540005,52.490104140208,0.));
#1589 = DIRECTION('',(-0.,-0.,-1.));
#1590 = DIRECTION('',(-1.,-1.110223024625E-16,0.));
#1591 = ADVANCED_FACE('',(#1592),#1628,.F.);
#1592 = FACE_BOUND('',#1593,.T.);
#1593 = EDGE_LOOP('',(#1594,#1604,#1613,#1621));
#1594 = ORIENTED_EDGE('',*,*,#1595,.T.);
#1595 = EDGE_CURVE('',#1596,#1598,#1600,.T.);
#1596 = VERTEX_POINT('',#1597);
#1597 = CARTESIAN_POINT('',(1.770002540005,55.030109220218,0.));
#1598 = VERTEX_POINT('',#1599);
#1599 = CARTESIAN_POINT('',(1.770002540005,55.030109220218,
    1.600050800102));
#1600 = LINE('',#1601,#1602);
#1601 = CARTESIAN_POINT('',(1.770002540005,55.030109220218,0.));
#1602 = VECTOR('',#1603,1.);
#1603 = DIRECTION('',(0.,0.,1.));
#1604 = ORIENTED_EDGE('',*,*,#1605,.T.);
#1605 = EDGE_CURVE('',#1598,#1606,#1608,.T.);
#1606 = VERTEX_POINT('',#1607);
#1607 = CARTESIAN_POINT('',(0.770002540005,55.030109220218,
    1.600050800102));
#1608 = CIRCLE('',#1609,0.5);
#1609 = AXIS2_PLACEMENT_3D('',#1610,#1611,#1612);
#1610 = CARTESIAN_POINT('',(1.270002540005,55.030109220218,
    1.600050800102));
#1611 = DIRECTION('',(0.,0.,1.));
#1612 = DIRECTION('',(1.,1.110223024625E-16,-0.));
#1613 = ORIENTED_EDGE('',*,*,#1614,.F.);
#1614 = EDGE_CURVE('',#1615,#1606,#1617,.T.);
#1615 = VERTEX_POINT('',#1616);
#1616 = CARTESIAN_POINT('',(0.770002540005,55.030109220218,0.));
#1617 = LINE('',#1618,#1619);
#1618 = CARTESIAN_POINT('',(0.770002540005,55.030109220218,0.));
#1619 = VECTOR('',#1620,1.);
#1620 = DIRECTION('',(0.,0.,1.));
#1621 = ORIENTED_EDGE('',*,*,#1622,.F.);
#1622 = EDGE_CURVE('',#1596,#1615,#1623,.T.);
#1623 = CIRCLE('',#1624,0.5);
#1624 = AXIS2_PLACEMENT_3D('',#1625,#1626,#1627);
#1625 = CARTESIAN_POINT('',(1.270002540005,55.030109220218,0.));
#1626 = DIRECTION('',(0.,0.,1.));
#1627 = DIRECTION('',(1.,1.110223024625E-16,-0.));
#1628 = CYLINDRICAL_SURFACE('',#1629,0.5);
#1629 = AXIS2_PLACEMENT_3D('',#1630,#1631,#1632);
#1630 = CARTESIAN_POINT('',(1.270002540005,55.030109220218,0.));
#1631 = DIRECTION('',(-0.,-0.,-1.));
#1632 = DIRECTION('',(1.,1.110223024625E-16,-0.));
#1633 = ADVANCED_FACE('',(#1634),#1652,.F.);
#1634 = FACE_BOUND('',#1635,.T.);
#1635 = EDGE_LOOP('',(#1636,#1637,#1644,#1645));
#1636 = ORIENTED_EDGE('',*,*,#1614,.T.);
#1637 = ORIENTED_EDGE('',*,*,#1638,.T.);
#1638 = EDGE_CURVE('',#1606,#1598,#1639,.T.);
#1639 = CIRCLE('',#1640,0.5);
#1640 = AXIS2_PLACEMENT_3D('',#1641,#1642,#1643);
#1641 = CARTESIAN_POINT('',(1.270002540005,55.030109220218,
    1.600050800102));
#1642 = DIRECTION('',(0.,0.,1.));
#1643 = DIRECTION('',(-1.,-1.110223024625E-16,0.));
#1644 = ORIENTED_EDGE('',*,*,#1595,.F.);
#1645 = ORIENTED_EDGE('',*,*,#1646,.F.);
#1646 = EDGE_CURVE('',#1615,#1596,#1647,.T.);
#1647 = CIRCLE('',#1648,0.5);
#1648 = AXIS2_PLACEMENT_3D('',#1649,#1650,#1651);
#1649 = CARTESIAN_POINT('',(1.270002540005,55.030109220218,0.));
#1650 = DIRECTION('',(0.,0.,1.));
#1651 = DIRECTION('',(-1.,-1.110223024625E-16,0.));
#1652 = CYLINDRICAL_SURFACE('',#1653,0.5);
#1653 = AXIS2_PLACEMENT_3D('',#1654,#1655,#1656);
#1654 = CARTESIAN_POINT('',(1.270002540005,55.030109220218,0.));
#1655 = DIRECTION('',(-0.,-0.,-1.));
#1656 = DIRECTION('',(-1.,-1.110223024625E-16,0.));
#1657 = ADVANCED_FACE('',(#1658),#1694,.F.);
#1658 = FACE_BOUND('',#1659,.T.);
#1659 = EDGE_LOOP('',(#1660,#1670,#1679,#1687));
#1660 = ORIENTED_EDGE('',*,*,#1661,.T.);
#1661 = EDGE_CURVE('',#1662,#1664,#1666,.T.);
#1662 = VERTEX_POINT('',#1663);
#1663 = CARTESIAN_POINT('',(1.770002540005,60.110119380239,0.));
#1664 = VERTEX_POINT('',#1665);
#1665 = CARTESIAN_POINT('',(1.770002540005,60.110119380239,
    1.600050800102));
#1666 = LINE('',#1667,#1668);
#1667 = CARTESIAN_POINT('',(1.770002540005,60.110119380239,0.));
#1668 = VECTOR('',#1669,1.);
#1669 = DIRECTION('',(0.,0.,1.));
#1670 = ORIENTED_EDGE('',*,*,#1671,.T.);
#1671 = EDGE_CURVE('',#1664,#1672,#1674,.T.);
#1672 = VERTEX_POINT('',#1673);
#1673 = CARTESIAN_POINT('',(0.770002540005,60.110119380239,
    1.600050800102));
#1674 = CIRCLE('',#1675,0.5);
#1675 = AXIS2_PLACEMENT_3D('',#1676,#1677,#1678);
#1676 = CARTESIAN_POINT('',(1.270002540005,60.110119380239,
    1.600050800102));
#1677 = DIRECTION('',(0.,0.,1.));
#1678 = DIRECTION('',(1.,1.110223024625E-16,-0.));
#1679 = ORIENTED_EDGE('',*,*,#1680,.F.);
#1680 = EDGE_CURVE('',#1681,#1672,#1683,.T.);
#1681 = VERTEX_POINT('',#1682);
#1682 = CARTESIAN_POINT('',(0.770002540005,60.110119380239,0.));
#1683 = LINE('',#1684,#1685);
#1684 = CARTESIAN_POINT('',(0.770002540005,60.110119380239,0.));
#1685 = VECTOR('',#1686,1.);
#1686 = DIRECTION('',(0.,0.,1.));
#1687 = ORIENTED_EDGE('',*,*,#1688,.F.);
#1688 = EDGE_CURVE('',#1662,#1681,#1689,.T.);
#1689 = CIRCLE('',#1690,0.5);
#1690 = AXIS2_PLACEMENT_3D('',#1691,#1692,#1693);
#1691 = CARTESIAN_POINT('',(1.270002540005,60.110119380239,0.));
#1692 = DIRECTION('',(0.,0.,1.));
#1693 = DIRECTION('',(1.,1.110223024625E-16,-0.));
#1694 = CYLINDRICAL_SURFACE('',#1695,0.5);
#1695 = AXIS2_PLACEMENT_3D('',#1696,#1697,#1698);
#1696 = CARTESIAN_POINT('',(1.270002540005,60.110119380239,0.));
#1697 = DIRECTION('',(-0.,-0.,-1.));
#1698 = DIRECTION('',(1.,1.110223024625E-16,-0.));
#1699 = ADVANCED_FACE('',(#1700),#1718,.F.);
#1700 = FACE_BOUND('',#1701,.T.);
#1701 = EDGE_LOOP('',(#1702,#1703,#1710,#1711));
#1702 = ORIENTED_EDGE('',*,*,#1680,.T.);
#1703 = ORIENTED_EDGE('',*,*,#1704,.T.);
#1704 = EDGE_CURVE('',#1672,#1664,#1705,.T.);
#1705 = CIRCLE('',#1706,0.5);
#1706 = AXIS2_PLACEMENT_3D('',#1707,#1708,#1709);
#1707 = CARTESIAN_POINT('',(1.270002540005,60.110119380239,
    1.600050800102));
#1708 = DIRECTION('',(0.,0.,1.));
#1709 = DIRECTION('',(-1.,-1.110223024625E-16,0.));
#1710 = ORIENTED_EDGE('',*,*,#1661,.F.);
#1711 = ORIENTED_EDGE('',*,*,#1712,.F.);
#1712 = EDGE_CURVE('',#1681,#1662,#1713,.T.);
#1713 = CIRCLE('',#1714,0.5);
#1714 = AXIS2_PLACEMENT_3D('',#1715,#1716,#1717);
#1715 = CARTESIAN_POINT('',(1.270002540005,60.110119380239,0.));
#1716 = DIRECTION('',(0.,0.,1.));
#1717 = DIRECTION('',(-1.,-1.110223024625E-16,0.));
#1718 = CYLINDRICAL_SURFACE('',#1719,0.5);
#1719 = AXIS2_PLACEMENT_3D('',#1720,#1721,#1722);
#1720 = CARTESIAN_POINT('',(1.270002540005,60.110119380239,0.));
#1721 = DIRECTION('',(-0.,-0.,-1.));
#1722 = DIRECTION('',(-1.,-1.110223024625E-16,0.));
#1723 = ADVANCED_FACE('',(#1724),#1760,.F.);
#1724 = FACE_BOUND('',#1725,.T.);
#1725 = EDGE_LOOP('',(#1726,#1736,#1745,#1753));
#1726 = ORIENTED_EDGE('',*,*,#1727,.T.);
#1727 = EDGE_CURVE('',#1728,#1730,#1732,.T.);
#1728 = VERTEX_POINT('',#1729);
#1729 = CARTESIAN_POINT('',(1.770002540005,57.570114300229,0.));
#1730 = VERTEX_POINT('',#1731);
#1731 = CARTESIAN_POINT('',(1.770002540005,57.570114300229,
    1.600050800102));
#1732 = LINE('',#1733,#1734);
#1733 = CARTESIAN_POINT('',(1.770002540005,57.570114300229,0.));
#1734 = VECTOR('',#1735,1.);
#1735 = DIRECTION('',(0.,0.,1.));
#1736 = ORIENTED_EDGE('',*,*,#1737,.T.);
#1737 = EDGE_CURVE('',#1730,#1738,#1740,.T.);
#1738 = VERTEX_POINT('',#1739);
#1739 = CARTESIAN_POINT('',(0.770002540005,57.570114300229,
    1.600050800102));
#1740 = CIRCLE('',#1741,0.5);
#1741 = AXIS2_PLACEMENT_3D('',#1742,#1743,#1744);
#1742 = CARTESIAN_POINT('',(1.270002540005,57.570114300229,
    1.600050800102));
#1743 = DIRECTION('',(0.,0.,1.));
#1744 = DIRECTION('',(1.,1.110223024625E-16,-0.));
#1745 = ORIENTED_EDGE('',*,*,#1746,.F.);
#1746 = EDGE_CURVE('',#1747,#1738,#1749,.T.);
#1747 = VERTEX_POINT('',#1748);
#1748 = CARTESIAN_POINT('',(0.770002540005,57.570114300229,0.));
#1749 = LINE('',#1750,#1751);
#1750 = CARTESIAN_POINT('',(0.770002540005,57.570114300229,0.));
#1751 = VECTOR('',#1752,1.);
#1752 = DIRECTION('',(0.,0.,1.));
#1753 = ORIENTED_EDGE('',*,*,#1754,.F.);
#1754 = EDGE_CURVE('',#1728,#1747,#1755,.T.);
#1755 = CIRCLE('',#1756,0.5);
#1756 = AXIS2_PLACEMENT_3D('',#1757,#1758,#1759);
#1757 = CARTESIAN_POINT('',(1.270002540005,57.570114300229,0.));
#1758 = DIRECTION('',(0.,0.,1.));
#1759 = DIRECTION('',(1.,1.110223024625E-16,-0.));
#1760 = CYLINDRICAL_SURFACE('',#1761,0.5);
#1761 = AXIS2_PLACEMENT_3D('',#1762,#1763,#1764);
#1762 = CARTESIAN_POINT('',(1.270002540005,57.570114300229,0.));
#1763 = DIRECTION('',(-0.,-0.,-1.));
#1764 = DIRECTION('',(1.,1.110223024625E-16,-0.));
#1765 = ADVANCED_FACE('',(#1766),#1784,.F.);
#1766 = FACE_BOUND('',#1767,.T.);
#1767 = EDGE_LOOP('',(#1768,#1769,#1776,#1777));
#1768 = ORIENTED_EDGE('',*,*,#1746,.T.);
#1769 = ORIENTED_EDGE('',*,*,#1770,.T.);
#1770 = EDGE_CURVE('',#1738,#1730,#1771,.T.);
#1771 = CIRCLE('',#1772,0.5);
#1772 = AXIS2_PLACEMENT_3D('',#1773,#1774,#1775);
#1773 = CARTESIAN_POINT('',(1.270002540005,57.570114300229,
    1.600050800102));
#1774 = DIRECTION('',(0.,0.,1.));
#1775 = DIRECTION('',(-1.,-1.110223024625E-16,0.));
#1776 = ORIENTED_EDGE('',*,*,#1727,.F.);
#1777 = ORIENTED_EDGE('',*,*,#1778,.F.);
#1778 = EDGE_CURVE('',#1747,#1728,#1779,.T.);
#1779 = CIRCLE('',#1780,0.5);
#1780 = AXIS2_PLACEMENT_3D('',#1781,#1782,#1783);
#1781 = CARTESIAN_POINT('',(1.270002540005,57.570114300229,0.));
#1782 = DIRECTION('',(0.,0.,1.));
#1783 = DIRECTION('',(-1.,-1.110223024625E-16,0.));
#1784 = CYLINDRICAL_SURFACE('',#1785,0.5);
#1785 = AXIS2_PLACEMENT_3D('',#1786,#1787,#1788);
#1786 = CARTESIAN_POINT('',(1.270002540005,57.570114300229,0.));
#1787 = DIRECTION('',(-0.,-0.,-1.));
#1788 = DIRECTION('',(-1.,-1.110223024625E-16,0.));
#1789 = ADVANCED_FACE('',(#1790),#1826,.F.);
#1790 = FACE_BOUND('',#1791,.T.);
#1791 = EDGE_LOOP('',(#1792,#1802,#1811,#1819));
#1792 = ORIENTED_EDGE('',*,*,#1793,.T.);
#1793 = EDGE_CURVE('',#1794,#1796,#1798,.T.);
#1794 = VERTEX_POINT('',#1795);
#1795 = CARTESIAN_POINT('',(4.115008890018,2.75000508001,0.));
#1796 = VERTEX_POINT('',#1797);
#1797 = CARTESIAN_POINT('',(4.115008890018,2.75000508001,1.600050800102)
  );
#1798 = LINE('',#1799,#1800);
#1799 = CARTESIAN_POINT('',(4.115008890018,2.75000508001,0.));
#1800 = VECTOR('',#1801,1.);
#1801 = DIRECTION('',(0.,0.,1.));
#1802 = ORIENTED_EDGE('',*,*,#1803,.T.);
#1803 = EDGE_CURVE('',#1796,#1804,#1806,.T.);
#1804 = VERTEX_POINT('',#1805);
#1805 = CARTESIAN_POINT('',(1.015003810008,2.75000508001,1.600050800102)
  );
#1806 = CIRCLE('',#1807,1.550002540005);
#1807 = AXIS2_PLACEMENT_3D('',#1808,#1809,#1810);
#1808 = CARTESIAN_POINT('',(2.565006350013,2.75000508001,1.600050800102)
  );
#1809 = DIRECTION('',(0.,0.,1.));
#1810 = DIRECTION('',(1.,1.110223024625E-16,-0.));
#1811 = ORIENTED_EDGE('',*,*,#1812,.F.);
#1812 = EDGE_CURVE('',#1813,#1804,#1815,.T.);
#1813 = VERTEX_POINT('',#1814);
#1814 = CARTESIAN_POINT('',(1.015003810008,2.75000508001,0.));
#1815 = LINE('',#1816,#1817);
#1816 = CARTESIAN_POINT('',(1.015003810008,2.75000508001,0.));
#1817 = VECTOR('',#1818,1.);
#1818 = DIRECTION('',(0.,0.,1.));
#1819 = ORIENTED_EDGE('',*,*,#1820,.F.);
#1820 = EDGE_CURVE('',#1794,#1813,#1821,.T.);
#1821 = CIRCLE('',#1822,1.550002540005);
#1822 = AXIS2_PLACEMENT_3D('',#1823,#1824,#1825);
#1823 = CARTESIAN_POINT('',(2.565006350013,2.75000508001,0.));
#1824 = DIRECTION('',(0.,0.,1.));
#1825 = DIRECTION('',(1.,1.110223024625E-16,-0.));
#1826 = CYLINDRICAL_SURFACE('',#1827,1.550002540005);
#1827 = AXIS2_PLACEMENT_3D('',#1828,#1829,#1830);
#1828 = CARTESIAN_POINT('',(2.565006350013,2.75000508001,0.));
#1829 = DIRECTION('',(-0.,-0.,-1.));
#1830 = DIRECTION('',(1.,1.110223024625E-16,-0.));
#1831 = ADVANCED_FACE('',(#1832),#1850,.F.);
#1832 = FACE_BOUND('',#1833,.T.);
#1833 = EDGE_LOOP('',(#1834,#1835,#1842,#1843));
#1834 = ORIENTED_EDGE('',*,*,#1812,.T.);
#1835 = ORIENTED_EDGE('',*,*,#1836,.T.);
#1836 = EDGE_CURVE('',#1804,#1796,#1837,.T.);
#1837 = CIRCLE('',#1838,1.550002540005);
#1838 = AXIS2_PLACEMENT_3D('',#1839,#1840,#1841);
#1839 = CARTESIAN_POINT('',(2.565006350013,2.75000508001,1.600050800102)
  );
#1840 = DIRECTION('',(0.,0.,1.));
#1841 = DIRECTION('',(-1.,-1.110223024625E-16,0.));
#1842 = ORIENTED_EDGE('',*,*,#1793,.F.);
#1843 = ORIENTED_EDGE('',*,*,#1844,.F.);
#1844 = EDGE_CURVE('',#1813,#1794,#1845,.T.);
#1845 = CIRCLE('',#1846,1.550002540005);
#1846 = AXIS2_PLACEMENT_3D('',#1847,#1848,#1849);
#1847 = CARTESIAN_POINT('',(2.565006350013,2.75000508001,0.));
#1848 = DIRECTION('',(0.,0.,1.));
#1849 = DIRECTION('',(-1.,-1.110223024625E-16,0.));
#1850 = CYLINDRICAL_SURFACE('',#1851,1.550002540005);
#1851 = AXIS2_PLACEMENT_3D('',#1852,#1853,#1854);
#1852 = CARTESIAN_POINT('',(2.565006350013,2.75000508001,0.));
#1853 = DIRECTION('',(-0.,-0.,-1.));
#1854 = DIRECTION('',(-1.,-1.110223024625E-16,0.));
#1855 = ADVANCED_FACE('',(#1856),#1892,.F.);
#1856 = FACE_BOUND('',#1857,.T.);
#1857 = EDGE_LOOP('',(#1858,#1868,#1877,#1885));
#1858 = ORIENTED_EDGE('',*,*,#1859,.T.);
#1859 = EDGE_CURVE('',#1860,#1862,#1864,.T.);
#1860 = VERTEX_POINT('',#1861);
#1861 = CARTESIAN_POINT('',(4.115008890018,64.130127000254,0.));
#1862 = VERTEX_POINT('',#1863);
#1863 = CARTESIAN_POINT('',(4.115008890018,64.130127000254,
    1.600050800102));
#1864 = LINE('',#1865,#1866);
#1865 = CARTESIAN_POINT('',(4.115008890018,64.130127000254,0.));
#1866 = VECTOR('',#1867,1.);
#1867 = DIRECTION('',(0.,0.,1.));
#1868 = ORIENTED_EDGE('',*,*,#1869,.T.);
#1869 = EDGE_CURVE('',#1862,#1870,#1872,.T.);
#1870 = VERTEX_POINT('',#1871);
#1871 = CARTESIAN_POINT('',(1.015003810008,64.130127000254,
    1.600050800102));
#1872 = CIRCLE('',#1873,1.550002540005);
#1873 = AXIS2_PLACEMENT_3D('',#1874,#1875,#1876);
#1874 = CARTESIAN_POINT('',(2.565006350013,64.130127000254,
    1.600050800102));
#1875 = DIRECTION('',(0.,0.,1.));
#1876 = DIRECTION('',(1.,1.110223024625E-16,-0.));
#1877 = ORIENTED_EDGE('',*,*,#1878,.F.);
#1878 = EDGE_CURVE('',#1879,#1870,#1881,.T.);
#1879 = VERTEX_POINT('',#1880);
#1880 = CARTESIAN_POINT('',(1.015003810008,64.130127000254,0.));
#1881 = LINE('',#1882,#1883);
#1882 = CARTESIAN_POINT('',(1.015003810008,64.130127000254,0.));
#1883 = VECTOR('',#1884,1.);
#1884 = DIRECTION('',(0.,0.,1.));
#1885 = ORIENTED_EDGE('',*,*,#1886,.F.);
#1886 = EDGE_CURVE('',#1860,#1879,#1887,.T.);
#1887 = CIRCLE('',#1888,1.550002540005);
#1888 = AXIS2_PLACEMENT_3D('',#1889,#1890,#1891);
#1889 = CARTESIAN_POINT('',(2.565006350013,64.130127000254,0.));
#1890 = DIRECTION('',(0.,0.,1.));
#1891 = DIRECTION('',(1.,1.110223024625E-16,-0.));
#1892 = CYLINDRICAL_SURFACE('',#1893,1.550002540005);
#1893 = AXIS2_PLACEMENT_3D('',#1894,#1895,#1896);
#1894 = CARTESIAN_POINT('',(2.565006350013,64.130127000254,0.));
#1895 = DIRECTION('',(-0.,-0.,-1.));
#1896 = DIRECTION('',(1.,1.110223024625E-16,-0.));
#1897 = ADVANCED_FACE('',(#1898),#1916,.F.);
#1898 = FACE_BOUND('',#1899,.T.);
#1899 = EDGE_LOOP('',(#1900,#1901,#1908,#1909));
#1900 = ORIENTED_EDGE('',*,*,#1878,.T.);
#1901 = ORIENTED_EDGE('',*,*,#1902,.T.);
#1902 = EDGE_CURVE('',#1870,#1862,#1903,.T.);
#1903 = CIRCLE('',#1904,1.550002540005);
#1904 = AXIS2_PLACEMENT_3D('',#1905,#1906,#1907);
#1905 = CARTESIAN_POINT('',(2.565006350013,64.130127000254,
    1.600050800102));
#1906 = DIRECTION('',(0.,0.,1.));
#1907 = DIRECTION('',(-1.,-1.110223024625E-16,0.));
#1908 = ORIENTED_EDGE('',*,*,#1859,.F.);
#1909 = ORIENTED_EDGE('',*,*,#1910,.F.);
#1910 = EDGE_CURVE('',#1879,#1860,#1911,.T.);
#1911 = CIRCLE('',#1912,1.550002540005);
#1912 = AXIS2_PLACEMENT_3D('',#1913,#1914,#1915);
#1913 = CARTESIAN_POINT('',(2.565006350013,64.130127000254,0.));
#1914 = DIRECTION('',(0.,0.,1.));
#1915 = DIRECTION('',(-1.,-1.110223024625E-16,0.));
#1916 = CYLINDRICAL_SURFACE('',#1917,1.550002540005);
#1917 = AXIS2_PLACEMENT_3D('',#1918,#1919,#1920);
#1918 = CARTESIAN_POINT('',(2.565006350013,64.130127000254,0.));
#1919 = DIRECTION('',(-0.,-0.,-1.));
#1920 = DIRECTION('',(-1.,-1.110223024625E-16,0.));
#1921 = ADVANCED_FACE('',(#1922),#1958,.F.);
#1922 = FACE_BOUND('',#1923,.T.);
#1923 = EDGE_LOOP('',(#1924,#1934,#1943,#1951));
#1924 = ORIENTED_EDGE('',*,*,#1925,.T.);
#1925 = EDGE_CURVE('',#1926,#1928,#1930,.T.);
#1926 = VERTEX_POINT('',#1927);
#1927 = CARTESIAN_POINT('',(4.310007620015,11.850022860046,0.));
#1928 = VERTEX_POINT('',#1929);
#1929 = CARTESIAN_POINT('',(4.310007620015,11.850022860046,
    1.600050800102));
#1930 = LINE('',#1931,#1932);
#1931 = CARTESIAN_POINT('',(4.310007620015,11.850022860046,0.));
#1932 = VECTOR('',#1933,1.);
#1933 = DIRECTION('',(0.,0.,1.));
#1934 = ORIENTED_EDGE('',*,*,#1935,.T.);
#1935 = EDGE_CURVE('',#1928,#1936,#1938,.T.);
#1936 = VERTEX_POINT('',#1937);
#1937 = CARTESIAN_POINT('',(3.310007620015,11.850022860046,
    1.600050800102));
#1938 = CIRCLE('',#1939,0.5);
#1939 = AXIS2_PLACEMENT_3D('',#1940,#1941,#1942);
#1940 = CARTESIAN_POINT('',(3.810007620015,11.850022860046,
    1.600050800102));
#1941 = DIRECTION('',(0.,0.,1.));
#1942 = DIRECTION('',(1.,1.110223024625E-16,-0.));
#1943 = ORIENTED_EDGE('',*,*,#1944,.F.);
#1944 = EDGE_CURVE('',#1945,#1936,#1947,.T.);
#1945 = VERTEX_POINT('',#1946);
#1946 = CARTESIAN_POINT('',(3.310007620015,11.850022860046,0.));
#1947 = LINE('',#1948,#1949);
#1948 = CARTESIAN_POINT('',(3.310007620015,11.850022860046,0.));
#1949 = VECTOR('',#1950,1.);
#1950 = DIRECTION('',(0.,0.,1.));
#1951 = ORIENTED_EDGE('',*,*,#1952,.F.);
#1952 = EDGE_CURVE('',#1926,#1945,#1953,.T.);
#1953 = CIRCLE('',#1954,0.5);
#1954 = AXIS2_PLACEMENT_3D('',#1955,#1956,#1957);
#1955 = CARTESIAN_POINT('',(3.810007620015,11.850022860046,0.));
#1956 = DIRECTION('',(0.,0.,1.));
#1957 = DIRECTION('',(1.,1.110223024625E-16,-0.));
#1958 = CYLINDRICAL_SURFACE('',#1959,0.5);
#1959 = AXIS2_PLACEMENT_3D('',#1960,#1961,#1962);
#1960 = CARTESIAN_POINT('',(3.810007620015,11.850022860046,0.));
#1961 = DIRECTION('',(-0.,-0.,-1.));
#1962 = DIRECTION('',(1.,1.110223024625E-16,-0.));
#1963 = ADVANCED_FACE('',(#1964),#1982,.F.);
#1964 = FACE_BOUND('',#1965,.T.);
#1965 = EDGE_LOOP('',(#1966,#1967,#1974,#1975));
#1966 = ORIENTED_EDGE('',*,*,#1944,.T.);
#1967 = ORIENTED_EDGE('',*,*,#1968,.T.);
#1968 = EDGE_CURVE('',#1936,#1928,#1969,.T.);
#1969 = CIRCLE('',#1970,0.5);
#1970 = AXIS2_PLACEMENT_3D('',#1971,#1972,#1973);
#1971 = CARTESIAN_POINT('',(3.810007620015,11.850022860046,
    1.600050800102));
#1972 = DIRECTION('',(0.,0.,1.));
#1973 = DIRECTION('',(-1.,-1.110223024625E-16,0.));
#1974 = ORIENTED_EDGE('',*,*,#1925,.F.);
#1975 = ORIENTED_EDGE('',*,*,#1976,.F.);
#1976 = EDGE_CURVE('',#1945,#1926,#1977,.T.);
#1977 = CIRCLE('',#1978,0.5);
#1978 = AXIS2_PLACEMENT_3D('',#1979,#1980,#1981);
#1979 = CARTESIAN_POINT('',(3.810007620015,11.850022860046,0.));
#1980 = DIRECTION('',(0.,0.,1.));
#1981 = DIRECTION('',(-1.,-1.110223024625E-16,0.));
#1982 = CYLINDRICAL_SURFACE('',#1983,0.5);
#1983 = AXIS2_PLACEMENT_3D('',#1984,#1985,#1986);
#1984 = CARTESIAN_POINT('',(3.810007620015,11.850022860046,0.));
#1985 = DIRECTION('',(-0.,-0.,-1.));
#1986 = DIRECTION('',(-1.,-1.110223024625E-16,0.));
#1987 = ADVANCED_FACE('',(#1988),#2024,.F.);
#1988 = FACE_BOUND('',#1989,.T.);
#1989 = EDGE_LOOP('',(#1990,#2000,#2009,#2017));
#1990 = ORIENTED_EDGE('',*,*,#1991,.T.);
#1991 = EDGE_CURVE('',#1992,#1994,#1996,.T.);
#1992 = VERTEX_POINT('',#1993);
#1993 = CARTESIAN_POINT('',(4.310007620015,9.310017780036,0.));
#1994 = VERTEX_POINT('',#1995);
#1995 = CARTESIAN_POINT('',(4.310007620015,9.310017780036,1.600050800102
    ));
#1996 = LINE('',#1997,#1998);
#1997 = CARTESIAN_POINT('',(4.310007620015,9.310017780036,0.));
#1998 = VECTOR('',#1999,1.);
#1999 = DIRECTION('',(0.,0.,1.));
#2000 = ORIENTED_EDGE('',*,*,#2001,.T.);
#2001 = EDGE_CURVE('',#1994,#2002,#2004,.T.);
#2002 = VERTEX_POINT('',#2003);
#2003 = CARTESIAN_POINT('',(3.310007620015,9.310017780036,1.600050800102
    ));
#2004 = CIRCLE('',#2005,0.5);
#2005 = AXIS2_PLACEMENT_3D('',#2006,#2007,#2008);
#2006 = CARTESIAN_POINT('',(3.810007620015,9.310017780036,1.600050800102
    ));
#2007 = DIRECTION('',(0.,0.,1.));
#2008 = DIRECTION('',(1.,1.110223024625E-16,-0.));
#2009 = ORIENTED_EDGE('',*,*,#2010,.F.);
#2010 = EDGE_CURVE('',#2011,#2002,#2013,.T.);
#2011 = VERTEX_POINT('',#2012);
#2012 = CARTESIAN_POINT('',(3.310007620015,9.310017780036,0.));
#2013 = LINE('',#2014,#2015);
#2014 = CARTESIAN_POINT('',(3.310007620015,9.310017780036,0.));
#2015 = VECTOR('',#2016,1.);
#2016 = DIRECTION('',(0.,0.,1.));
#2017 = ORIENTED_EDGE('',*,*,#2018,.F.);
#2018 = EDGE_CURVE('',#1992,#2011,#2019,.T.);
#2019 = CIRCLE('',#2020,0.5);
#2020 = AXIS2_PLACEMENT_3D('',#2021,#2022,#2023);
#2021 = CARTESIAN_POINT('',(3.810007620015,9.310017780036,0.));
#2022 = DIRECTION('',(0.,0.,1.));
#2023 = DIRECTION('',(1.,1.110223024625E-16,-0.));
#2024 = CYLINDRICAL_SURFACE('',#2025,0.5);
#2025 = AXIS2_PLACEMENT_3D('',#2026,#2027,#2028);
#2026 = CARTESIAN_POINT('',(3.810007620015,9.310017780036,0.));
#2027 = DIRECTION('',(-0.,-0.,-1.));
#2028 = DIRECTION('',(1.,1.110223024625E-16,-0.));
#2029 = ADVANCED_FACE('',(#2030),#2048,.F.);
#2030 = FACE_BOUND('',#2031,.T.);
#2031 = EDGE_LOOP('',(#2032,#2033,#2040,#2041));
#2032 = ORIENTED_EDGE('',*,*,#2010,.T.);
#2033 = ORIENTED_EDGE('',*,*,#2034,.T.);
#2034 = EDGE_CURVE('',#2002,#1994,#2035,.T.);
#2035 = CIRCLE('',#2036,0.5);
#2036 = AXIS2_PLACEMENT_3D('',#2037,#2038,#2039);
#2037 = CARTESIAN_POINT('',(3.810007620015,9.310017780036,1.600050800102
    ));
#2038 = DIRECTION('',(0.,0.,1.));
#2039 = DIRECTION('',(-1.,-1.110223024625E-16,0.));
#2040 = ORIENTED_EDGE('',*,*,#1991,.F.);
#2041 = ORIENTED_EDGE('',*,*,#2042,.F.);
#2042 = EDGE_CURVE('',#2011,#1992,#2043,.T.);
#2043 = CIRCLE('',#2044,0.5);
#2044 = AXIS2_PLACEMENT_3D('',#2045,#2046,#2047);
#2045 = CARTESIAN_POINT('',(3.810007620015,9.310017780036,0.));
#2046 = DIRECTION('',(0.,0.,1.));
#2047 = DIRECTION('',(-1.,-1.110223024625E-16,0.));
#2048 = CYLINDRICAL_SURFACE('',#2049,0.5);
#2049 = AXIS2_PLACEMENT_3D('',#2050,#2051,#2052);
#2050 = CARTESIAN_POINT('',(3.810007620015,9.310017780036,0.));
#2051 = DIRECTION('',(-0.,-0.,-1.));
#2052 = DIRECTION('',(-1.,-1.110223024625E-16,0.));
#2053 = ADVANCED_FACE('',(#2054),#2090,.F.);
#2054 = FACE_BOUND('',#2055,.T.);
#2055 = EDGE_LOOP('',(#2056,#2066,#2075,#2083));
#2056 = ORIENTED_EDGE('',*,*,#2057,.T.);
#2057 = EDGE_CURVE('',#2058,#2060,#2062,.T.);
#2058 = VERTEX_POINT('',#2059);
#2059 = CARTESIAN_POINT('',(4.310007620015,6.770012700025,0.));
#2060 = VERTEX_POINT('',#2061);
#2061 = CARTESIAN_POINT('',(4.310007620015,6.770012700025,1.600050800102
    ));
#2062 = LINE('',#2063,#2064);
#2063 = CARTESIAN_POINT('',(4.310007620015,6.770012700025,0.));
#2064 = VECTOR('',#2065,1.);
#2065 = DIRECTION('',(0.,0.,1.));
#2066 = ORIENTED_EDGE('',*,*,#2067,.T.);
#2067 = EDGE_CURVE('',#2060,#2068,#2070,.T.);
#2068 = VERTEX_POINT('',#2069);
#2069 = CARTESIAN_POINT('',(3.310007620015,6.770012700025,1.600050800102
    ));
#2070 = CIRCLE('',#2071,0.5);
#2071 = AXIS2_PLACEMENT_3D('',#2072,#2073,#2074);
#2072 = CARTESIAN_POINT('',(3.810007620015,6.770012700025,1.600050800102
    ));
#2073 = DIRECTION('',(0.,0.,1.));
#2074 = DIRECTION('',(1.,1.110223024625E-16,-0.));
#2075 = ORIENTED_EDGE('',*,*,#2076,.F.);
#2076 = EDGE_CURVE('',#2077,#2068,#2079,.T.);
#2077 = VERTEX_POINT('',#2078);
#2078 = CARTESIAN_POINT('',(3.310007620015,6.770012700025,0.));
#2079 = LINE('',#2080,#2081);
#2080 = CARTESIAN_POINT('',(3.310007620015,6.770012700025,0.));
#2081 = VECTOR('',#2082,1.);
#2082 = DIRECTION('',(0.,0.,1.));
#2083 = ORIENTED_EDGE('',*,*,#2084,.F.);
#2084 = EDGE_CURVE('',#2058,#2077,#2085,.T.);
#2085 = CIRCLE('',#2086,0.5);
#2086 = AXIS2_PLACEMENT_3D('',#2087,#2088,#2089);
#2087 = CARTESIAN_POINT('',(3.810007620015,6.770012700025,0.));
#2088 = DIRECTION('',(0.,0.,1.));
#2089 = DIRECTION('',(1.,1.110223024625E-16,-0.));
#2090 = CYLINDRICAL_SURFACE('',#2091,0.5);
#2091 = AXIS2_PLACEMENT_3D('',#2092,#2093,#2094);
#2092 = CARTESIAN_POINT('',(3.810007620015,6.770012700025,0.));
#2093 = DIRECTION('',(-0.,-0.,-1.));
#2094 = DIRECTION('',(1.,1.110223024625E-16,-0.));
#2095 = ADVANCED_FACE('',(#2096),#2114,.F.);
#2096 = FACE_BOUND('',#2097,.T.);
#2097 = EDGE_LOOP('',(#2098,#2099,#2106,#2107));
#2098 = ORIENTED_EDGE('',*,*,#2076,.T.);
#2099 = ORIENTED_EDGE('',*,*,#2100,.T.);
#2100 = EDGE_CURVE('',#2068,#2060,#2101,.T.);
#2101 = CIRCLE('',#2102,0.5);
#2102 = AXIS2_PLACEMENT_3D('',#2103,#2104,#2105);
#2103 = CARTESIAN_POINT('',(3.810007620015,6.770012700025,1.600050800102
    ));
#2104 = DIRECTION('',(0.,0.,1.));
#2105 = DIRECTION('',(-1.,-1.110223024625E-16,0.));
#2106 = ORIENTED_EDGE('',*,*,#2057,.F.);
#2107 = ORIENTED_EDGE('',*,*,#2108,.F.);
#2108 = EDGE_CURVE('',#2077,#2058,#2109,.T.);
#2109 = CIRCLE('',#2110,0.5);
#2110 = AXIS2_PLACEMENT_3D('',#2111,#2112,#2113);
#2111 = CARTESIAN_POINT('',(3.810007620015,6.770012700025,0.));
#2112 = DIRECTION('',(0.,0.,1.));
#2113 = DIRECTION('',(-1.,-1.110223024625E-16,0.));
#2114 = CYLINDRICAL_SURFACE('',#2115,0.5);
#2115 = AXIS2_PLACEMENT_3D('',#2116,#2117,#2118);
#2116 = CARTESIAN_POINT('',(3.810007620015,6.770012700025,0.));
#2117 = DIRECTION('',(-0.,-0.,-1.));
#2118 = DIRECTION('',(-1.,-1.110223024625E-16,0.));
#2119 = ADVANCED_FACE('',(#2120),#2156,.F.);
#2120 = FACE_BOUND('',#2121,.T.);
#2121 = EDGE_LOOP('',(#2122,#2132,#2141,#2149));
#2122 = ORIENTED_EDGE('',*,*,#2123,.T.);
#2123 = EDGE_CURVE('',#2124,#2126,#2128,.T.);
#2124 = VERTEX_POINT('',#2125);
#2125 = CARTESIAN_POINT('',(4.310007620015,27.090053340107,0.));
#2126 = VERTEX_POINT('',#2127);
#2127 = CARTESIAN_POINT('',(4.310007620015,27.090053340107,
    1.600050800102));
#2128 = LINE('',#2129,#2130);
#2129 = CARTESIAN_POINT('',(4.310007620015,27.090053340107,0.));
#2130 = VECTOR('',#2131,1.);
#2131 = DIRECTION('',(0.,0.,1.));
#2132 = ORIENTED_EDGE('',*,*,#2133,.T.);
#2133 = EDGE_CURVE('',#2126,#2134,#2136,.T.);
#2134 = VERTEX_POINT('',#2135);
#2135 = CARTESIAN_POINT('',(3.310007620015,27.090053340107,
    1.600050800102));
#2136 = CIRCLE('',#2137,0.5);
#2137 = AXIS2_PLACEMENT_3D('',#2138,#2139,#2140);
#2138 = CARTESIAN_POINT('',(3.810007620015,27.090053340107,
    1.600050800102));
#2139 = DIRECTION('',(0.,0.,1.));
#2140 = DIRECTION('',(1.,1.110223024625E-16,-0.));
#2141 = ORIENTED_EDGE('',*,*,#2142,.F.);
#2142 = EDGE_CURVE('',#2143,#2134,#2145,.T.);
#2143 = VERTEX_POINT('',#2144);
#2144 = CARTESIAN_POINT('',(3.310007620015,27.090053340107,0.));
#2145 = LINE('',#2146,#2147);
#2146 = CARTESIAN_POINT('',(3.310007620015,27.090053340107,0.));
#2147 = VECTOR('',#2148,1.);
#2148 = DIRECTION('',(0.,0.,1.));
#2149 = ORIENTED_EDGE('',*,*,#2150,.F.);
#2150 = EDGE_CURVE('',#2124,#2143,#2151,.T.);
#2151 = CIRCLE('',#2152,0.5);
#2152 = AXIS2_PLACEMENT_3D('',#2153,#2154,#2155);
#2153 = CARTESIAN_POINT('',(3.810007620015,27.090053340107,0.));
#2154 = DIRECTION('',(0.,0.,1.));
#2155 = DIRECTION('',(1.,1.110223024625E-16,-0.));
#2156 = CYLINDRICAL_SURFACE('',#2157,0.5);
#2157 = AXIS2_PLACEMENT_3D('',#2158,#2159,#2160);
#2158 = CARTESIAN_POINT('',(3.810007620015,27.090053340107,0.));
#2159 = DIRECTION('',(-0.,-0.,-1.));
#2160 = DIRECTION('',(1.,1.110223024625E-16,-0.));
#2161 = ADVANCED_FACE('',(#2162),#2180,.F.);
#2162 = FACE_BOUND('',#2163,.T.);
#2163 = EDGE_LOOP('',(#2164,#2165,#2172,#2173));
#2164 = ORIENTED_EDGE('',*,*,#2142,.T.);
#2165 = ORIENTED_EDGE('',*,*,#2166,.T.);
#2166 = EDGE_CURVE('',#2134,#2126,#2167,.T.);
#2167 = CIRCLE('',#2168,0.5);
#2168 = AXIS2_PLACEMENT_3D('',#2169,#2170,#2171);
#2169 = CARTESIAN_POINT('',(3.810007620015,27.090053340107,
    1.600050800102));
#2170 = DIRECTION('',(0.,0.,1.));
#2171 = DIRECTION('',(-1.,-1.110223024625E-16,0.));
#2172 = ORIENTED_EDGE('',*,*,#2123,.F.);
#2173 = ORIENTED_EDGE('',*,*,#2174,.F.);
#2174 = EDGE_CURVE('',#2143,#2124,#2175,.T.);
#2175 = CIRCLE('',#2176,0.5);
#2176 = AXIS2_PLACEMENT_3D('',#2177,#2178,#2179);
#2177 = CARTESIAN_POINT('',(3.810007620015,27.090053340107,0.));
#2178 = DIRECTION('',(0.,0.,1.));
#2179 = DIRECTION('',(-1.,-1.110223024625E-16,0.));
#2180 = CYLINDRICAL_SURFACE('',#2181,0.5);
#2181 = AXIS2_PLACEMENT_3D('',#2182,#2183,#2184);
#2182 = CARTESIAN_POINT('',(3.810007620015,27.090053340107,0.));
#2183 = DIRECTION('',(-0.,-0.,-1.));
#2184 = DIRECTION('',(-1.,-1.110223024625E-16,0.));
#2185 = ADVANCED_FACE('',(#2186),#2222,.F.);
#2186 = FACE_BOUND('',#2187,.T.);
#2187 = EDGE_LOOP('',(#2188,#2198,#2207,#2215));
#2188 = ORIENTED_EDGE('',*,*,#2189,.T.);
#2189 = EDGE_CURVE('',#2190,#2192,#2194,.T.);
#2190 = VERTEX_POINT('',#2191);
#2191 = CARTESIAN_POINT('',(4.310007620015,24.550048260097,0.));
#2192 = VERTEX_POINT('',#2193);
#2193 = CARTESIAN_POINT('',(4.310007620015,24.550048260097,
    1.600050800102));
#2194 = LINE('',#2195,#2196);
#2195 = CARTESIAN_POINT('',(4.310007620015,24.550048260097,0.));
#2196 = VECTOR('',#2197,1.);
#2197 = DIRECTION('',(0.,0.,1.));
#2198 = ORIENTED_EDGE('',*,*,#2199,.T.);
#2199 = EDGE_CURVE('',#2192,#2200,#2202,.T.);
#2200 = VERTEX_POINT('',#2201);
#2201 = CARTESIAN_POINT('',(3.310007620015,24.550048260097,
    1.600050800102));
#2202 = CIRCLE('',#2203,0.5);
#2203 = AXIS2_PLACEMENT_3D('',#2204,#2205,#2206);
#2204 = CARTESIAN_POINT('',(3.810007620015,24.550048260097,
    1.600050800102));
#2205 = DIRECTION('',(0.,0.,1.));
#2206 = DIRECTION('',(1.,1.110223024625E-16,-0.));
#2207 = ORIENTED_EDGE('',*,*,#2208,.F.);
#2208 = EDGE_CURVE('',#2209,#2200,#2211,.T.);
#2209 = VERTEX_POINT('',#2210);
#2210 = CARTESIAN_POINT('',(3.310007620015,24.550048260097,0.));
#2211 = LINE('',#2212,#2213);
#2212 = CARTESIAN_POINT('',(3.310007620015,24.550048260097,0.));
#2213 = VECTOR('',#2214,1.);
#2214 = DIRECTION('',(0.,0.,1.));
#2215 = ORIENTED_EDGE('',*,*,#2216,.F.);
#2216 = EDGE_CURVE('',#2190,#2209,#2217,.T.);
#2217 = CIRCLE('',#2218,0.5);
#2218 = AXIS2_PLACEMENT_3D('',#2219,#2220,#2221);
#2219 = CARTESIAN_POINT('',(3.810007620015,24.550048260097,0.));
#2220 = DIRECTION('',(0.,0.,1.));
#2221 = DIRECTION('',(1.,1.110223024625E-16,-0.));
#2222 = CYLINDRICAL_SURFACE('',#2223,0.5);
#2223 = AXIS2_PLACEMENT_3D('',#2224,#2225,#2226);
#2224 = CARTESIAN_POINT('',(3.810007620015,24.550048260097,0.));
#2225 = DIRECTION('',(-0.,-0.,-1.));
#2226 = DIRECTION('',(1.,1.110223024625E-16,-0.));
#2227 = ADVANCED_FACE('',(#2228),#2246,.F.);
#2228 = FACE_BOUND('',#2229,.T.);
#2229 = EDGE_LOOP('',(#2230,#2231,#2238,#2239));
#2230 = ORIENTED_EDGE('',*,*,#2208,.T.);
#2231 = ORIENTED_EDGE('',*,*,#2232,.T.);
#2232 = EDGE_CURVE('',#2200,#2192,#2233,.T.);
#2233 = CIRCLE('',#2234,0.5);
#2234 = AXIS2_PLACEMENT_3D('',#2235,#2236,#2237);
#2235 = CARTESIAN_POINT('',(3.810007620015,24.550048260097,
    1.600050800102));
#2236 = DIRECTION('',(0.,0.,1.));
#2237 = DIRECTION('',(-1.,-1.110223024625E-16,0.));
#2238 = ORIENTED_EDGE('',*,*,#2189,.F.);
#2239 = ORIENTED_EDGE('',*,*,#2240,.F.);
#2240 = EDGE_CURVE('',#2209,#2190,#2241,.T.);
#2241 = CIRCLE('',#2242,0.5);
#2242 = AXIS2_PLACEMENT_3D('',#2243,#2244,#2245);
#2243 = CARTESIAN_POINT('',(3.810007620015,24.550048260097,0.));
#2244 = DIRECTION('',(0.,0.,1.));
#2245 = DIRECTION('',(-1.,-1.110223024625E-16,0.));
#2246 = CYLINDRICAL_SURFACE('',#2247,0.5);
#2247 = AXIS2_PLACEMENT_3D('',#2248,#2249,#2250);
#2248 = CARTESIAN_POINT('',(3.810007620015,24.550048260097,0.));
#2249 = DIRECTION('',(-0.,-0.,-1.));
#2250 = DIRECTION('',(-1.,-1.110223024625E-16,0.));
#2251 = ADVANCED_FACE('',(#2252),#2288,.F.);
#2252 = FACE_BOUND('',#2253,.T.);
#2253 = EDGE_LOOP('',(#2254,#2264,#2273,#2281));
#2254 = ORIENTED_EDGE('',*,*,#2255,.T.);
#2255 = EDGE_CURVE('',#2256,#2258,#2260,.T.);
#2256 = VERTEX_POINT('',#2257);
#2257 = CARTESIAN_POINT('',(4.310007620015,22.010043180086,0.));
#2258 = VERTEX_POINT('',#2259);
#2259 = CARTESIAN_POINT('',(4.310007620015,22.010043180086,
    1.600050800102));
#2260 = LINE('',#2261,#2262);
#2261 = CARTESIAN_POINT('',(4.310007620015,22.010043180086,0.));
#2262 = VECTOR('',#2263,1.);
#2263 = DIRECTION('',(0.,0.,1.));
#2264 = ORIENTED_EDGE('',*,*,#2265,.T.);
#2265 = EDGE_CURVE('',#2258,#2266,#2268,.T.);
#2266 = VERTEX_POINT('',#2267);
#2267 = CARTESIAN_POINT('',(3.310007620015,22.010043180086,
    1.600050800102));
#2268 = CIRCLE('',#2269,0.5);
#2269 = AXIS2_PLACEMENT_3D('',#2270,#2271,#2272);
#2270 = CARTESIAN_POINT('',(3.810007620015,22.010043180086,
    1.600050800102));
#2271 = DIRECTION('',(0.,0.,1.));
#2272 = DIRECTION('',(1.,1.110223024625E-16,-0.));
#2273 = ORIENTED_EDGE('',*,*,#2274,.F.);
#2274 = EDGE_CURVE('',#2275,#2266,#2277,.T.);
#2275 = VERTEX_POINT('',#2276);
#2276 = CARTESIAN_POINT('',(3.310007620015,22.010043180086,0.));
#2277 = LINE('',#2278,#2279);
#2278 = CARTESIAN_POINT('',(3.310007620015,22.010043180086,0.));
#2279 = VECTOR('',#2280,1.);
#2280 = DIRECTION('',(0.,0.,1.));
#2281 = ORIENTED_EDGE('',*,*,#2282,.F.);
#2282 = EDGE_CURVE('',#2256,#2275,#2283,.T.);
#2283 = CIRCLE('',#2284,0.5);
#2284 = AXIS2_PLACEMENT_3D('',#2285,#2286,#2287);
#2285 = CARTESIAN_POINT('',(3.810007620015,22.010043180086,0.));
#2286 = DIRECTION('',(0.,0.,1.));
#2287 = DIRECTION('',(1.,1.110223024625E-16,-0.));
#2288 = CYLINDRICAL_SURFACE('',#2289,0.5);
#2289 = AXIS2_PLACEMENT_3D('',#2290,#2291,#2292);
#2290 = CARTESIAN_POINT('',(3.810007620015,22.010043180086,0.));
#2291 = DIRECTION('',(-0.,-0.,-1.));
#2292 = DIRECTION('',(1.,1.110223024625E-16,-0.));
#2293 = ADVANCED_FACE('',(#2294),#2312,.F.);
#2294 = FACE_BOUND('',#2295,.T.);
#2295 = EDGE_LOOP('',(#2296,#2297,#2304,#2305));
#2296 = ORIENTED_EDGE('',*,*,#2274,.T.);
#2297 = ORIENTED_EDGE('',*,*,#2298,.T.);
#2298 = EDGE_CURVE('',#2266,#2258,#2299,.T.);
#2299 = CIRCLE('',#2300,0.5);
#2300 = AXIS2_PLACEMENT_3D('',#2301,#2302,#2303);
#2301 = CARTESIAN_POINT('',(3.810007620015,22.010043180086,
    1.600050800102));
#2302 = DIRECTION('',(0.,0.,1.));
#2303 = DIRECTION('',(-1.,-1.110223024625E-16,0.));
#2304 = ORIENTED_EDGE('',*,*,#2255,.F.);
#2305 = ORIENTED_EDGE('',*,*,#2306,.F.);
#2306 = EDGE_CURVE('',#2275,#2256,#2307,.T.);
#2307 = CIRCLE('',#2308,0.5);
#2308 = AXIS2_PLACEMENT_3D('',#2309,#2310,#2311);
#2309 = CARTESIAN_POINT('',(3.810007620015,22.010043180086,0.));
#2310 = DIRECTION('',(0.,0.,1.));
#2311 = DIRECTION('',(-1.,-1.110223024625E-16,0.));
#2312 = CYLINDRICAL_SURFACE('',#2313,0.5);
#2313 = AXIS2_PLACEMENT_3D('',#2314,#2315,#2316);
#2314 = CARTESIAN_POINT('',(3.810007620015,22.010043180086,0.));
#2315 = DIRECTION('',(-0.,-0.,-1.));
#2316 = DIRECTION('',(-1.,-1.110223024625E-16,0.));
#2317 = ADVANCED_FACE('',(#2318),#2354,.F.);
#2318 = FACE_BOUND('',#2319,.T.);
#2319 = EDGE_LOOP('',(#2320,#2330,#2339,#2347));
#2320 = ORIENTED_EDGE('',*,*,#2321,.T.);
#2321 = EDGE_CURVE('',#2322,#2324,#2326,.T.);
#2322 = VERTEX_POINT('',#2323);
#2323 = CARTESIAN_POINT('',(4.310007620015,19.470038100076,0.));
#2324 = VERTEX_POINT('',#2325);
#2325 = CARTESIAN_POINT('',(4.310007620015,19.470038100076,
    1.600050800102));
#2326 = LINE('',#2327,#2328);
#2327 = CARTESIAN_POINT('',(4.310007620015,19.470038100076,0.));
#2328 = VECTOR('',#2329,1.);
#2329 = DIRECTION('',(0.,0.,1.));
#2330 = ORIENTED_EDGE('',*,*,#2331,.T.);
#2331 = EDGE_CURVE('',#2324,#2332,#2334,.T.);
#2332 = VERTEX_POINT('',#2333);
#2333 = CARTESIAN_POINT('',(3.310007620015,19.470038100076,
    1.600050800102));
#2334 = CIRCLE('',#2335,0.5);
#2335 = AXIS2_PLACEMENT_3D('',#2336,#2337,#2338);
#2336 = CARTESIAN_POINT('',(3.810007620015,19.470038100076,
    1.600050800102));
#2337 = DIRECTION('',(0.,0.,1.));
#2338 = DIRECTION('',(1.,1.110223024625E-16,-0.));
#2339 = ORIENTED_EDGE('',*,*,#2340,.F.);
#2340 = EDGE_CURVE('',#2341,#2332,#2343,.T.);
#2341 = VERTEX_POINT('',#2342);
#2342 = CARTESIAN_POINT('',(3.310007620015,19.470038100076,0.));
#2343 = LINE('',#2344,#2345);
#2344 = CARTESIAN_POINT('',(3.310007620015,19.470038100076,0.));
#2345 = VECTOR('',#2346,1.);
#2346 = DIRECTION('',(0.,0.,1.));
#2347 = ORIENTED_EDGE('',*,*,#2348,.F.);
#2348 = EDGE_CURVE('',#2322,#2341,#2349,.T.);
#2349 = CIRCLE('',#2350,0.5);
#2350 = AXIS2_PLACEMENT_3D('',#2351,#2352,#2353);
#2351 = CARTESIAN_POINT('',(3.810007620015,19.470038100076,0.));
#2352 = DIRECTION('',(0.,0.,1.));
#2353 = DIRECTION('',(1.,1.110223024625E-16,-0.));
#2354 = CYLINDRICAL_SURFACE('',#2355,0.5);
#2355 = AXIS2_PLACEMENT_3D('',#2356,#2357,#2358);
#2356 = CARTESIAN_POINT('',(3.810007620015,19.470038100076,0.));
#2357 = DIRECTION('',(-0.,-0.,-1.));
#2358 = DIRECTION('',(1.,1.110223024625E-16,-0.));
#2359 = ADVANCED_FACE('',(#2360),#2378,.F.);
#2360 = FACE_BOUND('',#2361,.T.);
#2361 = EDGE_LOOP('',(#2362,#2363,#2370,#2371));
#2362 = ORIENTED_EDGE('',*,*,#2340,.T.);
#2363 = ORIENTED_EDGE('',*,*,#2364,.T.);
#2364 = EDGE_CURVE('',#2332,#2324,#2365,.T.);
#2365 = CIRCLE('',#2366,0.5);
#2366 = AXIS2_PLACEMENT_3D('',#2367,#2368,#2369);
#2367 = CARTESIAN_POINT('',(3.810007620015,19.470038100076,
    1.600050800102));
#2368 = DIRECTION('',(0.,0.,1.));
#2369 = DIRECTION('',(-1.,-1.110223024625E-16,0.));
#2370 = ORIENTED_EDGE('',*,*,#2321,.F.);
#2371 = ORIENTED_EDGE('',*,*,#2372,.F.);
#2372 = EDGE_CURVE('',#2341,#2322,#2373,.T.);
#2373 = CIRCLE('',#2374,0.5);
#2374 = AXIS2_PLACEMENT_3D('',#2375,#2376,#2377);
#2375 = CARTESIAN_POINT('',(3.810007620015,19.470038100076,0.));
#2376 = DIRECTION('',(0.,0.,1.));
#2377 = DIRECTION('',(-1.,-1.110223024625E-16,0.));
#2378 = CYLINDRICAL_SURFACE('',#2379,0.5);
#2379 = AXIS2_PLACEMENT_3D('',#2380,#2381,#2382);
#2380 = CARTESIAN_POINT('',(3.810007620015,19.470038100076,0.));
#2381 = DIRECTION('',(-0.,-0.,-1.));
#2382 = DIRECTION('',(-1.,-1.110223024625E-16,0.));
#2383 = ADVANCED_FACE('',(#2384),#2420,.F.);
#2384 = FACE_BOUND('',#2385,.T.);
#2385 = EDGE_LOOP('',(#2386,#2396,#2405,#2413));
#2386 = ORIENTED_EDGE('',*,*,#2387,.T.);
#2387 = EDGE_CURVE('',#2388,#2390,#2392,.T.);
#2388 = VERTEX_POINT('',#2389);
#2389 = CARTESIAN_POINT('',(4.310007620015,16.930033020066,0.));
#2390 = VERTEX_POINT('',#2391);
#2391 = CARTESIAN_POINT('',(4.310007620015,16.930033020066,
    1.600050800102));
#2392 = LINE('',#2393,#2394);
#2393 = CARTESIAN_POINT('',(4.310007620015,16.930033020066,0.));
#2394 = VECTOR('',#2395,1.);
#2395 = DIRECTION('',(0.,0.,1.));
#2396 = ORIENTED_EDGE('',*,*,#2397,.T.);
#2397 = EDGE_CURVE('',#2390,#2398,#2400,.T.);
#2398 = VERTEX_POINT('',#2399);
#2399 = CARTESIAN_POINT('',(3.310007620015,16.930033020066,
    1.600050800102));
#2400 = CIRCLE('',#2401,0.5);
#2401 = AXIS2_PLACEMENT_3D('',#2402,#2403,#2404);
#2402 = CARTESIAN_POINT('',(3.810007620015,16.930033020066,
    1.600050800102));
#2403 = DIRECTION('',(0.,0.,1.));
#2404 = DIRECTION('',(1.,1.110223024625E-16,-0.));
#2405 = ORIENTED_EDGE('',*,*,#2406,.F.);
#2406 = EDGE_CURVE('',#2407,#2398,#2409,.T.);
#2407 = VERTEX_POINT('',#2408);
#2408 = CARTESIAN_POINT('',(3.310007620015,16.930033020066,0.));
#2409 = LINE('',#2410,#2411);
#2410 = CARTESIAN_POINT('',(3.310007620015,16.930033020066,0.));
#2411 = VECTOR('',#2412,1.);
#2412 = DIRECTION('',(0.,0.,1.));
#2413 = ORIENTED_EDGE('',*,*,#2414,.F.);
#2414 = EDGE_CURVE('',#2388,#2407,#2415,.T.);
#2415 = CIRCLE('',#2416,0.5);
#2416 = AXIS2_PLACEMENT_3D('',#2417,#2418,#2419);
#2417 = CARTESIAN_POINT('',(3.810007620015,16.930033020066,0.));
#2418 = DIRECTION('',(0.,0.,1.));
#2419 = DIRECTION('',(1.,1.110223024625E-16,-0.));
#2420 = CYLINDRICAL_SURFACE('',#2421,0.5);
#2421 = AXIS2_PLACEMENT_3D('',#2422,#2423,#2424);
#2422 = CARTESIAN_POINT('',(3.810007620015,16.930033020066,0.));
#2423 = DIRECTION('',(-0.,-0.,-1.));
#2424 = DIRECTION('',(1.,1.110223024625E-16,-0.));
#2425 = ADVANCED_FACE('',(#2426),#2444,.F.);
#2426 = FACE_BOUND('',#2427,.T.);
#2427 = EDGE_LOOP('',(#2428,#2429,#2436,#2437));
#2428 = ORIENTED_EDGE('',*,*,#2406,.T.);
#2429 = ORIENTED_EDGE('',*,*,#2430,.T.);
#2430 = EDGE_CURVE('',#2398,#2390,#2431,.T.);
#2431 = CIRCLE('',#2432,0.5);
#2432 = AXIS2_PLACEMENT_3D('',#2433,#2434,#2435);
#2433 = CARTESIAN_POINT('',(3.810007620015,16.930033020066,
    1.600050800102));
#2434 = DIRECTION('',(0.,0.,1.));
#2435 = DIRECTION('',(-1.,-1.110223024625E-16,0.));
#2436 = ORIENTED_EDGE('',*,*,#2387,.F.);
#2437 = ORIENTED_EDGE('',*,*,#2438,.F.);
#2438 = EDGE_CURVE('',#2407,#2388,#2439,.T.);
#2439 = CIRCLE('',#2440,0.5);
#2440 = AXIS2_PLACEMENT_3D('',#2441,#2442,#2443);
#2441 = CARTESIAN_POINT('',(3.810007620015,16.930033020066,0.));
#2442 = DIRECTION('',(0.,0.,1.));
#2443 = DIRECTION('',(-1.,-1.110223024625E-16,0.));
#2444 = CYLINDRICAL_SURFACE('',#2445,0.5);
#2445 = AXIS2_PLACEMENT_3D('',#2446,#2447,#2448);
#2446 = CARTESIAN_POINT('',(3.810007620015,16.930033020066,0.));
#2447 = DIRECTION('',(-0.,-0.,-1.));
#2448 = DIRECTION('',(-1.,-1.110223024625E-16,0.));
#2449 = ADVANCED_FACE('',(#2450),#2486,.F.);
#2450 = FACE_BOUND('',#2451,.T.);
#2451 = EDGE_LOOP('',(#2452,#2462,#2471,#2479));
#2452 = ORIENTED_EDGE('',*,*,#2453,.T.);
#2453 = EDGE_CURVE('',#2454,#2456,#2458,.T.);
#2454 = VERTEX_POINT('',#2455);
#2455 = CARTESIAN_POINT('',(4.310007620015,14.390027940056,0.));
#2456 = VERTEX_POINT('',#2457);
#2457 = CARTESIAN_POINT('',(4.310007620015,14.390027940056,
    1.600050800102));
#2458 = LINE('',#2459,#2460);
#2459 = CARTESIAN_POINT('',(4.310007620015,14.390027940056,0.));
#2460 = VECTOR('',#2461,1.);
#2461 = DIRECTION('',(0.,0.,1.));
#2462 = ORIENTED_EDGE('',*,*,#2463,.T.);
#2463 = EDGE_CURVE('',#2456,#2464,#2466,.T.);
#2464 = VERTEX_POINT('',#2465);
#2465 = CARTESIAN_POINT('',(3.310007620015,14.390027940056,
    1.600050800102));
#2466 = CIRCLE('',#2467,0.5);
#2467 = AXIS2_PLACEMENT_3D('',#2468,#2469,#2470);
#2468 = CARTESIAN_POINT('',(3.810007620015,14.390027940056,
    1.600050800102));
#2469 = DIRECTION('',(0.,0.,1.));
#2470 = DIRECTION('',(1.,1.110223024625E-16,-0.));
#2471 = ORIENTED_EDGE('',*,*,#2472,.F.);
#2472 = EDGE_CURVE('',#2473,#2464,#2475,.T.);
#2473 = VERTEX_POINT('',#2474);
#2474 = CARTESIAN_POINT('',(3.310007620015,14.390027940056,0.));
#2475 = LINE('',#2476,#2477);
#2476 = CARTESIAN_POINT('',(3.310007620015,14.390027940056,0.));
#2477 = VECTOR('',#2478,1.);
#2478 = DIRECTION('',(0.,0.,1.));
#2479 = ORIENTED_EDGE('',*,*,#2480,.F.);
#2480 = EDGE_CURVE('',#2454,#2473,#2481,.T.);
#2481 = CIRCLE('',#2482,0.5);
#2482 = AXIS2_PLACEMENT_3D('',#2483,#2484,#2485);
#2483 = CARTESIAN_POINT('',(3.810007620015,14.390027940056,0.));
#2484 = DIRECTION('',(0.,0.,1.));
#2485 = DIRECTION('',(1.,1.110223024625E-16,-0.));
#2486 = CYLINDRICAL_SURFACE('',#2487,0.5);
#2487 = AXIS2_PLACEMENT_3D('',#2488,#2489,#2490);
#2488 = CARTESIAN_POINT('',(3.810007620015,14.390027940056,0.));
#2489 = DIRECTION('',(-0.,-0.,-1.));
#2490 = DIRECTION('',(1.,1.110223024625E-16,-0.));
#2491 = ADVANCED_FACE('',(#2492),#2510,.F.);
#2492 = FACE_BOUND('',#2493,.T.);
#2493 = EDGE_LOOP('',(#2494,#2495,#2502,#2503));
#2494 = ORIENTED_EDGE('',*,*,#2472,.T.);
#2495 = ORIENTED_EDGE('',*,*,#2496,.T.);
#2496 = EDGE_CURVE('',#2464,#2456,#2497,.T.);
#2497 = CIRCLE('',#2498,0.5);
#2498 = AXIS2_PLACEMENT_3D('',#2499,#2500,#2501);
#2499 = CARTESIAN_POINT('',(3.810007620015,14.390027940056,
    1.600050800102));
#2500 = DIRECTION('',(0.,0.,1.));
#2501 = DIRECTION('',(-1.,-1.110223024625E-16,0.));
#2502 = ORIENTED_EDGE('',*,*,#2453,.F.);
#2503 = ORIENTED_EDGE('',*,*,#2504,.F.);
#2504 = EDGE_CURVE('',#2473,#2454,#2505,.T.);
#2505 = CIRCLE('',#2506,0.5);
#2506 = AXIS2_PLACEMENT_3D('',#2507,#2508,#2509);
#2507 = CARTESIAN_POINT('',(3.810007620015,14.390027940056,0.));
#2508 = DIRECTION('',(0.,0.,1.));
#2509 = DIRECTION('',(-1.,-1.110223024625E-16,0.));
#2510 = CYLINDRICAL_SURFACE('',#2511,0.5);
#2511 = AXIS2_PLACEMENT_3D('',#2512,#2513,#2514);
#2512 = CARTESIAN_POINT('',(3.810007620015,14.390027940056,0.));
#2513 = DIRECTION('',(-0.,-0.,-1.));
#2514 = DIRECTION('',(-1.,-1.110223024625E-16,0.));
#2515 = ADVANCED_FACE('',(#2516),#2552,.F.);
#2516 = FACE_BOUND('',#2517,.T.);
#2517 = EDGE_LOOP('',(#2518,#2528,#2537,#2545));
#2518 = ORIENTED_EDGE('',*,*,#2519,.T.);
#2519 = EDGE_CURVE('',#2520,#2522,#2524,.T.);
#2520 = VERTEX_POINT('',#2521);
#2521 = CARTESIAN_POINT('',(4.310007620015,32.170063500127,0.));
#2522 = VERTEX_POINT('',#2523);
#2523 = CARTESIAN_POINT('',(4.310007620015,32.170063500127,
    1.600050800102));
#2524 = LINE('',#2525,#2526);
#2525 = CARTESIAN_POINT('',(4.310007620015,32.170063500127,0.));
#2526 = VECTOR('',#2527,1.);
#2527 = DIRECTION('',(0.,0.,1.));
#2528 = ORIENTED_EDGE('',*,*,#2529,.T.);
#2529 = EDGE_CURVE('',#2522,#2530,#2532,.T.);
#2530 = VERTEX_POINT('',#2531);
#2531 = CARTESIAN_POINT('',(3.310007620015,32.170063500127,
    1.600050800102));
#2532 = CIRCLE('',#2533,0.5);
#2533 = AXIS2_PLACEMENT_3D('',#2534,#2535,#2536);
#2534 = CARTESIAN_POINT('',(3.810007620015,32.170063500127,
    1.600050800102));
#2535 = DIRECTION('',(0.,0.,1.));
#2536 = DIRECTION('',(1.,1.110223024625E-16,-0.));
#2537 = ORIENTED_EDGE('',*,*,#2538,.F.);
#2538 = EDGE_CURVE('',#2539,#2530,#2541,.T.);
#2539 = VERTEX_POINT('',#2540);
#2540 = CARTESIAN_POINT('',(3.310007620015,32.170063500127,0.));
#2541 = LINE('',#2542,#2543);
#2542 = CARTESIAN_POINT('',(3.310007620015,32.170063500127,0.));
#2543 = VECTOR('',#2544,1.);
#2544 = DIRECTION('',(0.,0.,1.));
#2545 = ORIENTED_EDGE('',*,*,#2546,.F.);
#2546 = EDGE_CURVE('',#2520,#2539,#2547,.T.);
#2547 = CIRCLE('',#2548,0.5);
#2548 = AXIS2_PLACEMENT_3D('',#2549,#2550,#2551);
#2549 = CARTESIAN_POINT('',(3.810007620015,32.170063500127,0.));
#2550 = DIRECTION('',(0.,0.,1.));
#2551 = DIRECTION('',(1.,1.110223024625E-16,-0.));
#2552 = CYLINDRICAL_SURFACE('',#2553,0.5);
#2553 = AXIS2_PLACEMENT_3D('',#2554,#2555,#2556);
#2554 = CARTESIAN_POINT('',(3.810007620015,32.170063500127,0.));
#2555 = DIRECTION('',(-0.,-0.,-1.));
#2556 = DIRECTION('',(1.,1.110223024625E-16,-0.));
#2557 = ADVANCED_FACE('',(#2558),#2576,.F.);
#2558 = FACE_BOUND('',#2559,.T.);
#2559 = EDGE_LOOP('',(#2560,#2561,#2568,#2569));
#2560 = ORIENTED_EDGE('',*,*,#2538,.T.);
#2561 = ORIENTED_EDGE('',*,*,#2562,.T.);
#2562 = EDGE_CURVE('',#2530,#2522,#2563,.T.);
#2563 = CIRCLE('',#2564,0.5);
#2564 = AXIS2_PLACEMENT_3D('',#2565,#2566,#2567);
#2565 = CARTESIAN_POINT('',(3.810007620015,32.170063500127,
    1.600050800102));
#2566 = DIRECTION('',(0.,0.,1.));
#2567 = DIRECTION('',(-1.,-1.110223024625E-16,0.));
#2568 = ORIENTED_EDGE('',*,*,#2519,.F.);
#2569 = ORIENTED_EDGE('',*,*,#2570,.F.);
#2570 = EDGE_CURVE('',#2539,#2520,#2571,.T.);
#2571 = CIRCLE('',#2572,0.5);
#2572 = AXIS2_PLACEMENT_3D('',#2573,#2574,#2575);
#2573 = CARTESIAN_POINT('',(3.810007620015,32.170063500127,0.));
#2574 = DIRECTION('',(0.,0.,1.));
#2575 = DIRECTION('',(-1.,-1.110223024625E-16,0.));
#2576 = CYLINDRICAL_SURFACE('',#2577,0.5);
#2577 = AXIS2_PLACEMENT_3D('',#2578,#2579,#2580);
#2578 = CARTESIAN_POINT('',(3.810007620015,32.170063500127,0.));
#2579 = DIRECTION('',(-0.,-0.,-1.));
#2580 = DIRECTION('',(-1.,-1.110223024625E-16,0.));
#2581 = ADVANCED_FACE('',(#2582),#2618,.F.);
#2582 = FACE_BOUND('',#2583,.T.);
#2583 = EDGE_LOOP('',(#2584,#2594,#2603,#2611));
#2584 = ORIENTED_EDGE('',*,*,#2585,.T.);
#2585 = EDGE_CURVE('',#2586,#2588,#2590,.T.);
#2586 = VERTEX_POINT('',#2587);
#2587 = CARTESIAN_POINT('',(4.310007620015,29.630058420117,0.));
#2588 = VERTEX_POINT('',#2589);
#2589 = CARTESIAN_POINT('',(4.310007620015,29.630058420117,
    1.600050800102));
#2590 = LINE('',#2591,#2592);
#2591 = CARTESIAN_POINT('',(4.310007620015,29.630058420117,0.));
#2592 = VECTOR('',#2593,1.);
#2593 = DIRECTION('',(0.,0.,1.));
#2594 = ORIENTED_EDGE('',*,*,#2595,.T.);
#2595 = EDGE_CURVE('',#2588,#2596,#2598,.T.);
#2596 = VERTEX_POINT('',#2597);
#2597 = CARTESIAN_POINT('',(3.310007620015,29.630058420117,
    1.600050800102));
#2598 = CIRCLE('',#2599,0.5);
#2599 = AXIS2_PLACEMENT_3D('',#2600,#2601,#2602);
#2600 = CARTESIAN_POINT('',(3.810007620015,29.630058420117,
    1.600050800102));
#2601 = DIRECTION('',(0.,0.,1.));
#2602 = DIRECTION('',(1.,1.110223024625E-16,-0.));
#2603 = ORIENTED_EDGE('',*,*,#2604,.F.);
#2604 = EDGE_CURVE('',#2605,#2596,#2607,.T.);
#2605 = VERTEX_POINT('',#2606);
#2606 = CARTESIAN_POINT('',(3.310007620015,29.630058420117,0.));
#2607 = LINE('',#2608,#2609);
#2608 = CARTESIAN_POINT('',(3.310007620015,29.630058420117,0.));
#2609 = VECTOR('',#2610,1.);
#2610 = DIRECTION('',(0.,0.,1.));
#2611 = ORIENTED_EDGE('',*,*,#2612,.F.);
#2612 = EDGE_CURVE('',#2586,#2605,#2613,.T.);
#2613 = CIRCLE('',#2614,0.5);
#2614 = AXIS2_PLACEMENT_3D('',#2615,#2616,#2617);
#2615 = CARTESIAN_POINT('',(3.810007620015,29.630058420117,0.));
#2616 = DIRECTION('',(0.,0.,1.));
#2617 = DIRECTION('',(1.,1.110223024625E-16,-0.));
#2618 = CYLINDRICAL_SURFACE('',#2619,0.5);
#2619 = AXIS2_PLACEMENT_3D('',#2620,#2621,#2622);
#2620 = CARTESIAN_POINT('',(3.810007620015,29.630058420117,0.));
#2621 = DIRECTION('',(-0.,-0.,-1.));
#2622 = DIRECTION('',(1.,1.110223024625E-16,-0.));
#2623 = ADVANCED_FACE('',(#2624),#2642,.F.);
#2624 = FACE_BOUND('',#2625,.T.);
#2625 = EDGE_LOOP('',(#2626,#2627,#2634,#2635));
#2626 = ORIENTED_EDGE('',*,*,#2604,.T.);
#2627 = ORIENTED_EDGE('',*,*,#2628,.T.);
#2628 = EDGE_CURVE('',#2596,#2588,#2629,.T.);
#2629 = CIRCLE('',#2630,0.5);
#2630 = AXIS2_PLACEMENT_3D('',#2631,#2632,#2633);
#2631 = CARTESIAN_POINT('',(3.810007620015,29.630058420117,
    1.600050800102));
#2632 = DIRECTION('',(0.,0.,1.));
#2633 = DIRECTION('',(-1.,-1.110223024625E-16,0.));
#2634 = ORIENTED_EDGE('',*,*,#2585,.F.);
#2635 = ORIENTED_EDGE('',*,*,#2636,.F.);
#2636 = EDGE_CURVE('',#2605,#2586,#2637,.T.);
#2637 = CIRCLE('',#2638,0.5);
#2638 = AXIS2_PLACEMENT_3D('',#2639,#2640,#2641);
#2639 = CARTESIAN_POINT('',(3.810007620015,29.630058420117,0.));
#2640 = DIRECTION('',(0.,0.,1.));
#2641 = DIRECTION('',(-1.,-1.110223024625E-16,0.));
#2642 = CYLINDRICAL_SURFACE('',#2643,0.5);
#2643 = AXIS2_PLACEMENT_3D('',#2644,#2645,#2646);
#2644 = CARTESIAN_POINT('',(3.810007620015,29.630058420117,0.));
#2645 = DIRECTION('',(-0.,-0.,-1.));
#2646 = DIRECTION('',(-1.,-1.110223024625E-16,0.));
#2647 = ADVANCED_FACE('',(#2648),#2684,.F.);
#2648 = FACE_BOUND('',#2649,.T.);
#2649 = EDGE_LOOP('',(#2650,#2660,#2669,#2677));
#2650 = ORIENTED_EDGE('',*,*,#2651,.T.);
#2651 = EDGE_CURVE('',#2652,#2654,#2656,.T.);
#2652 = VERTEX_POINT('',#2653);
#2653 = CARTESIAN_POINT('',(4.310007620015,37.250073660147,0.));
#2654 = VERTEX_POINT('',#2655);
#2655 = CARTESIAN_POINT('',(4.310007620015,37.250073660147,
    1.600050800102));
#2656 = LINE('',#2657,#2658);
#2657 = CARTESIAN_POINT('',(4.310007620015,37.250073660147,0.));
#2658 = VECTOR('',#2659,1.);
#2659 = DIRECTION('',(0.,0.,1.));
#2660 = ORIENTED_EDGE('',*,*,#2661,.T.);
#2661 = EDGE_CURVE('',#2654,#2662,#2664,.T.);
#2662 = VERTEX_POINT('',#2663);
#2663 = CARTESIAN_POINT('',(3.310007620015,37.250073660147,
    1.600050800102));
#2664 = CIRCLE('',#2665,0.5);
#2665 = AXIS2_PLACEMENT_3D('',#2666,#2667,#2668);
#2666 = CARTESIAN_POINT('',(3.810007620015,37.250073660147,
    1.600050800102));
#2667 = DIRECTION('',(0.,0.,1.));
#2668 = DIRECTION('',(1.,1.110223024625E-16,-0.));
#2669 = ORIENTED_EDGE('',*,*,#2670,.F.);
#2670 = EDGE_CURVE('',#2671,#2662,#2673,.T.);
#2671 = VERTEX_POINT('',#2672);
#2672 = CARTESIAN_POINT('',(3.310007620015,37.250073660147,0.));
#2673 = LINE('',#2674,#2675);
#2674 = CARTESIAN_POINT('',(3.310007620015,37.250073660147,0.));
#2675 = VECTOR('',#2676,1.);
#2676 = DIRECTION('',(0.,0.,1.));
#2677 = ORIENTED_EDGE('',*,*,#2678,.F.);
#2678 = EDGE_CURVE('',#2652,#2671,#2679,.T.);
#2679 = CIRCLE('',#2680,0.5);
#2680 = AXIS2_PLACEMENT_3D('',#2681,#2682,#2683);
#2681 = CARTESIAN_POINT('',(3.810007620015,37.250073660147,0.));
#2682 = DIRECTION('',(0.,0.,1.));
#2683 = DIRECTION('',(1.,1.110223024625E-16,-0.));
#2684 = CYLINDRICAL_SURFACE('',#2685,0.5);
#2685 = AXIS2_PLACEMENT_3D('',#2686,#2687,#2688);
#2686 = CARTESIAN_POINT('',(3.810007620015,37.250073660147,0.));
#2687 = DIRECTION('',(-0.,-0.,-1.));
#2688 = DIRECTION('',(1.,1.110223024625E-16,-0.));
#2689 = ADVANCED_FACE('',(#2690),#2708,.F.);
#2690 = FACE_BOUND('',#2691,.T.);
#2691 = EDGE_LOOP('',(#2692,#2693,#2700,#2701));
#2692 = ORIENTED_EDGE('',*,*,#2670,.T.);
#2693 = ORIENTED_EDGE('',*,*,#2694,.T.);
#2694 = EDGE_CURVE('',#2662,#2654,#2695,.T.);
#2695 = CIRCLE('',#2696,0.5);
#2696 = AXIS2_PLACEMENT_3D('',#2697,#2698,#2699);
#2697 = CARTESIAN_POINT('',(3.810007620015,37.250073660147,
    1.600050800102));
#2698 = DIRECTION('',(0.,0.,1.));
#2699 = DIRECTION('',(-1.,-1.110223024625E-16,0.));
#2700 = ORIENTED_EDGE('',*,*,#2651,.F.);
#2701 = ORIENTED_EDGE('',*,*,#2702,.F.);
#2702 = EDGE_CURVE('',#2671,#2652,#2703,.T.);
#2703 = CIRCLE('',#2704,0.5);
#2704 = AXIS2_PLACEMENT_3D('',#2705,#2706,#2707);
#2705 = CARTESIAN_POINT('',(3.810007620015,37.250073660147,0.));
#2706 = DIRECTION('',(0.,0.,1.));
#2707 = DIRECTION('',(-1.,-1.110223024625E-16,0.));
#2708 = CYLINDRICAL_SURFACE('',#2709,0.5);
#2709 = AXIS2_PLACEMENT_3D('',#2710,#2711,#2712);
#2710 = CARTESIAN_POINT('',(3.810007620015,37.250073660147,0.));
#2711 = DIRECTION('',(-0.,-0.,-1.));
#2712 = DIRECTION('',(-1.,-1.110223024625E-16,0.));
#2713 = ADVANCED_FACE('',(#2714),#2750,.F.);
#2714 = FACE_BOUND('',#2715,.T.);
#2715 = EDGE_LOOP('',(#2716,#2726,#2735,#2743));
#2716 = ORIENTED_EDGE('',*,*,#2717,.T.);
#2717 = EDGE_CURVE('',#2718,#2720,#2722,.T.);
#2718 = VERTEX_POINT('',#2719);
#2719 = CARTESIAN_POINT('',(4.310007620015,34.710068580137,0.));
#2720 = VERTEX_POINT('',#2721);
#2721 = CARTESIAN_POINT('',(4.310007620015,34.710068580137,
    1.600050800102));
#2722 = LINE('',#2723,#2724);
#2723 = CARTESIAN_POINT('',(4.310007620015,34.710068580137,0.));
#2724 = VECTOR('',#2725,1.);
#2725 = DIRECTION('',(0.,0.,1.));
#2726 = ORIENTED_EDGE('',*,*,#2727,.T.);
#2727 = EDGE_CURVE('',#2720,#2728,#2730,.T.);
#2728 = VERTEX_POINT('',#2729);
#2729 = CARTESIAN_POINT('',(3.310007620015,34.710068580137,
    1.600050800102));
#2730 = CIRCLE('',#2731,0.5);
#2731 = AXIS2_PLACEMENT_3D('',#2732,#2733,#2734);
#2732 = CARTESIAN_POINT('',(3.810007620015,34.710068580137,
    1.600050800102));
#2733 = DIRECTION('',(0.,0.,1.));
#2734 = DIRECTION('',(1.,1.110223024625E-16,-0.));
#2735 = ORIENTED_EDGE('',*,*,#2736,.F.);
#2736 = EDGE_CURVE('',#2737,#2728,#2739,.T.);
#2737 = VERTEX_POINT('',#2738);
#2738 = CARTESIAN_POINT('',(3.310007620015,34.710068580137,0.));
#2739 = LINE('',#2740,#2741);
#2740 = CARTESIAN_POINT('',(3.310007620015,34.710068580137,0.));
#2741 = VECTOR('',#2742,1.);
#2742 = DIRECTION('',(0.,0.,1.));
#2743 = ORIENTED_EDGE('',*,*,#2744,.F.);
#2744 = EDGE_CURVE('',#2718,#2737,#2745,.T.);
#2745 = CIRCLE('',#2746,0.5);
#2746 = AXIS2_PLACEMENT_3D('',#2747,#2748,#2749);
#2747 = CARTESIAN_POINT('',(3.810007620015,34.710068580137,0.));
#2748 = DIRECTION('',(0.,0.,1.));
#2749 = DIRECTION('',(1.,1.110223024625E-16,-0.));
#2750 = CYLINDRICAL_SURFACE('',#2751,0.5);
#2751 = AXIS2_PLACEMENT_3D('',#2752,#2753,#2754);
#2752 = CARTESIAN_POINT('',(3.810007620015,34.710068580137,0.));
#2753 = DIRECTION('',(-0.,-0.,-1.));
#2754 = DIRECTION('',(1.,1.110223024625E-16,-0.));
#2755 = ADVANCED_FACE('',(#2756),#2774,.F.);
#2756 = FACE_BOUND('',#2757,.T.);
#2757 = EDGE_LOOP('',(#2758,#2759,#2766,#2767));
#2758 = ORIENTED_EDGE('',*,*,#2736,.T.);
#2759 = ORIENTED_EDGE('',*,*,#2760,.T.);
#2760 = EDGE_CURVE('',#2728,#2720,#2761,.T.);
#2761 = CIRCLE('',#2762,0.5);
#2762 = AXIS2_PLACEMENT_3D('',#2763,#2764,#2765);
#2763 = CARTESIAN_POINT('',(3.810007620015,34.710068580137,
    1.600050800102));
#2764 = DIRECTION('',(0.,0.,1.));
#2765 = DIRECTION('',(-1.,-1.110223024625E-16,0.));
#2766 = ORIENTED_EDGE('',*,*,#2717,.F.);
#2767 = ORIENTED_EDGE('',*,*,#2768,.F.);
#2768 = EDGE_CURVE('',#2737,#2718,#2769,.T.);
#2769 = CIRCLE('',#2770,0.5);
#2770 = AXIS2_PLACEMENT_3D('',#2771,#2772,#2773);
#2771 = CARTESIAN_POINT('',(3.810007620015,34.710068580137,0.));
#2772 = DIRECTION('',(0.,0.,1.));
#2773 = DIRECTION('',(-1.,-1.110223024625E-16,0.));
#2774 = CYLINDRICAL_SURFACE('',#2775,0.5);
#2775 = AXIS2_PLACEMENT_3D('',#2776,#2777,#2778);
#2776 = CARTESIAN_POINT('',(3.810007620015,34.710068580137,0.));
#2777 = DIRECTION('',(-0.,-0.,-1.));
#2778 = DIRECTION('',(-1.,-1.110223024625E-16,0.));
#2779 = ADVANCED_FACE('',(#2780),#2816,.F.);
#2780 = FACE_BOUND('',#2781,.T.);
#2781 = EDGE_LOOP('',(#2782,#2792,#2801,#2809));
#2782 = ORIENTED_EDGE('',*,*,#2783,.T.);
#2783 = EDGE_CURVE('',#2784,#2786,#2788,.T.);
#2784 = VERTEX_POINT('',#2785);
#2785 = CARTESIAN_POINT('',(4.310007620015,44.870088900178,0.));
#2786 = VERTEX_POINT('',#2787);
#2787 = CARTESIAN_POINT('',(4.310007620015,44.870088900178,
    1.600050800102));
#2788 = LINE('',#2789,#2790);
#2789 = CARTESIAN_POINT('',(4.310007620015,44.870088900178,0.));
#2790 = VECTOR('',#2791,1.);
#2791 = DIRECTION('',(0.,0.,1.));
#2792 = ORIENTED_EDGE('',*,*,#2793,.T.);
#2793 = EDGE_CURVE('',#2786,#2794,#2796,.T.);
#2794 = VERTEX_POINT('',#2795);
#2795 = CARTESIAN_POINT('',(3.310007620015,44.870088900178,
    1.600050800102));
#2796 = CIRCLE('',#2797,0.5);
#2797 = AXIS2_PLACEMENT_3D('',#2798,#2799,#2800);
#2798 = CARTESIAN_POINT('',(3.810007620015,44.870088900178,
    1.600050800102));
#2799 = DIRECTION('',(0.,0.,1.));
#2800 = DIRECTION('',(1.,1.110223024625E-16,-0.));
#2801 = ORIENTED_EDGE('',*,*,#2802,.F.);
#2802 = EDGE_CURVE('',#2803,#2794,#2805,.T.);
#2803 = VERTEX_POINT('',#2804);
#2804 = CARTESIAN_POINT('',(3.310007620015,44.870088900178,0.));
#2805 = LINE('',#2806,#2807);
#2806 = CARTESIAN_POINT('',(3.310007620015,44.870088900178,0.));
#2807 = VECTOR('',#2808,1.);
#2808 = DIRECTION('',(0.,0.,1.));
#2809 = ORIENTED_EDGE('',*,*,#2810,.F.);
#2810 = EDGE_CURVE('',#2784,#2803,#2811,.T.);
#2811 = CIRCLE('',#2812,0.5);
#2812 = AXIS2_PLACEMENT_3D('',#2813,#2814,#2815);
#2813 = CARTESIAN_POINT('',(3.810007620015,44.870088900178,0.));
#2814 = DIRECTION('',(0.,0.,1.));
#2815 = DIRECTION('',(1.,1.110223024625E-16,-0.));
#2816 = CYLINDRICAL_SURFACE('',#2817,0.5);
#2817 = AXIS2_PLACEMENT_3D('',#2818,#2819,#2820);
#2818 = CARTESIAN_POINT('',(3.810007620015,44.870088900178,0.));
#2819 = DIRECTION('',(-0.,-0.,-1.));
#2820 = DIRECTION('',(1.,1.110223024625E-16,-0.));
#2821 = ADVANCED_FACE('',(#2822),#2840,.F.);
#2822 = FACE_BOUND('',#2823,.T.);
#2823 = EDGE_LOOP('',(#2824,#2825,#2832,#2833));
#2824 = ORIENTED_EDGE('',*,*,#2802,.T.);
#2825 = ORIENTED_EDGE('',*,*,#2826,.T.);
#2826 = EDGE_CURVE('',#2794,#2786,#2827,.T.);
#2827 = CIRCLE('',#2828,0.5);
#2828 = AXIS2_PLACEMENT_3D('',#2829,#2830,#2831);
#2829 = CARTESIAN_POINT('',(3.810007620015,44.870088900178,
    1.600050800102));
#2830 = DIRECTION('',(0.,0.,1.));
#2831 = DIRECTION('',(-1.,-1.110223024625E-16,0.));
#2832 = ORIENTED_EDGE('',*,*,#2783,.F.);
#2833 = ORIENTED_EDGE('',*,*,#2834,.F.);
#2834 = EDGE_CURVE('',#2803,#2784,#2835,.T.);
#2835 = CIRCLE('',#2836,0.5);
#2836 = AXIS2_PLACEMENT_3D('',#2837,#2838,#2839);
#2837 = CARTESIAN_POINT('',(3.810007620015,44.870088900178,0.));
#2838 = DIRECTION('',(0.,0.,1.));
#2839 = DIRECTION('',(-1.,-1.110223024625E-16,0.));
#2840 = CYLINDRICAL_SURFACE('',#2841,0.5);
#2841 = AXIS2_PLACEMENT_3D('',#2842,#2843,#2844);
#2842 = CARTESIAN_POINT('',(3.810007620015,44.870088900178,0.));
#2843 = DIRECTION('',(-0.,-0.,-1.));
#2844 = DIRECTION('',(-1.,-1.110223024625E-16,0.));
#2845 = ADVANCED_FACE('',(#2846),#2882,.F.);
#2846 = FACE_BOUND('',#2847,.T.);
#2847 = EDGE_LOOP('',(#2848,#2858,#2867,#2875));
#2848 = ORIENTED_EDGE('',*,*,#2849,.T.);
#2849 = EDGE_CURVE('',#2850,#2852,#2854,.T.);
#2850 = VERTEX_POINT('',#2851);
#2851 = CARTESIAN_POINT('',(4.310007620015,42.330083820168,0.));
#2852 = VERTEX_POINT('',#2853);
#2853 = CARTESIAN_POINT('',(4.310007620015,42.330083820168,
    1.600050800102));
#2854 = LINE('',#2855,#2856);
#2855 = CARTESIAN_POINT('',(4.310007620015,42.330083820168,0.));
#2856 = VECTOR('',#2857,1.);
#2857 = DIRECTION('',(0.,0.,1.));
#2858 = ORIENTED_EDGE('',*,*,#2859,.T.);
#2859 = EDGE_CURVE('',#2852,#2860,#2862,.T.);
#2860 = VERTEX_POINT('',#2861);
#2861 = CARTESIAN_POINT('',(3.310007620015,42.330083820168,
    1.600050800102));
#2862 = CIRCLE('',#2863,0.5);
#2863 = AXIS2_PLACEMENT_3D('',#2864,#2865,#2866);
#2864 = CARTESIAN_POINT('',(3.810007620015,42.330083820168,
    1.600050800102));
#2865 = DIRECTION('',(0.,0.,1.));
#2866 = DIRECTION('',(1.,1.110223024625E-16,-0.));
#2867 = ORIENTED_EDGE('',*,*,#2868,.F.);
#2868 = EDGE_CURVE('',#2869,#2860,#2871,.T.);
#2869 = VERTEX_POINT('',#2870);
#2870 = CARTESIAN_POINT('',(3.310007620015,42.330083820168,0.));
#2871 = LINE('',#2872,#2873);
#2872 = CARTESIAN_POINT('',(3.310007620015,42.330083820168,0.));
#2873 = VECTOR('',#2874,1.);
#2874 = DIRECTION('',(0.,0.,1.));
#2875 = ORIENTED_EDGE('',*,*,#2876,.F.);
#2876 = EDGE_CURVE('',#2850,#2869,#2877,.T.);
#2877 = CIRCLE('',#2878,0.5);
#2878 = AXIS2_PLACEMENT_3D('',#2879,#2880,#2881);
#2879 = CARTESIAN_POINT('',(3.810007620015,42.330083820168,0.));
#2880 = DIRECTION('',(0.,0.,1.));
#2881 = DIRECTION('',(1.,1.110223024625E-16,-0.));
#2882 = CYLINDRICAL_SURFACE('',#2883,0.5);
#2883 = AXIS2_PLACEMENT_3D('',#2884,#2885,#2886);
#2884 = CARTESIAN_POINT('',(3.810007620015,42.330083820168,0.));
#2885 = DIRECTION('',(-0.,-0.,-1.));
#2886 = DIRECTION('',(1.,1.110223024625E-16,-0.));
#2887 = ADVANCED_FACE('',(#2888),#2906,.F.);
#2888 = FACE_BOUND('',#2889,.T.);
#2889 = EDGE_LOOP('',(#2890,#2891,#2898,#2899));
#2890 = ORIENTED_EDGE('',*,*,#2868,.T.);
#2891 = ORIENTED_EDGE('',*,*,#2892,.T.);
#2892 = EDGE_CURVE('',#2860,#2852,#2893,.T.);
#2893 = CIRCLE('',#2894,0.5);
#2894 = AXIS2_PLACEMENT_3D('',#2895,#2896,#2897);
#2895 = CARTESIAN_POINT('',(3.810007620015,42.330083820168,
    1.600050800102));
#2896 = DIRECTION('',(0.,0.,1.));
#2897 = DIRECTION('',(-1.,-1.110223024625E-16,0.));
#2898 = ORIENTED_EDGE('',*,*,#2849,.F.);
#2899 = ORIENTED_EDGE('',*,*,#2900,.F.);
#2900 = EDGE_CURVE('',#2869,#2850,#2901,.T.);
#2901 = CIRCLE('',#2902,0.5);
#2902 = AXIS2_PLACEMENT_3D('',#2903,#2904,#2905);
#2903 = CARTESIAN_POINT('',(3.810007620015,42.330083820168,0.));
#2904 = DIRECTION('',(0.,0.,1.));
#2905 = DIRECTION('',(-1.,-1.110223024625E-16,0.));
#2906 = CYLINDRICAL_SURFACE('',#2907,0.5);
#2907 = AXIS2_PLACEMENT_3D('',#2908,#2909,#2910);
#2908 = CARTESIAN_POINT('',(3.810007620015,42.330083820168,0.));
#2909 = DIRECTION('',(-0.,-0.,-1.));
#2910 = DIRECTION('',(-1.,-1.110223024625E-16,0.));
#2911 = ADVANCED_FACE('',(#2912),#2948,.F.);
#2912 = FACE_BOUND('',#2913,.T.);
#2913 = EDGE_LOOP('',(#2914,#2924,#2933,#2941));
#2914 = ORIENTED_EDGE('',*,*,#2915,.T.);
#2915 = EDGE_CURVE('',#2916,#2918,#2920,.T.);
#2916 = VERTEX_POINT('',#2917);
#2917 = CARTESIAN_POINT('',(4.310007620015,39.790078740157,0.));
#2918 = VERTEX_POINT('',#2919);
#2919 = CARTESIAN_POINT('',(4.310007620015,39.790078740157,
    1.600050800102));
#2920 = LINE('',#2921,#2922);
#2921 = CARTESIAN_POINT('',(4.310007620015,39.790078740157,0.));
#2922 = VECTOR('',#2923,1.);
#2923 = DIRECTION('',(0.,0.,1.));
#2924 = ORIENTED_EDGE('',*,*,#2925,.T.);
#2925 = EDGE_CURVE('',#2918,#2926,#2928,.T.);
#2926 = VERTEX_POINT('',#2927);
#2927 = CARTESIAN_POINT('',(3.310007620015,39.790078740157,
    1.600050800102));
#2928 = CIRCLE('',#2929,0.5);
#2929 = AXIS2_PLACEMENT_3D('',#2930,#2931,#2932);
#2930 = CARTESIAN_POINT('',(3.810007620015,39.790078740157,
    1.600050800102));
#2931 = DIRECTION('',(0.,0.,1.));
#2932 = DIRECTION('',(1.,1.110223024625E-16,-0.));
#2933 = ORIENTED_EDGE('',*,*,#2934,.F.);
#2934 = EDGE_CURVE('',#2935,#2926,#2937,.T.);
#2935 = VERTEX_POINT('',#2936);
#2936 = CARTESIAN_POINT('',(3.310007620015,39.790078740157,0.));
#2937 = LINE('',#2938,#2939);
#2938 = CARTESIAN_POINT('',(3.310007620015,39.790078740157,0.));
#2939 = VECTOR('',#2940,1.);
#2940 = DIRECTION('',(0.,0.,1.));
#2941 = ORIENTED_EDGE('',*,*,#2942,.F.);
#2942 = EDGE_CURVE('',#2916,#2935,#2943,.T.);
#2943 = CIRCLE('',#2944,0.5);
#2944 = AXIS2_PLACEMENT_3D('',#2945,#2946,#2947);
#2945 = CARTESIAN_POINT('',(3.810007620015,39.790078740157,0.));
#2946 = DIRECTION('',(0.,0.,1.));
#2947 = DIRECTION('',(1.,1.110223024625E-16,-0.));
#2948 = CYLINDRICAL_SURFACE('',#2949,0.5);
#2949 = AXIS2_PLACEMENT_3D('',#2950,#2951,#2952);
#2950 = CARTESIAN_POINT('',(3.810007620015,39.790078740157,0.));
#2951 = DIRECTION('',(-0.,-0.,-1.));
#2952 = DIRECTION('',(1.,1.110223024625E-16,-0.));
#2953 = ADVANCED_FACE('',(#2954),#2972,.F.);
#2954 = FACE_BOUND('',#2955,.T.);
#2955 = EDGE_LOOP('',(#2956,#2957,#2964,#2965));
#2956 = ORIENTED_EDGE('',*,*,#2934,.T.);
#2957 = ORIENTED_EDGE('',*,*,#2958,.T.);
#2958 = EDGE_CURVE('',#2926,#2918,#2959,.T.);
#2959 = CIRCLE('',#2960,0.5);
#2960 = AXIS2_PLACEMENT_3D('',#2961,#2962,#2963);
#2961 = CARTESIAN_POINT('',(3.810007620015,39.790078740157,
    1.600050800102));
#2962 = DIRECTION('',(0.,0.,1.));
#2963 = DIRECTION('',(-1.,-1.110223024625E-16,0.));
#2964 = ORIENTED_EDGE('',*,*,#2915,.F.);
#2965 = ORIENTED_EDGE('',*,*,#2966,.F.);
#2966 = EDGE_CURVE('',#2935,#2916,#2967,.T.);
#2967 = CIRCLE('',#2968,0.5);
#2968 = AXIS2_PLACEMENT_3D('',#2969,#2970,#2971);
#2969 = CARTESIAN_POINT('',(3.810007620015,39.790078740157,0.));
#2970 = DIRECTION('',(0.,0.,1.));
#2971 = DIRECTION('',(-1.,-1.110223024625E-16,0.));
#2972 = CYLINDRICAL_SURFACE('',#2973,0.5);
#2973 = AXIS2_PLACEMENT_3D('',#2974,#2975,#2976);
#2974 = CARTESIAN_POINT('',(3.810007620015,39.790078740157,0.));
#2975 = DIRECTION('',(-0.,-0.,-1.));
#2976 = DIRECTION('',(-1.,-1.110223024625E-16,0.));
#2977 = ADVANCED_FACE('',(#2978),#3014,.F.);
#2978 = FACE_BOUND('',#2979,.T.);
#2979 = EDGE_LOOP('',(#2980,#2990,#2999,#3007));
#2980 = ORIENTED_EDGE('',*,*,#2981,.T.);
#2981 = EDGE_CURVE('',#2982,#2984,#2986,.T.);
#2982 = VERTEX_POINT('',#2983);
#2983 = CARTESIAN_POINT('',(4.310007620015,49.950099060198,0.));
#2984 = VERTEX_POINT('',#2985);
#2985 = CARTESIAN_POINT('',(4.310007620015,49.950099060198,
    1.600050800102));
#2986 = LINE('',#2987,#2988);
#2987 = CARTESIAN_POINT('',(4.310007620015,49.950099060198,0.));
#2988 = VECTOR('',#2989,1.);
#2989 = DIRECTION('',(0.,0.,1.));
#2990 = ORIENTED_EDGE('',*,*,#2991,.T.);
#2991 = EDGE_CURVE('',#2984,#2992,#2994,.T.);
#2992 = VERTEX_POINT('',#2993);
#2993 = CARTESIAN_POINT('',(3.310007620015,49.950099060198,
    1.600050800102));
#2994 = CIRCLE('',#2995,0.5);
#2995 = AXIS2_PLACEMENT_3D('',#2996,#2997,#2998);
#2996 = CARTESIAN_POINT('',(3.810007620015,49.950099060198,
    1.600050800102));
#2997 = DIRECTION('',(0.,0.,1.));
#2998 = DIRECTION('',(1.,1.110223024625E-16,-0.));
#2999 = ORIENTED_EDGE('',*,*,#3000,.F.);
#3000 = EDGE_CURVE('',#3001,#2992,#3003,.T.);
#3001 = VERTEX_POINT('',#3002);
#3002 = CARTESIAN_POINT('',(3.310007620015,49.950099060198,0.));
#3003 = LINE('',#3004,#3005);
#3004 = CARTESIAN_POINT('',(3.310007620015,49.950099060198,0.));
#3005 = VECTOR('',#3006,1.);
#3006 = DIRECTION('',(0.,0.,1.));
#3007 = ORIENTED_EDGE('',*,*,#3008,.F.);
#3008 = EDGE_CURVE('',#2982,#3001,#3009,.T.);
#3009 = CIRCLE('',#3010,0.5);
#3010 = AXIS2_PLACEMENT_3D('',#3011,#3012,#3013);
#3011 = CARTESIAN_POINT('',(3.810007620015,49.950099060198,0.));
#3012 = DIRECTION('',(0.,0.,1.));
#3013 = DIRECTION('',(1.,1.110223024625E-16,-0.));
#3014 = CYLINDRICAL_SURFACE('',#3015,0.5);
#3015 = AXIS2_PLACEMENT_3D('',#3016,#3017,#3018);
#3016 = CARTESIAN_POINT('',(3.810007620015,49.950099060198,0.));
#3017 = DIRECTION('',(-0.,-0.,-1.));
#3018 = DIRECTION('',(1.,1.110223024625E-16,-0.));
#3019 = ADVANCED_FACE('',(#3020),#3038,.F.);
#3020 = FACE_BOUND('',#3021,.T.);
#3021 = EDGE_LOOP('',(#3022,#3023,#3030,#3031));
#3022 = ORIENTED_EDGE('',*,*,#3000,.T.);
#3023 = ORIENTED_EDGE('',*,*,#3024,.T.);
#3024 = EDGE_CURVE('',#2992,#2984,#3025,.T.);
#3025 = CIRCLE('',#3026,0.5);
#3026 = AXIS2_PLACEMENT_3D('',#3027,#3028,#3029);
#3027 = CARTESIAN_POINT('',(3.810007620015,49.950099060198,
    1.600050800102));
#3028 = DIRECTION('',(0.,0.,1.));
#3029 = DIRECTION('',(-1.,-1.110223024625E-16,0.));
#3030 = ORIENTED_EDGE('',*,*,#2981,.F.);
#3031 = ORIENTED_EDGE('',*,*,#3032,.F.);
#3032 = EDGE_CURVE('',#3001,#2982,#3033,.T.);
#3033 = CIRCLE('',#3034,0.5);
#3034 = AXIS2_PLACEMENT_3D('',#3035,#3036,#3037);
#3035 = CARTESIAN_POINT('',(3.810007620015,49.950099060198,0.));
#3036 = DIRECTION('',(0.,0.,1.));
#3037 = DIRECTION('',(-1.,-1.110223024625E-16,0.));
#3038 = CYLINDRICAL_SURFACE('',#3039,0.5);
#3039 = AXIS2_PLACEMENT_3D('',#3040,#3041,#3042);
#3040 = CARTESIAN_POINT('',(3.810007620015,49.950099060198,0.));
#3041 = DIRECTION('',(-0.,-0.,-1.));
#3042 = DIRECTION('',(-1.,-1.110223024625E-16,0.));
#3043 = ADVANCED_FACE('',(#3044),#3080,.F.);
#3044 = FACE_BOUND('',#3045,.T.);
#3045 = EDGE_LOOP('',(#3046,#3056,#3065,#3073));
#3046 = ORIENTED_EDGE('',*,*,#3047,.T.);
#3047 = EDGE_CURVE('',#3048,#3050,#3052,.T.);
#3048 = VERTEX_POINT('',#3049);
#3049 = CARTESIAN_POINT('',(4.310007620015,47.410093980188,0.));
#3050 = VERTEX_POINT('',#3051);
#3051 = CARTESIAN_POINT('',(4.310007620015,47.410093980188,
    1.600050800102));
#3052 = LINE('',#3053,#3054);
#3053 = CARTESIAN_POINT('',(4.310007620015,47.410093980188,0.));
#3054 = VECTOR('',#3055,1.);
#3055 = DIRECTION('',(0.,0.,1.));
#3056 = ORIENTED_EDGE('',*,*,#3057,.T.);
#3057 = EDGE_CURVE('',#3050,#3058,#3060,.T.);
#3058 = VERTEX_POINT('',#3059);
#3059 = CARTESIAN_POINT('',(3.310007620015,47.410093980188,
    1.600050800102));
#3060 = CIRCLE('',#3061,0.5);
#3061 = AXIS2_PLACEMENT_3D('',#3062,#3063,#3064);
#3062 = CARTESIAN_POINT('',(3.810007620015,47.410093980188,
    1.600050800102));
#3063 = DIRECTION('',(0.,0.,1.));
#3064 = DIRECTION('',(1.,1.110223024625E-16,-0.));
#3065 = ORIENTED_EDGE('',*,*,#3066,.F.);
#3066 = EDGE_CURVE('',#3067,#3058,#3069,.T.);
#3067 = VERTEX_POINT('',#3068);
#3068 = CARTESIAN_POINT('',(3.310007620015,47.410093980188,0.));
#3069 = LINE('',#3070,#3071);
#3070 = CARTESIAN_POINT('',(3.310007620015,47.410093980188,0.));
#3071 = VECTOR('',#3072,1.);
#3072 = DIRECTION('',(0.,0.,1.));
#3073 = ORIENTED_EDGE('',*,*,#3074,.F.);
#3074 = EDGE_CURVE('',#3048,#3067,#3075,.T.);
#3075 = CIRCLE('',#3076,0.5);
#3076 = AXIS2_PLACEMENT_3D('',#3077,#3078,#3079);
#3077 = CARTESIAN_POINT('',(3.810007620015,47.410093980188,0.));
#3078 = DIRECTION('',(0.,0.,1.));
#3079 = DIRECTION('',(1.,1.110223024625E-16,-0.));
#3080 = CYLINDRICAL_SURFACE('',#3081,0.5);
#3081 = AXIS2_PLACEMENT_3D('',#3082,#3083,#3084);
#3082 = CARTESIAN_POINT('',(3.810007620015,47.410093980188,0.));
#3083 = DIRECTION('',(-0.,-0.,-1.));
#3084 = DIRECTION('',(1.,1.110223024625E-16,-0.));
#3085 = ADVANCED_FACE('',(#3086),#3104,.F.);
#3086 = FACE_BOUND('',#3087,.T.);
#3087 = EDGE_LOOP('',(#3088,#3089,#3096,#3097));
#3088 = ORIENTED_EDGE('',*,*,#3066,.T.);
#3089 = ORIENTED_EDGE('',*,*,#3090,.T.);
#3090 = EDGE_CURVE('',#3058,#3050,#3091,.T.);
#3091 = CIRCLE('',#3092,0.5);
#3092 = AXIS2_PLACEMENT_3D('',#3093,#3094,#3095);
#3093 = CARTESIAN_POINT('',(3.810007620015,47.410093980188,
    1.600050800102));
#3094 = DIRECTION('',(0.,0.,1.));
#3095 = DIRECTION('',(-1.,-1.110223024625E-16,0.));
#3096 = ORIENTED_EDGE('',*,*,#3047,.F.);
#3097 = ORIENTED_EDGE('',*,*,#3098,.F.);
#3098 = EDGE_CURVE('',#3067,#3048,#3099,.T.);
#3099 = CIRCLE('',#3100,0.5);
#3100 = AXIS2_PLACEMENT_3D('',#3101,#3102,#3103);
#3101 = CARTESIAN_POINT('',(3.810007620015,47.410093980188,0.));
#3102 = DIRECTION('',(0.,0.,1.));
#3103 = DIRECTION('',(-1.,-1.110223024625E-16,0.));
#3104 = CYLINDRICAL_SURFACE('',#3105,0.5);
#3105 = AXIS2_PLACEMENT_3D('',#3106,#3107,#3108);
#3106 = CARTESIAN_POINT('',(3.810007620015,47.410093980188,0.));
#3107 = DIRECTION('',(-0.,-0.,-1.));
#3108 = DIRECTION('',(-1.,-1.110223024625E-16,0.));
#3109 = ADVANCED_FACE('',(#3110),#3146,.F.);
#3110 = FACE_BOUND('',#3111,.T.);
#3111 = EDGE_LOOP('',(#3112,#3122,#3131,#3139));
#3112 = ORIENTED_EDGE('',*,*,#3113,.T.);
#3113 = EDGE_CURVE('',#3114,#3116,#3118,.T.);
#3114 = VERTEX_POINT('',#3115);
#3115 = CARTESIAN_POINT('',(4.310007620015,52.490104140208,0.));
#3116 = VERTEX_POINT('',#3117);
#3117 = CARTESIAN_POINT('',(4.310007620015,52.490104140208,
    1.600050800102));
#3118 = LINE('',#3119,#3120);
#3119 = CARTESIAN_POINT('',(4.310007620015,52.490104140208,0.));
#3120 = VECTOR('',#3121,1.);
#3121 = DIRECTION('',(0.,0.,1.));
#3122 = ORIENTED_EDGE('',*,*,#3123,.T.);
#3123 = EDGE_CURVE('',#3116,#3124,#3126,.T.);
#3124 = VERTEX_POINT('',#3125);
#3125 = CARTESIAN_POINT('',(3.310007620015,52.490104140208,
    1.600050800102));
#3126 = CIRCLE('',#3127,0.5);
#3127 = AXIS2_PLACEMENT_3D('',#3128,#3129,#3130);
#3128 = CARTESIAN_POINT('',(3.810007620015,52.490104140208,
    1.600050800102));
#3129 = DIRECTION('',(0.,0.,1.));
#3130 = DIRECTION('',(1.,1.110223024625E-16,-0.));
#3131 = ORIENTED_EDGE('',*,*,#3132,.F.);
#3132 = EDGE_CURVE('',#3133,#3124,#3135,.T.);
#3133 = VERTEX_POINT('',#3134);
#3134 = CARTESIAN_POINT('',(3.310007620015,52.490104140208,0.));
#3135 = LINE('',#3136,#3137);
#3136 = CARTESIAN_POINT('',(3.310007620015,52.490104140208,0.));
#3137 = VECTOR('',#3138,1.);
#3138 = DIRECTION('',(0.,0.,1.));
#3139 = ORIENTED_EDGE('',*,*,#3140,.F.);
#3140 = EDGE_CURVE('',#3114,#3133,#3141,.T.);
#3141 = CIRCLE('',#3142,0.5);
#3142 = AXIS2_PLACEMENT_3D('',#3143,#3144,#3145);
#3143 = CARTESIAN_POINT('',(3.810007620015,52.490104140208,0.));
#3144 = DIRECTION('',(0.,0.,1.));
#3145 = DIRECTION('',(1.,1.110223024625E-16,-0.));
#3146 = CYLINDRICAL_SURFACE('',#3147,0.5);
#3147 = AXIS2_PLACEMENT_3D('',#3148,#3149,#3150);
#3148 = CARTESIAN_POINT('',(3.810007620015,52.490104140208,0.));
#3149 = DIRECTION('',(-0.,-0.,-1.));
#3150 = DIRECTION('',(1.,1.110223024625E-16,-0.));
#3151 = ADVANCED_FACE('',(#3152),#3170,.F.);
#3152 = FACE_BOUND('',#3153,.T.);
#3153 = EDGE_LOOP('',(#3154,#3155,#3162,#3163));
#3154 = ORIENTED_EDGE('',*,*,#3132,.T.);
#3155 = ORIENTED_EDGE('',*,*,#3156,.T.);
#3156 = EDGE_CURVE('',#3124,#3116,#3157,.T.);
#3157 = CIRCLE('',#3158,0.5);
#3158 = AXIS2_PLACEMENT_3D('',#3159,#3160,#3161);
#3159 = CARTESIAN_POINT('',(3.810007620015,52.490104140208,
    1.600050800102));
#3160 = DIRECTION('',(0.,0.,1.));
#3161 = DIRECTION('',(-1.,-1.110223024625E-16,0.));
#3162 = ORIENTED_EDGE('',*,*,#3113,.F.);
#3163 = ORIENTED_EDGE('',*,*,#3164,.F.);
#3164 = EDGE_CURVE('',#3133,#3114,#3165,.T.);
#3165 = CIRCLE('',#3166,0.5);
#3166 = AXIS2_PLACEMENT_3D('',#3167,#3168,#3169);
#3167 = CARTESIAN_POINT('',(3.810007620015,52.490104140208,0.));
#3168 = DIRECTION('',(0.,0.,1.));
#3169 = DIRECTION('',(-1.,-1.110223024625E-16,0.));
#3170 = CYLINDRICAL_SURFACE('',#3171,0.5);
#3171 = AXIS2_PLACEMENT_3D('',#3172,#3173,#3174);
#3172 = CARTESIAN_POINT('',(3.810007620015,52.490104140208,0.));
#3173 = DIRECTION('',(-0.,-0.,-1.));
#3174 = DIRECTION('',(-1.,-1.110223024625E-16,0.));
#3175 = ADVANCED_FACE('',(#3176),#3212,.F.);
#3176 = FACE_BOUND('',#3177,.T.);
#3177 = EDGE_LOOP('',(#3178,#3188,#3197,#3205));
#3178 = ORIENTED_EDGE('',*,*,#3179,.T.);
#3179 = EDGE_CURVE('',#3180,#3182,#3184,.T.);
#3180 = VERTEX_POINT('',#3181);
#3181 = CARTESIAN_POINT('',(4.310007620015,60.110119380239,0.));
#3182 = VERTEX_POINT('',#3183);
#3183 = CARTESIAN_POINT('',(4.310007620015,60.110119380239,
    1.600050800102));
#3184 = LINE('',#3185,#3186);
#3185 = CARTESIAN_POINT('',(4.310007620015,60.110119380239,0.));
#3186 = VECTOR('',#3187,1.);
#3187 = DIRECTION('',(0.,0.,1.));
#3188 = ORIENTED_EDGE('',*,*,#3189,.T.);
#3189 = EDGE_CURVE('',#3182,#3190,#3192,.T.);
#3190 = VERTEX_POINT('',#3191);
#3191 = CARTESIAN_POINT('',(3.310007620015,60.110119380239,
    1.600050800102));
#3192 = CIRCLE('',#3193,0.5);
#3193 = AXIS2_PLACEMENT_3D('',#3194,#3195,#3196);
#3194 = CARTESIAN_POINT('',(3.810007620015,60.110119380239,
    1.600050800102));
#3195 = DIRECTION('',(0.,0.,1.));
#3196 = DIRECTION('',(1.,1.110223024625E-16,-0.));
#3197 = ORIENTED_EDGE('',*,*,#3198,.F.);
#3198 = EDGE_CURVE('',#3199,#3190,#3201,.T.);
#3199 = VERTEX_POINT('',#3200);
#3200 = CARTESIAN_POINT('',(3.310007620015,60.110119380239,0.));
#3201 = LINE('',#3202,#3203);
#3202 = CARTESIAN_POINT('',(3.310007620015,60.110119380239,0.));
#3203 = VECTOR('',#3204,1.);
#3204 = DIRECTION('',(0.,0.,1.));
#3205 = ORIENTED_EDGE('',*,*,#3206,.F.);
#3206 = EDGE_CURVE('',#3180,#3199,#3207,.T.);
#3207 = CIRCLE('',#3208,0.5);
#3208 = AXIS2_PLACEMENT_3D('',#3209,#3210,#3211);
#3209 = CARTESIAN_POINT('',(3.810007620015,60.110119380239,0.));
#3210 = DIRECTION('',(0.,0.,1.));
#3211 = DIRECTION('',(1.,1.110223024625E-16,-0.));
#3212 = CYLINDRICAL_SURFACE('',#3213,0.5);
#3213 = AXIS2_PLACEMENT_3D('',#3214,#3215,#3216);
#3214 = CARTESIAN_POINT('',(3.810007620015,60.110119380239,0.));
#3215 = DIRECTION('',(-0.,-0.,-1.));
#3216 = DIRECTION('',(1.,1.110223024625E-16,-0.));
#3217 = ADVANCED_FACE('',(#3218),#3236,.F.);
#3218 = FACE_BOUND('',#3219,.T.);
#3219 = EDGE_LOOP('',(#3220,#3221,#3228,#3229));
#3220 = ORIENTED_EDGE('',*,*,#3198,.T.);
#3221 = ORIENTED_EDGE('',*,*,#3222,.T.);
#3222 = EDGE_CURVE('',#3190,#3182,#3223,.T.);
#3223 = CIRCLE('',#3224,0.5);
#3224 = AXIS2_PLACEMENT_3D('',#3225,#3226,#3227);
#3225 = CARTESIAN_POINT('',(3.810007620015,60.110119380239,
    1.600050800102));
#3226 = DIRECTION('',(0.,0.,1.));
#3227 = DIRECTION('',(-1.,-1.110223024625E-16,0.));
#3228 = ORIENTED_EDGE('',*,*,#3179,.F.);
#3229 = ORIENTED_EDGE('',*,*,#3230,.F.);
#3230 = EDGE_CURVE('',#3199,#3180,#3231,.T.);
#3231 = CIRCLE('',#3232,0.5);
#3232 = AXIS2_PLACEMENT_3D('',#3233,#3234,#3235);
#3233 = CARTESIAN_POINT('',(3.810007620015,60.110119380239,0.));
#3234 = DIRECTION('',(0.,0.,1.));
#3235 = DIRECTION('',(-1.,-1.110223024625E-16,0.));
#3236 = CYLINDRICAL_SURFACE('',#3237,0.5);
#3237 = AXIS2_PLACEMENT_3D('',#3238,#3239,#3240);
#3238 = CARTESIAN_POINT('',(3.810007620015,60.110119380239,0.));
#3239 = DIRECTION('',(-0.,-0.,-1.));
#3240 = DIRECTION('',(-1.,-1.110223024625E-16,0.));
#3241 = ADVANCED_FACE('',(#3242),#3278,.F.);
#3242 = FACE_BOUND('',#3243,.T.);
#3243 = EDGE_LOOP('',(#3244,#3254,#3263,#3271));
#3244 = ORIENTED_EDGE('',*,*,#3245,.T.);
#3245 = EDGE_CURVE('',#3246,#3248,#3250,.T.);
#3246 = VERTEX_POINT('',#3247);
#3247 = CARTESIAN_POINT('',(4.310007620015,57.570114300229,0.));
#3248 = VERTEX_POINT('',#3249);
#3249 = CARTESIAN_POINT('',(4.310007620015,57.570114300229,
    1.600050800102));
#3250 = LINE('',#3251,#3252);
#3251 = CARTESIAN_POINT('',(4.310007620015,57.570114300229,0.));
#3252 = VECTOR('',#3253,1.);
#3253 = DIRECTION('',(0.,0.,1.));
#3254 = ORIENTED_EDGE('',*,*,#3255,.T.);
#3255 = EDGE_CURVE('',#3248,#3256,#3258,.T.);
#3256 = VERTEX_POINT('',#3257);
#3257 = CARTESIAN_POINT('',(3.310007620015,57.570114300229,
    1.600050800102));
#3258 = CIRCLE('',#3259,0.5);
#3259 = AXIS2_PLACEMENT_3D('',#3260,#3261,#3262);
#3260 = CARTESIAN_POINT('',(3.810007620015,57.570114300229,
    1.600050800102));
#3261 = DIRECTION('',(0.,0.,1.));
#3262 = DIRECTION('',(1.,1.110223024625E-16,-0.));
#3263 = ORIENTED_EDGE('',*,*,#3264,.F.);
#3264 = EDGE_CURVE('',#3265,#3256,#3267,.T.);
#3265 = VERTEX_POINT('',#3266);
#3266 = CARTESIAN_POINT('',(3.310007620015,57.570114300229,0.));
#3267 = LINE('',#3268,#3269);
#3268 = CARTESIAN_POINT('',(3.310007620015,57.570114300229,0.));
#3269 = VECTOR('',#3270,1.);
#3270 = DIRECTION('',(0.,0.,1.));
#3271 = ORIENTED_EDGE('',*,*,#3272,.F.);
#3272 = EDGE_CURVE('',#3246,#3265,#3273,.T.);
#3273 = CIRCLE('',#3274,0.5);
#3274 = AXIS2_PLACEMENT_3D('',#3275,#3276,#3277);
#3275 = CARTESIAN_POINT('',(3.810007620015,57.570114300229,0.));
#3276 = DIRECTION('',(0.,0.,1.));
#3277 = DIRECTION('',(1.,1.110223024625E-16,-0.));
#3278 = CYLINDRICAL_SURFACE('',#3279,0.5);
#3279 = AXIS2_PLACEMENT_3D('',#3280,#3281,#3282);
#3280 = CARTESIAN_POINT('',(3.810007620015,57.570114300229,0.));
#3281 = DIRECTION('',(-0.,-0.,-1.));
#3282 = DIRECTION('',(1.,1.110223024625E-16,-0.));
#3283 = ADVANCED_FACE('',(#3284),#3302,.F.);
#3284 = FACE_BOUND('',#3285,.T.);
#3285 = EDGE_LOOP('',(#3286,#3287,#3294,#3295));
#3286 = ORIENTED_EDGE('',*,*,#3264,.T.);
#3287 = ORIENTED_EDGE('',*,*,#3288,.T.);
#3288 = EDGE_CURVE('',#3256,#3248,#3289,.T.);
#3289 = CIRCLE('',#3290,0.5);
#3290 = AXIS2_PLACEMENT_3D('',#3291,#3292,#3293);
#3291 = CARTESIAN_POINT('',(3.810007620015,57.570114300229,
    1.600050800102));
#3292 = DIRECTION('',(0.,0.,1.));
#3293 = DIRECTION('',(-1.,-1.110223024625E-16,0.));
#3294 = ORIENTED_EDGE('',*,*,#3245,.F.);
#3295 = ORIENTED_EDGE('',*,*,#3296,.F.);
#3296 = EDGE_CURVE('',#3265,#3246,#3297,.T.);
#3297 = CIRCLE('',#3298,0.5);
#3298 = AXIS2_PLACEMENT_3D('',#3299,#3300,#3301);
#3299 = CARTESIAN_POINT('',(3.810007620015,57.570114300229,0.));
#3300 = DIRECTION('',(0.,0.,1.));
#3301 = DIRECTION('',(-1.,-1.110223024625E-16,0.));
#3302 = CYLINDRICAL_SURFACE('',#3303,0.5);
#3303 = AXIS2_PLACEMENT_3D('',#3304,#3305,#3306);
#3304 = CARTESIAN_POINT('',(3.810007620015,57.570114300229,0.));
#3305 = DIRECTION('',(-0.,-0.,-1.));
#3306 = DIRECTION('',(-1.,-1.110223024625E-16,0.));
#3307 = ADVANCED_FACE('',(#3308),#3344,.F.);
#3308 = FACE_BOUND('',#3309,.T.);
#3309 = EDGE_LOOP('',(#3310,#3320,#3329,#3337));
#3310 = ORIENTED_EDGE('',*,*,#3311,.T.);
#3311 = EDGE_CURVE('',#3312,#3314,#3316,.T.);
#3312 = VERTEX_POINT('',#3313);
#3313 = CARTESIAN_POINT('',(4.310007620015,55.030109220218,0.));
#3314 = VERTEX_POINT('',#3315);
#3315 = CARTESIAN_POINT('',(4.310007620015,55.030109220218,
    1.600050800102));
#3316 = LINE('',#3317,#3318);
#3317 = CARTESIAN_POINT('',(4.310007620015,55.030109220218,0.));
#3318 = VECTOR('',#3319,1.);
#3319 = DIRECTION('',(0.,0.,1.));
#3320 = ORIENTED_EDGE('',*,*,#3321,.T.);
#3321 = EDGE_CURVE('',#3314,#3322,#3324,.T.);
#3322 = VERTEX_POINT('',#3323);
#3323 = CARTESIAN_POINT('',(3.310007620015,55.030109220218,
    1.600050800102));
#3324 = CIRCLE('',#3325,0.5);
#3325 = AXIS2_PLACEMENT_3D('',#3326,#3327,#3328);
#3326 = CARTESIAN_POINT('',(3.810007620015,55.030109220218,
    1.600050800102));
#3327 = DIRECTION('',(0.,0.,1.));
#3328 = DIRECTION('',(1.,1.110223024625E-16,-0.));
#3329 = ORIENTED_EDGE('',*,*,#3330,.F.);
#3330 = EDGE_CURVE('',#3331,#3322,#3333,.T.);
#3331 = VERTEX_POINT('',#3332);
#3332 = CARTESIAN_POINT('',(3.310007620015,55.030109220218,0.));
#3333 = LINE('',#3334,#3335);
#3334 = CARTESIAN_POINT('',(3.310007620015,55.030109220218,0.));
#3335 = VECTOR('',#3336,1.);
#3336 = DIRECTION('',(0.,0.,1.));
#3337 = ORIENTED_EDGE('',*,*,#3338,.F.);
#3338 = EDGE_CURVE('',#3312,#3331,#3339,.T.);
#3339 = CIRCLE('',#3340,0.5);
#3340 = AXIS2_PLACEMENT_3D('',#3341,#3342,#3343);
#3341 = CARTESIAN_POINT('',(3.810007620015,55.030109220218,0.));
#3342 = DIRECTION('',(0.,0.,1.));
#3343 = DIRECTION('',(1.,1.110223024625E-16,-0.));
#3344 = CYLINDRICAL_SURFACE('',#3345,0.5);
#3345 = AXIS2_PLACEMENT_3D('',#3346,#3347,#3348);
#3346 = CARTESIAN_POINT('',(3.810007620015,55.030109220218,0.));
#3347 = DIRECTION('',(-0.,-0.,-1.));
#3348 = DIRECTION('',(1.,1.110223024625E-16,-0.));
#3349 = ADVANCED_FACE('',(#3350),#3368,.F.);
#3350 = FACE_BOUND('',#3351,.T.);
#3351 = EDGE_LOOP('',(#3352,#3353,#3360,#3361));
#3352 = ORIENTED_EDGE('',*,*,#3330,.T.);
#3353 = ORIENTED_EDGE('',*,*,#3354,.T.);
#3354 = EDGE_CURVE('',#3322,#3314,#3355,.T.);
#3355 = CIRCLE('',#3356,0.5);
#3356 = AXIS2_PLACEMENT_3D('',#3357,#3358,#3359);
#3357 = CARTESIAN_POINT('',(3.810007620015,55.030109220218,
    1.600050800102));
#3358 = DIRECTION('',(0.,0.,1.));
#3359 = DIRECTION('',(-1.,-1.110223024625E-16,0.));
#3360 = ORIENTED_EDGE('',*,*,#3311,.F.);
#3361 = ORIENTED_EDGE('',*,*,#3362,.F.);
#3362 = EDGE_CURVE('',#3331,#3312,#3363,.T.);
#3363 = CIRCLE('',#3364,0.5);
#3364 = AXIS2_PLACEMENT_3D('',#3365,#3366,#3367);
#3365 = CARTESIAN_POINT('',(3.810007620015,55.030109220218,0.));
#3366 = DIRECTION('',(0.,0.,1.));
#3367 = DIRECTION('',(-1.,-1.110223024625E-16,0.));
#3368 = CYLINDRICAL_SURFACE('',#3369,0.5);
#3369 = AXIS2_PLACEMENT_3D('',#3370,#3371,#3372);
#3370 = CARTESIAN_POINT('',(3.810007620015,55.030109220218,0.));
#3371 = DIRECTION('',(-0.,-0.,-1.));
#3372 = DIRECTION('',(-1.,-1.110223024625E-16,0.));
#3373 = ADVANCED_FACE('',(#3374),#3410,.F.);
#3374 = FACE_BOUND('',#3375,.T.);
#3375 = EDGE_LOOP('',(#3376,#3386,#3395,#3403));
#3376 = ORIENTED_EDGE('',*,*,#3377,.T.);
#3377 = EDGE_CURVE('',#3378,#3380,#3382,.T.);
#3378 = VERTEX_POINT('',#3379);
#3379 = CARTESIAN_POINT('',(7.206832613665,4.247269494539,0.));
#3380 = VERTEX_POINT('',#3381);
#3381 = CARTESIAN_POINT('',(7.206832613665,4.247269494539,1.600050800102
    ));
#3382 = LINE('',#3383,#3384);
#3383 = CARTESIAN_POINT('',(7.206832613665,4.247269494539,0.));
#3384 = VECTOR('',#3385,1.);
#3385 = DIRECTION('',(0.,0.,1.));
#3386 = ORIENTED_EDGE('',*,*,#3387,.T.);
#3387 = EDGE_CURVE('',#3380,#3388,#3390,.T.);
#3388 = VERTEX_POINT('',#3389);
#3389 = CARTESIAN_POINT('',(5.706807213614,4.247269494539,1.600050800102
    ));
#3390 = CIRCLE('',#3391,0.750012700025);
#3391 = AXIS2_PLACEMENT_3D('',#3392,#3393,#3394);
#3392 = CARTESIAN_POINT('',(6.45681991364,4.247269494539,1.600050800102)
  );
#3393 = DIRECTION('',(0.,0.,1.));
#3394 = DIRECTION('',(1.,1.110223024625E-16,-0.));
#3395 = ORIENTED_EDGE('',*,*,#3396,.F.);
#3396 = EDGE_CURVE('',#3397,#3388,#3399,.T.);
#3397 = VERTEX_POINT('',#3398);
#3398 = CARTESIAN_POINT('',(5.706807213614,4.247269494539,0.));
#3399 = LINE('',#3400,#3401);
#3400 = CARTESIAN_POINT('',(5.706807213614,4.247269494539,0.));
#3401 = VECTOR('',#3402,1.);
#3402 = DIRECTION('',(0.,0.,1.));
#3403 = ORIENTED_EDGE('',*,*,#3404,.F.);
#3404 = EDGE_CURVE('',#3378,#3397,#3405,.T.);
#3405 = CIRCLE('',#3406,0.750012700025);
#3406 = AXIS2_PLACEMENT_3D('',#3407,#3408,#3409);
#3407 = CARTESIAN_POINT('',(6.45681991364,4.247269494539,0.));
#3408 = DIRECTION('',(0.,0.,1.));
#3409 = DIRECTION('',(1.,1.110223024625E-16,-0.));
#3410 = CYLINDRICAL_SURFACE('',#3411,0.750012700025);
#3411 = AXIS2_PLACEMENT_3D('',#3412,#3413,#3414);
#3412 = CARTESIAN_POINT('',(6.45681991364,4.247269494539,0.));
#3413 = DIRECTION('',(-0.,-0.,-1.));
#3414 = DIRECTION('',(1.,1.110223024625E-16,-0.));
#3415 = ADVANCED_FACE('',(#3416),#3434,.F.);
#3416 = FACE_BOUND('',#3417,.T.);
#3417 = EDGE_LOOP('',(#3418,#3419,#3426,#3427));
#3418 = ORIENTED_EDGE('',*,*,#3396,.T.);
#3419 = ORIENTED_EDGE('',*,*,#3420,.T.);
#3420 = EDGE_CURVE('',#3388,#3380,#3421,.T.);
#3421 = CIRCLE('',#3422,0.750012700025);
#3422 = AXIS2_PLACEMENT_3D('',#3423,#3424,#3425);
#3423 = CARTESIAN_POINT('',(6.45681991364,4.247269494539,1.600050800102)
  );
#3424 = DIRECTION('',(0.,0.,1.));
#3425 = DIRECTION('',(-1.,-1.110223024625E-16,0.));
#3426 = ORIENTED_EDGE('',*,*,#3377,.F.);
#3427 = ORIENTED_EDGE('',*,*,#3428,.F.);
#3428 = EDGE_CURVE('',#3397,#3378,#3429,.T.);
#3429 = CIRCLE('',#3430,0.750012700025);
#3430 = AXIS2_PLACEMENT_3D('',#3431,#3432,#3433);
#3431 = CARTESIAN_POINT('',(6.45681991364,4.247269494539,0.));
#3432 = DIRECTION('',(0.,0.,1.));
#3433 = DIRECTION('',(-1.,-1.110223024625E-16,0.));
#3434 = CYLINDRICAL_SURFACE('',#3435,0.750012700025);
#3435 = AXIS2_PLACEMENT_3D('',#3436,#3437,#3438);
#3436 = CARTESIAN_POINT('',(6.45681991364,4.247269494539,0.));
#3437 = DIRECTION('',(-0.,-0.,-1.));
#3438 = DIRECTION('',(-1.,-1.110223024625E-16,0.));
#3439 = ADVANCED_FACE('',(#3440),#3476,.F.);
#3440 = FACE_BOUND('',#3441,.T.);
#3441 = EDGE_LOOP('',(#3442,#3452,#3461,#3469));
#3442 = ORIENTED_EDGE('',*,*,#3443,.T.);
#3443 = EDGE_CURVE('',#3444,#3446,#3448,.T.);
#3444 = VERTEX_POINT('',#3445);
#3445 = CARTESIAN_POINT('',(7.916014732029,49.296418592837,0.));
#3446 = VERTEX_POINT('',#3447);
#3447 = CARTESIAN_POINT('',(7.916014732029,49.296418592837,
    1.600050800102));
#3448 = LINE('',#3449,#3450);
#3449 = CARTESIAN_POINT('',(7.916014732029,49.296418592837,0.));
#3450 = VECTOR('',#3451,1.);
#3451 = DIRECTION('',(0.,0.,1.));
#3452 = ORIENTED_EDGE('',*,*,#3453,.T.);
#3453 = EDGE_CURVE('',#3446,#3454,#3456,.T.);
#3454 = VERTEX_POINT('',#3455);
#3455 = CARTESIAN_POINT('',(6.816014732029,49.296418592837,
    1.600050800102));
#3456 = CIRCLE('',#3457,0.55);
#3457 = AXIS2_PLACEMENT_3D('',#3458,#3459,#3460);
#3458 = CARTESIAN_POINT('',(7.366014732029,49.296418592837,
    1.600050800102));
#3459 = DIRECTION('',(0.,0.,1.));
#3460 = DIRECTION('',(1.,1.110223024625E-16,-0.));
#3461 = ORIENTED_EDGE('',*,*,#3462,.F.);
#3462 = EDGE_CURVE('',#3463,#3454,#3465,.T.);
#3463 = VERTEX_POINT('',#3464);
#3464 = CARTESIAN_POINT('',(6.816014732029,49.296418592837,0.));
#3465 = LINE('',#3466,#3467);
#3466 = CARTESIAN_POINT('',(6.816014732029,49.296418592837,0.));
#3467 = VECTOR('',#3468,1.);
#3468 = DIRECTION('',(0.,0.,1.));
#3469 = ORIENTED_EDGE('',*,*,#3470,.F.);
#3470 = EDGE_CURVE('',#3444,#3463,#3471,.T.);
#3471 = CIRCLE('',#3472,0.55);
#3472 = AXIS2_PLACEMENT_3D('',#3473,#3474,#3475);
#3473 = CARTESIAN_POINT('',(7.366014732029,49.296418592837,0.));
#3474 = DIRECTION('',(0.,0.,1.));
#3475 = DIRECTION('',(1.,1.110223024625E-16,-0.));
#3476 = CYLINDRICAL_SURFACE('',#3477,0.55);
#3477 = AXIS2_PLACEMENT_3D('',#3478,#3479,#3480);
#3478 = CARTESIAN_POINT('',(7.366014732029,49.296418592837,0.));
#3479 = DIRECTION('',(-0.,-0.,-1.));
#3480 = DIRECTION('',(1.,1.110223024625E-16,-0.));
#3481 = ADVANCED_FACE('',(#3482),#3500,.F.);
#3482 = FACE_BOUND('',#3483,.T.);
#3483 = EDGE_LOOP('',(#3484,#3485,#3492,#3493));
#3484 = ORIENTED_EDGE('',*,*,#3462,.T.);
#3485 = ORIENTED_EDGE('',*,*,#3486,.T.);
#3486 = EDGE_CURVE('',#3454,#3446,#3487,.T.);
#3487 = CIRCLE('',#3488,0.55);
#3488 = AXIS2_PLACEMENT_3D('',#3489,#3490,#3491);
#3489 = CARTESIAN_POINT('',(7.366014732029,49.296418592837,
    1.600050800102));
#3490 = DIRECTION('',(0.,0.,1.));
#3491 = DIRECTION('',(-1.,-1.110223024625E-16,0.));
#3492 = ORIENTED_EDGE('',*,*,#3443,.F.);
#3493 = ORIENTED_EDGE('',*,*,#3494,.F.);
#3494 = EDGE_CURVE('',#3463,#3444,#3495,.T.);
#3495 = CIRCLE('',#3496,0.55);
#3496 = AXIS2_PLACEMENT_3D('',#3497,#3498,#3499);
#3497 = CARTESIAN_POINT('',(7.366014732029,49.296418592837,0.));
#3498 = DIRECTION('',(0.,0.,1.));
#3499 = DIRECTION('',(-1.,-1.110223024625E-16,0.));
#3500 = CYLINDRICAL_SURFACE('',#3501,0.55);
#3501 = AXIS2_PLACEMENT_3D('',#3502,#3503,#3504);
#3502 = CARTESIAN_POINT('',(7.366014732029,49.296418592837,0.));
#3503 = DIRECTION('',(-0.,-0.,-1.));
#3504 = DIRECTION('',(-1.,-1.110223024625E-16,0.));
#3505 = ADVANCED_FACE('',(#3506),#3542,.F.);
#3506 = FACE_BOUND('',#3507,.T.);
#3507 = EDGE_LOOP('',(#3508,#3518,#3527,#3535));
#3508 = ORIENTED_EDGE('',*,*,#3509,.T.);
#3509 = EDGE_CURVE('',#3510,#3512,#3514,.T.);
#3510 = VERTEX_POINT('',#3511);
#3511 = CARTESIAN_POINT('',(7.916014732029,51.836423672847,0.));
#3512 = VERTEX_POINT('',#3513);
#3513 = CARTESIAN_POINT('',(7.916014732029,51.836423672847,
    1.600050800102));
#3514 = LINE('',#3515,#3516);
#3515 = CARTESIAN_POINT('',(7.916014732029,51.836423672847,0.));
#3516 = VECTOR('',#3517,1.);
#3517 = DIRECTION('',(0.,0.,1.));
#3518 = ORIENTED_EDGE('',*,*,#3519,.T.);
#3519 = EDGE_CURVE('',#3512,#3520,#3522,.T.);
#3520 = VERTEX_POINT('',#3521);
#3521 = CARTESIAN_POINT('',(6.816014732029,51.836423672847,
    1.600050800102));
#3522 = CIRCLE('',#3523,0.55);
#3523 = AXIS2_PLACEMENT_3D('',#3524,#3525,#3526);
#3524 = CARTESIAN_POINT('',(7.366014732029,51.836423672847,
    1.600050800102));
#3525 = DIRECTION('',(0.,0.,1.));
#3526 = DIRECTION('',(1.,1.110223024625E-16,-0.));
#3527 = ORIENTED_EDGE('',*,*,#3528,.F.);
#3528 = EDGE_CURVE('',#3529,#3520,#3531,.T.);
#3529 = VERTEX_POINT('',#3530);
#3530 = CARTESIAN_POINT('',(6.816014732029,51.836423672847,0.));
#3531 = LINE('',#3532,#3533);
#3532 = CARTESIAN_POINT('',(6.816014732029,51.836423672847,0.));
#3533 = VECTOR('',#3534,1.);
#3534 = DIRECTION('',(0.,0.,1.));
#3535 = ORIENTED_EDGE('',*,*,#3536,.F.);
#3536 = EDGE_CURVE('',#3510,#3529,#3537,.T.);
#3537 = CIRCLE('',#3538,0.55);
#3538 = AXIS2_PLACEMENT_3D('',#3539,#3540,#3541);
#3539 = CARTESIAN_POINT('',(7.366014732029,51.836423672847,0.));
#3540 = DIRECTION('',(0.,0.,1.));
#3541 = DIRECTION('',(1.,1.110223024625E-16,-0.));
#3542 = CYLINDRICAL_SURFACE('',#3543,0.55);
#3543 = AXIS2_PLACEMENT_3D('',#3544,#3545,#3546);
#3544 = CARTESIAN_POINT('',(7.366014732029,51.836423672847,0.));
#3545 = DIRECTION('',(-0.,-0.,-1.));
#3546 = DIRECTION('',(1.,1.110223024625E-16,-0.));
#3547 = ADVANCED_FACE('',(#3548),#3566,.F.);
#3548 = FACE_BOUND('',#3549,.T.);
#3549 = EDGE_LOOP('',(#3550,#3551,#3558,#3559));
#3550 = ORIENTED_EDGE('',*,*,#3528,.T.);
#3551 = ORIENTED_EDGE('',*,*,#3552,.T.);
#3552 = EDGE_CURVE('',#3520,#3512,#3553,.T.);
#3553 = CIRCLE('',#3554,0.55);
#3554 = AXIS2_PLACEMENT_3D('',#3555,#3556,#3557);
#3555 = CARTESIAN_POINT('',(7.366014732029,51.836423672847,
    1.600050800102));
#3556 = DIRECTION('',(0.,0.,1.));
#3557 = DIRECTION('',(-1.,-1.110223024625E-16,0.));
#3558 = ORIENTED_EDGE('',*,*,#3509,.F.);
#3559 = ORIENTED_EDGE('',*,*,#3560,.F.);
#3560 = EDGE_CURVE('',#3529,#3510,#3561,.T.);
#3561 = CIRCLE('',#3562,0.55);
#3562 = AXIS2_PLACEMENT_3D('',#3563,#3564,#3565);
#3563 = CARTESIAN_POINT('',(7.366014732029,51.836423672847,0.));
#3564 = DIRECTION('',(0.,0.,1.));
#3565 = DIRECTION('',(-1.,-1.110223024625E-16,0.));
#3566 = CYLINDRICAL_SURFACE('',#3567,0.55);
#3567 = AXIS2_PLACEMENT_3D('',#3568,#3569,#3570);
#3568 = CARTESIAN_POINT('',(7.366014732029,51.836423672847,0.));
#3569 = DIRECTION('',(-0.,-0.,-1.));
#3570 = DIRECTION('',(-1.,-1.110223024625E-16,0.));
#3571 = ADVANCED_FACE('',(#3572),#3608,.F.);
#3572 = FACE_BOUND('',#3573,.T.);
#3573 = EDGE_LOOP('',(#3574,#3584,#3593,#3601));
#3574 = ORIENTED_EDGE('',*,*,#3575,.T.);
#3575 = EDGE_CURVE('',#3576,#3578,#3580,.T.);
#3576 = VERTEX_POINT('',#3577);
#3577 = CARTESIAN_POINT('',(8.306832613665,1.747269494539,0.));
#3578 = VERTEX_POINT('',#3579);
#3579 = CARTESIAN_POINT('',(8.306832613665,1.747269494539,1.600050800102
    ));
#3580 = LINE('',#3581,#3582);
#3581 = CARTESIAN_POINT('',(8.306832613665,1.747269494539,0.));
#3582 = VECTOR('',#3583,1.);
#3583 = DIRECTION('',(0.,0.,1.));
#3584 = ORIENTED_EDGE('',*,*,#3585,.T.);
#3585 = EDGE_CURVE('',#3578,#3586,#3588,.T.);
#3586 = VERTEX_POINT('',#3587);
#3587 = CARTESIAN_POINT('',(7.106832613665,1.747269494539,1.600050800102
    ));
#3588 = CIRCLE('',#3589,0.6);
#3589 = AXIS2_PLACEMENT_3D('',#3590,#3591,#3592);
#3590 = CARTESIAN_POINT('',(7.706832613665,1.747269494539,1.600050800102
    ));
#3591 = DIRECTION('',(0.,0.,1.));
#3592 = DIRECTION('',(1.,1.110223024625E-16,-0.));
#3593 = ORIENTED_EDGE('',*,*,#3594,.F.);
#3594 = EDGE_CURVE('',#3595,#3586,#3597,.T.);
#3595 = VERTEX_POINT('',#3596);
#3596 = CARTESIAN_POINT('',(7.106832613665,1.747269494539,0.));
#3597 = LINE('',#3598,#3599);
#3598 = CARTESIAN_POINT('',(7.106832613665,1.747269494539,0.));
#3599 = VECTOR('',#3600,1.);
#3600 = DIRECTION('',(0.,0.,1.));
#3601 = ORIENTED_EDGE('',*,*,#3602,.F.);
#3602 = EDGE_CURVE('',#3576,#3595,#3603,.T.);
#3603 = CIRCLE('',#3604,0.6);
#3604 = AXIS2_PLACEMENT_3D('',#3605,#3606,#3607);
#3605 = CARTESIAN_POINT('',(7.706832613665,1.747269494539,0.));
#3606 = DIRECTION('',(0.,0.,1.));
#3607 = DIRECTION('',(1.,1.110223024625E-16,-0.));
#3608 = CYLINDRICAL_SURFACE('',#3609,0.6);
#3609 = AXIS2_PLACEMENT_3D('',#3610,#3611,#3612);
#3610 = CARTESIAN_POINT('',(7.706832613665,1.747269494539,0.));
#3611 = DIRECTION('',(-0.,-0.,-1.));
#3612 = DIRECTION('',(1.,1.110223024625E-16,-0.));
#3613 = ADVANCED_FACE('',(#3614),#3632,.F.);
#3614 = FACE_BOUND('',#3615,.T.);
#3615 = EDGE_LOOP('',(#3616,#3617,#3624,#3625));
#3616 = ORIENTED_EDGE('',*,*,#3594,.T.);
#3617 = ORIENTED_EDGE('',*,*,#3618,.T.);
#3618 = EDGE_CURVE('',#3586,#3578,#3619,.T.);
#3619 = CIRCLE('',#3620,0.6);
#3620 = AXIS2_PLACEMENT_3D('',#3621,#3622,#3623);
#3621 = CARTESIAN_POINT('',(7.706832613665,1.747269494539,1.600050800102
    ));
#3622 = DIRECTION('',(0.,0.,1.));
#3623 = DIRECTION('',(-1.,-1.110223024625E-16,0.));
#3624 = ORIENTED_EDGE('',*,*,#3575,.F.);
#3625 = ORIENTED_EDGE('',*,*,#3626,.F.);
#3626 = EDGE_CURVE('',#3595,#3576,#3627,.T.);
#3627 = CIRCLE('',#3628,0.6);
#3628 = AXIS2_PLACEMENT_3D('',#3629,#3630,#3631);
#3629 = CARTESIAN_POINT('',(7.706832613665,1.747269494539,0.));
#3630 = DIRECTION('',(0.,0.,1.));
#3631 = DIRECTION('',(-1.,-1.110223024625E-16,0.));
#3632 = CYLINDRICAL_SURFACE('',#3633,0.6);
#3633 = AXIS2_PLACEMENT_3D('',#3634,#3635,#3636);
#3634 = CARTESIAN_POINT('',(7.706832613665,1.747269494539,0.));
#3635 = DIRECTION('',(-0.,-0.,-1.));
#3636 = DIRECTION('',(-1.,-1.110223024625E-16,0.));
#3637 = ADVANCED_FACE('',(#3638),#3674,.F.);
#3638 = FACE_BOUND('',#3639,.T.);
#3639 = EDGE_LOOP('',(#3640,#3650,#3659,#3667));
#3640 = ORIENTED_EDGE('',*,*,#3641,.T.);
#3641 = EDGE_CURVE('',#3642,#3644,#3646,.T.);
#3642 = VERTEX_POINT('',#3643);
#3643 = CARTESIAN_POINT('',(10.45601981204,49.296418592837,0.));
#3644 = VERTEX_POINT('',#3645);
#3645 = CARTESIAN_POINT('',(10.45601981204,49.296418592837,
    1.600050800102));
#3646 = LINE('',#3647,#3648);
#3647 = CARTESIAN_POINT('',(10.45601981204,49.296418592837,0.));
#3648 = VECTOR('',#3649,1.);
#3649 = DIRECTION('',(0.,0.,1.));
#3650 = ORIENTED_EDGE('',*,*,#3651,.T.);
#3651 = EDGE_CURVE('',#3644,#3652,#3654,.T.);
#3652 = VERTEX_POINT('',#3653);
#3653 = CARTESIAN_POINT('',(9.35601981204,49.296418592837,1.600050800102
    ));
#3654 = CIRCLE('',#3655,0.55);
#3655 = AXIS2_PLACEMENT_3D('',#3656,#3657,#3658);
#3656 = CARTESIAN_POINT('',(9.90601981204,49.296418592837,1.600050800102
    ));
#3657 = DIRECTION('',(0.,0.,1.));
#3658 = DIRECTION('',(1.,1.110223024625E-16,-0.));
#3659 = ORIENTED_EDGE('',*,*,#3660,.F.);
#3660 = EDGE_CURVE('',#3661,#3652,#3663,.T.);
#3661 = VERTEX_POINT('',#3662);
#3662 = CARTESIAN_POINT('',(9.35601981204,49.296418592837,0.));
#3663 = LINE('',#3664,#3665);
#3664 = CARTESIAN_POINT('',(9.35601981204,49.296418592837,0.));
#3665 = VECTOR('',#3666,1.);
#3666 = DIRECTION('',(0.,0.,1.));
#3667 = ORIENTED_EDGE('',*,*,#3668,.F.);
#3668 = EDGE_CURVE('',#3642,#3661,#3669,.T.);
#3669 = CIRCLE('',#3670,0.55);
#3670 = AXIS2_PLACEMENT_3D('',#3671,#3672,#3673);
#3671 = CARTESIAN_POINT('',(9.90601981204,49.296418592837,0.));
#3672 = DIRECTION('',(0.,0.,1.));
#3673 = DIRECTION('',(1.,1.110223024625E-16,-0.));
#3674 = CYLINDRICAL_SURFACE('',#3675,0.55);
#3675 = AXIS2_PLACEMENT_3D('',#3676,#3677,#3678);
#3676 = CARTESIAN_POINT('',(9.90601981204,49.296418592837,0.));
#3677 = DIRECTION('',(-0.,-0.,-1.));
#3678 = DIRECTION('',(1.,1.110223024625E-16,-0.));
#3679 = ADVANCED_FACE('',(#3680),#3698,.F.);
#3680 = FACE_BOUND('',#3681,.T.);
#3681 = EDGE_LOOP('',(#3682,#3683,#3690,#3691));
#3682 = ORIENTED_EDGE('',*,*,#3660,.T.);
#3683 = ORIENTED_EDGE('',*,*,#3684,.T.);
#3684 = EDGE_CURVE('',#3652,#3644,#3685,.T.);
#3685 = CIRCLE('',#3686,0.55);
#3686 = AXIS2_PLACEMENT_3D('',#3687,#3688,#3689);
#3687 = CARTESIAN_POINT('',(9.90601981204,49.296418592837,1.600050800102
    ));
#3688 = DIRECTION('',(0.,0.,1.));
#3689 = DIRECTION('',(-1.,-1.110223024625E-16,0.));
#3690 = ORIENTED_EDGE('',*,*,#3641,.F.);
#3691 = ORIENTED_EDGE('',*,*,#3692,.F.);
#3692 = EDGE_CURVE('',#3661,#3642,#3693,.T.);
#3693 = CIRCLE('',#3694,0.55);
#3694 = AXIS2_PLACEMENT_3D('',#3695,#3696,#3697);
#3695 = CARTESIAN_POINT('',(9.90601981204,49.296418592837,0.));
#3696 = DIRECTION('',(0.,0.,1.));
#3697 = DIRECTION('',(-1.,-1.110223024625E-16,0.));
#3698 = CYLINDRICAL_SURFACE('',#3699,0.55);
#3699 = AXIS2_PLACEMENT_3D('',#3700,#3701,#3702);
#3700 = CARTESIAN_POINT('',(9.90601981204,49.296418592837,0.));
#3701 = DIRECTION('',(-0.,-0.,-1.));
#3702 = DIRECTION('',(-1.,-1.110223024625E-16,0.));
#3703 = ADVANCED_FACE('',(#3704),#3740,.F.);
#3704 = FACE_BOUND('',#3705,.T.);
#3705 = EDGE_LOOP('',(#3706,#3716,#3725,#3733));
#3706 = ORIENTED_EDGE('',*,*,#3707,.T.);
#3707 = EDGE_CURVE('',#3708,#3710,#3712,.T.);
#3708 = VERTEX_POINT('',#3709);
#3709 = CARTESIAN_POINT('',(10.45601981204,51.836423672847,0.));
#3710 = VERTEX_POINT('',#3711);
#3711 = CARTESIAN_POINT('',(10.45601981204,51.836423672847,
    1.600050800102));
#3712 = LINE('',#3713,#3714);
#3713 = CARTESIAN_POINT('',(10.45601981204,51.836423672847,0.));
#3714 = VECTOR('',#3715,1.);
#3715 = DIRECTION('',(0.,0.,1.));
#3716 = ORIENTED_EDGE('',*,*,#3717,.T.);
#3717 = EDGE_CURVE('',#3710,#3718,#3720,.T.);
#3718 = VERTEX_POINT('',#3719);
#3719 = CARTESIAN_POINT('',(9.35601981204,51.836423672847,1.600050800102
    ));
#3720 = CIRCLE('',#3721,0.55);
#3721 = AXIS2_PLACEMENT_3D('',#3722,#3723,#3724);
#3722 = CARTESIAN_POINT('',(9.90601981204,51.836423672847,1.600050800102
    ));
#3723 = DIRECTION('',(0.,0.,1.));
#3724 = DIRECTION('',(1.,1.110223024625E-16,-0.));
#3725 = ORIENTED_EDGE('',*,*,#3726,.F.);
#3726 = EDGE_CURVE('',#3727,#3718,#3729,.T.);
#3727 = VERTEX_POINT('',#3728);
#3728 = CARTESIAN_POINT('',(9.35601981204,51.836423672847,0.));
#3729 = LINE('',#3730,#3731);
#3730 = CARTESIAN_POINT('',(9.35601981204,51.836423672847,0.));
#3731 = VECTOR('',#3732,1.);
#3732 = DIRECTION('',(0.,0.,1.));
#3733 = ORIENTED_EDGE('',*,*,#3734,.F.);
#3734 = EDGE_CURVE('',#3708,#3727,#3735,.T.);
#3735 = CIRCLE('',#3736,0.55);
#3736 = AXIS2_PLACEMENT_3D('',#3737,#3738,#3739);
#3737 = CARTESIAN_POINT('',(9.90601981204,51.836423672847,0.));
#3738 = DIRECTION('',(0.,0.,1.));
#3739 = DIRECTION('',(1.,1.110223024625E-16,-0.));
#3740 = CYLINDRICAL_SURFACE('',#3741,0.55);
#3741 = AXIS2_PLACEMENT_3D('',#3742,#3743,#3744);
#3742 = CARTESIAN_POINT('',(9.90601981204,51.836423672847,0.));
#3743 = DIRECTION('',(-0.,-0.,-1.));
#3744 = DIRECTION('',(1.,1.110223024625E-16,-0.));
#3745 = ADVANCED_FACE('',(#3746),#3764,.F.);
#3746 = FACE_BOUND('',#3747,.T.);
#3747 = EDGE_LOOP('',(#3748,#3749,#3756,#3757));
#3748 = ORIENTED_EDGE('',*,*,#3726,.T.);
#3749 = ORIENTED_EDGE('',*,*,#3750,.T.);
#3750 = EDGE_CURVE('',#3718,#3710,#3751,.T.);
#3751 = CIRCLE('',#3752,0.55);
#3752 = AXIS2_PLACEMENT_3D('',#3753,#3754,#3755);
#3753 = CARTESIAN_POINT('',(9.90601981204,51.836423672847,1.600050800102
    ));
#3754 = DIRECTION('',(0.,0.,1.));
#3755 = DIRECTION('',(-1.,-1.110223024625E-16,0.));
#3756 = ORIENTED_EDGE('',*,*,#3707,.F.);
#3757 = ORIENTED_EDGE('',*,*,#3758,.F.);
#3758 = EDGE_CURVE('',#3727,#3708,#3759,.T.);
#3759 = CIRCLE('',#3760,0.55);
#3760 = AXIS2_PLACEMENT_3D('',#3761,#3762,#3763);
#3761 = CARTESIAN_POINT('',(9.90601981204,51.836423672847,0.));
#3762 = DIRECTION('',(0.,0.,1.));
#3763 = DIRECTION('',(-1.,-1.110223024625E-16,0.));
#3764 = CYLINDRICAL_SURFACE('',#3765,0.55);
#3765 = AXIS2_PLACEMENT_3D('',#3766,#3767,#3768);
#3766 = CARTESIAN_POINT('',(9.90601981204,51.836423672847,0.));
#3767 = DIRECTION('',(-0.,-0.,-1.));
#3768 = DIRECTION('',(-1.,-1.110223024625E-16,0.));
#3769 = ADVANCED_FACE('',(#3770),#3806,.F.);
#3770 = FACE_BOUND('',#3771,.T.);
#3771 = EDGE_LOOP('',(#3772,#3782,#3791,#3799));
#3772 = ORIENTED_EDGE('',*,*,#3773,.T.);
#3773 = EDGE_CURVE('',#3774,#3776,#3778,.T.);
#3774 = VERTEX_POINT('',#3775);
#3775 = CARTESIAN_POINT('',(10.516992633985,45.283210566421,0.));
#3776 = VERTEX_POINT('',#3777);
#3777 = CARTESIAN_POINT('',(10.516992633985,45.283210566421,
    1.600050800102));
#3778 = LINE('',#3779,#3780);
#3779 = CARTESIAN_POINT('',(10.516992633985,45.283210566421,0.));
#3780 = VECTOR('',#3781,1.);
#3781 = DIRECTION('',(0.,0.,1.));
#3782 = ORIENTED_EDGE('',*,*,#3783,.T.);
#3783 = EDGE_CURVE('',#3776,#3784,#3786,.T.);
#3784 = VERTEX_POINT('',#3785);
#3785 = CARTESIAN_POINT('',(9.416967233934,45.283210566421,
    1.600050800102));
#3786 = CIRCLE('',#3787,0.550012700025);
#3787 = AXIS2_PLACEMENT_3D('',#3788,#3789,#3790);
#3788 = CARTESIAN_POINT('',(9.96697993396,45.283210566421,1.600050800102
    ));
#3789 = DIRECTION('',(0.,0.,1.));
#3790 = DIRECTION('',(1.,1.110223024625E-16,-0.));
#3791 = ORIENTED_EDGE('',*,*,#3792,.F.);
#3792 = EDGE_CURVE('',#3793,#3784,#3795,.T.);
#3793 = VERTEX_POINT('',#3794);
#3794 = CARTESIAN_POINT('',(9.416967233934,45.283210566421,0.));
#3795 = LINE('',#3796,#3797);
#3796 = CARTESIAN_POINT('',(9.416967233934,45.283210566421,0.));
#3797 = VECTOR('',#3798,1.);
#3798 = DIRECTION('',(0.,0.,1.));
#3799 = ORIENTED_EDGE('',*,*,#3800,.F.);
#3800 = EDGE_CURVE('',#3774,#3793,#3801,.T.);
#3801 = CIRCLE('',#3802,0.550012700025);
#3802 = AXIS2_PLACEMENT_3D('',#3803,#3804,#3805);
#3803 = CARTESIAN_POINT('',(9.96697993396,45.283210566421,0.));
#3804 = DIRECTION('',(0.,0.,1.));
#3805 = DIRECTION('',(1.,1.110223024625E-16,-0.));
#3806 = CYLINDRICAL_SURFACE('',#3807,0.550012700025);
#3807 = AXIS2_PLACEMENT_3D('',#3808,#3809,#3810);
#3808 = CARTESIAN_POINT('',(9.96697993396,45.283210566421,0.));
#3809 = DIRECTION('',(-0.,-0.,-1.));
#3810 = DIRECTION('',(1.,1.110223024625E-16,-0.));
#3811 = ADVANCED_FACE('',(#3812),#3830,.F.);
#3812 = FACE_BOUND('',#3813,.T.);
#3813 = EDGE_LOOP('',(#3814,#3815,#3822,#3823));
#3814 = ORIENTED_EDGE('',*,*,#3792,.T.);
#3815 = ORIENTED_EDGE('',*,*,#3816,.T.);
#3816 = EDGE_CURVE('',#3784,#3776,#3817,.T.);
#3817 = CIRCLE('',#3818,0.550012700025);
#3818 = AXIS2_PLACEMENT_3D('',#3819,#3820,#3821);
#3819 = CARTESIAN_POINT('',(9.96697993396,45.283210566421,1.600050800102
    ));
#3820 = DIRECTION('',(0.,0.,1.));
#3821 = DIRECTION('',(-1.,-1.110223024625E-16,0.));
#3822 = ORIENTED_EDGE('',*,*,#3773,.F.);
#3823 = ORIENTED_EDGE('',*,*,#3824,.F.);
#3824 = EDGE_CURVE('',#3793,#3774,#3825,.T.);
#3825 = CIRCLE('',#3826,0.550012700025);
#3826 = AXIS2_PLACEMENT_3D('',#3827,#3828,#3829);
#3827 = CARTESIAN_POINT('',(9.96697993396,45.283210566421,0.));
#3828 = DIRECTION('',(0.,0.,1.));
#3829 = DIRECTION('',(-1.,-1.110223024625E-16,0.));
#3830 = CYLINDRICAL_SURFACE('',#3831,0.550012700025);
#3831 = AXIS2_PLACEMENT_3D('',#3832,#3833,#3834);
#3832 = CARTESIAN_POINT('',(9.96697993396,45.283210566421,0.));
#3833 = DIRECTION('',(-0.,-0.,-1.));
#3834 = DIRECTION('',(-1.,-1.110223024625E-16,0.));
#3835 = ADVANCED_FACE('',(#3836),#3872,.F.);
#3836 = FACE_BOUND('',#3837,.T.);
#3837 = EDGE_LOOP('',(#3838,#3848,#3857,#3865));
#3838 = ORIENTED_EDGE('',*,*,#3839,.T.);
#3839 = EDGE_CURVE('',#3840,#3842,#3844,.T.);
#3840 = VERTEX_POINT('',#3841);
#3841 = CARTESIAN_POINT('',(12.447396494793,56.012192024384,0.));
#3842 = VERTEX_POINT('',#3843);
#3843 = CARTESIAN_POINT('',(12.447396494793,56.012192024384,
    1.600050800102));
#3844 = LINE('',#3845,#3846);
#3845 = CARTESIAN_POINT('',(12.447396494793,56.012192024384,0.));
#3846 = VECTOR('',#3847,1.);
#3847 = DIRECTION('',(0.,0.,1.));
#3848 = ORIENTED_EDGE('',*,*,#3849,.T.);
#3849 = EDGE_CURVE('',#3842,#3850,#3852,.T.);
#3850 = VERTEX_POINT('',#3851);
#3851 = CARTESIAN_POINT('',(11.347371094742,56.012192024384,
    1.600050800102));
#3852 = CIRCLE('',#3853,0.550012700025);
#3853 = AXIS2_PLACEMENT_3D('',#3854,#3855,#3856);
#3854 = CARTESIAN_POINT('',(11.897383794768,56.012192024384,
    1.600050800102));
#3855 = DIRECTION('',(0.,0.,1.));
#3856 = DIRECTION('',(1.,1.110223024625E-16,-0.));
#3857 = ORIENTED_EDGE('',*,*,#3858,.F.);
#3858 = EDGE_CURVE('',#3859,#3850,#3861,.T.);
#3859 = VERTEX_POINT('',#3860);
#3860 = CARTESIAN_POINT('',(11.347371094742,56.012192024384,0.));
#3861 = LINE('',#3862,#3863);
#3862 = CARTESIAN_POINT('',(11.347371094742,56.012192024384,0.));
#3863 = VECTOR('',#3864,1.);
#3864 = DIRECTION('',(0.,0.,1.));
#3865 = ORIENTED_EDGE('',*,*,#3866,.F.);
#3866 = EDGE_CURVE('',#3840,#3859,#3867,.T.);
#3867 = CIRCLE('',#3868,0.550012700025);
#3868 = AXIS2_PLACEMENT_3D('',#3869,#3870,#3871);
#3869 = CARTESIAN_POINT('',(11.897383794768,56.012192024384,0.));
#3870 = DIRECTION('',(0.,0.,1.));
#3871 = DIRECTION('',(1.,1.110223024625E-16,-0.));
#3872 = CYLINDRICAL_SURFACE('',#3873,0.550012700025);
#3873 = AXIS2_PLACEMENT_3D('',#3874,#3875,#3876);
#3874 = CARTESIAN_POINT('',(11.897383794768,56.012192024384,0.));
#3875 = DIRECTION('',(-0.,-0.,-1.));
#3876 = DIRECTION('',(1.,1.110223024625E-16,-0.));
#3877 = ADVANCED_FACE('',(#3878),#3896,.F.);
#3878 = FACE_BOUND('',#3879,.T.);
#3879 = EDGE_LOOP('',(#3880,#3881,#3888,#3889));
#3880 = ORIENTED_EDGE('',*,*,#3858,.T.);
#3881 = ORIENTED_EDGE('',*,*,#3882,.T.);
#3882 = EDGE_CURVE('',#3850,#3842,#3883,.T.);
#3883 = CIRCLE('',#3884,0.550012700025);
#3884 = AXIS2_PLACEMENT_3D('',#3885,#3886,#3887);
#3885 = CARTESIAN_POINT('',(11.897383794768,56.012192024384,
    1.600050800102));
#3886 = DIRECTION('',(0.,0.,1.));
#3887 = DIRECTION('',(-1.,-1.110223024625E-16,0.));
#3888 = ORIENTED_EDGE('',*,*,#3839,.F.);
#3889 = ORIENTED_EDGE('',*,*,#3890,.F.);
#3890 = EDGE_CURVE('',#3859,#3840,#3891,.T.);
#3891 = CIRCLE('',#3892,0.550012700025);
#3892 = AXIS2_PLACEMENT_3D('',#3893,#3894,#3895);
#3893 = CARTESIAN_POINT('',(11.897383794768,56.012192024384,0.));
#3894 = DIRECTION('',(0.,0.,1.));
#3895 = DIRECTION('',(-1.,-1.110223024625E-16,0.));
#3896 = CYLINDRICAL_SURFACE('',#3897,0.550012700025);
#3897 = AXIS2_PLACEMENT_3D('',#3898,#3899,#3900);
#3898 = CARTESIAN_POINT('',(11.897383794768,56.012192024384,0.));
#3899 = DIRECTION('',(-0.,-0.,-1.));
#3900 = DIRECTION('',(-1.,-1.110223024625E-16,0.));
#3901 = ADVANCED_FACE('',(#3902),#3938,.F.);
#3902 = FACE_BOUND('',#3903,.T.);
#3903 = EDGE_LOOP('',(#3904,#3914,#3923,#3931));
#3904 = ORIENTED_EDGE('',*,*,#3905,.T.);
#3905 = EDGE_CURVE('',#3906,#3908,#3910,.T.);
#3906 = VERTEX_POINT('',#3907);
#3907 = CARTESIAN_POINT('',(12.447396494793,58.552197104394,0.));
#3908 = VERTEX_POINT('',#3909);
#3909 = CARTESIAN_POINT('',(12.447396494793,58.552197104394,
    1.600050800102));
#3910 = LINE('',#3911,#3912);
#3911 = CARTESIAN_POINT('',(12.447396494793,58.552197104394,0.));
#3912 = VECTOR('',#3913,1.);
#3913 = DIRECTION('',(0.,0.,1.));
#3914 = ORIENTED_EDGE('',*,*,#3915,.T.);
#3915 = EDGE_CURVE('',#3908,#3916,#3918,.T.);
#3916 = VERTEX_POINT('',#3917);
#3917 = CARTESIAN_POINT('',(11.347371094742,58.552197104394,
    1.600050800102));
#3918 = CIRCLE('',#3919,0.550012700025);
#3919 = AXIS2_PLACEMENT_3D('',#3920,#3921,#3922);
#3920 = CARTESIAN_POINT('',(11.897383794768,58.552197104394,
    1.600050800102));
#3921 = DIRECTION('',(0.,0.,1.));
#3922 = DIRECTION('',(1.,1.110223024625E-16,-0.));
#3923 = ORIENTED_EDGE('',*,*,#3924,.F.);
#3924 = EDGE_CURVE('',#3925,#3916,#3927,.T.);
#3925 = VERTEX_POINT('',#3926);
#3926 = CARTESIAN_POINT('',(11.347371094742,58.552197104394,0.));
#3927 = LINE('',#3928,#3929);
#3928 = CARTESIAN_POINT('',(11.347371094742,58.552197104394,0.));
#3929 = VECTOR('',#3930,1.);
#3930 = DIRECTION('',(0.,0.,1.));
#3931 = ORIENTED_EDGE('',*,*,#3932,.F.);
#3932 = EDGE_CURVE('',#3906,#3925,#3933,.T.);
#3933 = CIRCLE('',#3934,0.550012700025);
#3934 = AXIS2_PLACEMENT_3D('',#3935,#3936,#3937);
#3935 = CARTESIAN_POINT('',(11.897383794768,58.552197104394,0.));
#3936 = DIRECTION('',(0.,0.,1.));
#3937 = DIRECTION('',(1.,1.110223024625E-16,-0.));
#3938 = CYLINDRICAL_SURFACE('',#3939,0.550012700025);
#3939 = AXIS2_PLACEMENT_3D('',#3940,#3941,#3942);
#3940 = CARTESIAN_POINT('',(11.897383794768,58.552197104394,0.));
#3941 = DIRECTION('',(-0.,-0.,-1.));
#3942 = DIRECTION('',(1.,1.110223024625E-16,-0.));
#3943 = ADVANCED_FACE('',(#3944),#3962,.F.);
#3944 = FACE_BOUND('',#3945,.T.);
#3945 = EDGE_LOOP('',(#3946,#3947,#3954,#3955));
#3946 = ORIENTED_EDGE('',*,*,#3924,.T.);
#3947 = ORIENTED_EDGE('',*,*,#3948,.T.);
#3948 = EDGE_CURVE('',#3916,#3908,#3949,.T.);
#3949 = CIRCLE('',#3950,0.550012700025);
#3950 = AXIS2_PLACEMENT_3D('',#3951,#3952,#3953);
#3951 = CARTESIAN_POINT('',(11.897383794768,58.552197104394,
    1.600050800102));
#3952 = DIRECTION('',(0.,0.,1.));
#3953 = DIRECTION('',(-1.,-1.110223024625E-16,0.));
#3954 = ORIENTED_EDGE('',*,*,#3905,.F.);
#3955 = ORIENTED_EDGE('',*,*,#3956,.F.);
#3956 = EDGE_CURVE('',#3925,#3906,#3957,.T.);
#3957 = CIRCLE('',#3958,0.550012700025);
#3958 = AXIS2_PLACEMENT_3D('',#3959,#3960,#3961);
#3959 = CARTESIAN_POINT('',(11.897383794768,58.552197104394,0.));
#3960 = DIRECTION('',(0.,0.,1.));
#3961 = DIRECTION('',(-1.,-1.110223024625E-16,0.));
#3962 = CYLINDRICAL_SURFACE('',#3963,0.550012700025);
#3963 = AXIS2_PLACEMENT_3D('',#3964,#3965,#3966);
#3964 = CARTESIAN_POINT('',(11.897383794768,58.552197104394,0.));
#3965 = DIRECTION('',(-0.,-0.,-1.));
#3966 = DIRECTION('',(-1.,-1.110223024625E-16,0.));
#3967 = ADVANCED_FACE('',(#3968),#4004,.F.);
#3968 = FACE_BOUND('',#3969,.T.);
#3969 = EDGE_LOOP('',(#3970,#3980,#3989,#3997));
#3970 = ORIENTED_EDGE('',*,*,#3971,.T.);
#3971 = EDGE_CURVE('',#3972,#3974,#3976,.T.);
#3972 = VERTEX_POINT('',#3973);
#3973 = CARTESIAN_POINT('',(12.806858013716,1.747269494539,0.));
#3974 = VERTEX_POINT('',#3975);
#3975 = CARTESIAN_POINT('',(12.806858013716,1.747269494539,
    1.600050800102));
#3976 = LINE('',#3977,#3978);
#3977 = CARTESIAN_POINT('',(12.806858013716,1.747269494539,0.));
#3978 = VECTOR('',#3979,1.);
#3979 = DIRECTION('',(0.,0.,1.));
#3980 = ORIENTED_EDGE('',*,*,#3981,.T.);
#3981 = EDGE_CURVE('',#3974,#3982,#3984,.T.);
#3982 = VERTEX_POINT('',#3983);
#3983 = CARTESIAN_POINT('',(11.606858013716,1.747269494539,
    1.600050800102));
#3984 = CIRCLE('',#3985,0.6);
#3985 = AXIS2_PLACEMENT_3D('',#3986,#3987,#3988);
#3986 = CARTESIAN_POINT('',(12.206858013716,1.747269494539,
    1.600050800102));
#3987 = DIRECTION('',(0.,0.,1.));
#3988 = DIRECTION('',(1.,1.110223024625E-16,-0.));
#3989 = ORIENTED_EDGE('',*,*,#3990,.F.);
#3990 = EDGE_CURVE('',#3991,#3982,#3993,.T.);
#3991 = VERTEX_POINT('',#3992);
#3992 = CARTESIAN_POINT('',(11.606858013716,1.747269494539,0.));
#3993 = LINE('',#3994,#3995);
#3994 = CARTESIAN_POINT('',(11.606858013716,1.747269494539,0.));
#3995 = VECTOR('',#3996,1.);
#3996 = DIRECTION('',(0.,0.,1.));
#3997 = ORIENTED_EDGE('',*,*,#3998,.F.);
#3998 = EDGE_CURVE('',#3972,#3991,#3999,.T.);
#3999 = CIRCLE('',#4000,0.6);
#4000 = AXIS2_PLACEMENT_3D('',#4001,#4002,#4003);
#4001 = CARTESIAN_POINT('',(12.206858013716,1.747269494539,0.));
#4002 = DIRECTION('',(0.,0.,1.));
#4003 = DIRECTION('',(1.,1.110223024625E-16,-0.));
#4004 = CYLINDRICAL_SURFACE('',#4005,0.6);
#4005 = AXIS2_PLACEMENT_3D('',#4006,#4007,#4008);
#4006 = CARTESIAN_POINT('',(12.206858013716,1.747269494539,0.));
#4007 = DIRECTION('',(-0.,-0.,-1.));
#4008 = DIRECTION('',(1.,1.110223024625E-16,-0.));
#4009 = ADVANCED_FACE('',(#4010),#4028,.F.);
#4010 = FACE_BOUND('',#4011,.T.);
#4011 = EDGE_LOOP('',(#4012,#4013,#4020,#4021));
#4012 = ORIENTED_EDGE('',*,*,#3990,.T.);
#4013 = ORIENTED_EDGE('',*,*,#4014,.T.);
#4014 = EDGE_CURVE('',#3982,#3974,#4015,.T.);
#4015 = CIRCLE('',#4016,0.6);
#4016 = AXIS2_PLACEMENT_3D('',#4017,#4018,#4019);
#4017 = CARTESIAN_POINT('',(12.206858013716,1.747269494539,
    1.600050800102));
#4018 = DIRECTION('',(0.,0.,1.));
#4019 = DIRECTION('',(-1.,-1.110223024625E-16,0.));
#4020 = ORIENTED_EDGE('',*,*,#3971,.F.);
#4021 = ORIENTED_EDGE('',*,*,#4022,.F.);
#4022 = EDGE_CURVE('',#3991,#3972,#4023,.T.);
#4023 = CIRCLE('',#4024,0.6);
#4024 = AXIS2_PLACEMENT_3D('',#4025,#4026,#4027);
#4025 = CARTESIAN_POINT('',(12.206858013716,1.747269494539,0.));
#4026 = DIRECTION('',(0.,0.,1.));
#4027 = DIRECTION('',(-1.,-1.110223024625E-16,0.));
#4028 = CYLINDRICAL_SURFACE('',#4029,0.6);
#4029 = AXIS2_PLACEMENT_3D('',#4030,#4031,#4032);
#4030 = CARTESIAN_POINT('',(12.206858013716,1.747269494539,0.));
#4031 = DIRECTION('',(-0.,-0.,-1.));
#4032 = DIRECTION('',(-1.,-1.110223024625E-16,0.));
#4033 = ADVANCED_FACE('',(#4034),#4070,.F.);
#4034 = FACE_BOUND('',#4035,.T.);
#4035 = EDGE_LOOP('',(#4036,#4046,#4055,#4063));
#4036 = ORIENTED_EDGE('',*,*,#4037,.T.);
#4037 = EDGE_CURVE('',#4038,#4040,#4042,.T.);
#4038 = VERTEX_POINT('',#4039);
#4039 = CARTESIAN_POINT('',(12.99602489205,49.296418592837,0.));
#4040 = VERTEX_POINT('',#4041);
#4041 = CARTESIAN_POINT('',(12.99602489205,49.296418592837,
    1.600050800102));
#4042 = LINE('',#4043,#4044);
#4043 = CARTESIAN_POINT('',(12.99602489205,49.296418592837,0.));
#4044 = VECTOR('',#4045,1.);
#4045 = DIRECTION('',(0.,0.,1.));
#4046 = ORIENTED_EDGE('',*,*,#4047,.T.);
#4047 = EDGE_CURVE('',#4040,#4048,#4050,.T.);
#4048 = VERTEX_POINT('',#4049);
#4049 = CARTESIAN_POINT('',(11.89602489205,49.296418592837,
    1.600050800102));
#4050 = CIRCLE('',#4051,0.55);
#4051 = AXIS2_PLACEMENT_3D('',#4052,#4053,#4054);
#4052 = CARTESIAN_POINT('',(12.44602489205,49.296418592837,
    1.600050800102));
#4053 = DIRECTION('',(0.,0.,1.));
#4054 = DIRECTION('',(1.,1.110223024625E-16,-0.));
#4055 = ORIENTED_EDGE('',*,*,#4056,.F.);
#4056 = EDGE_CURVE('',#4057,#4048,#4059,.T.);
#4057 = VERTEX_POINT('',#4058);
#4058 = CARTESIAN_POINT('',(11.89602489205,49.296418592837,0.));
#4059 = LINE('',#4060,#4061);
#4060 = CARTESIAN_POINT('',(11.89602489205,49.296418592837,0.));
#4061 = VECTOR('',#4062,1.);
#4062 = DIRECTION('',(0.,0.,1.));
#4063 = ORIENTED_EDGE('',*,*,#4064,.F.);
#4064 = EDGE_CURVE('',#4038,#4057,#4065,.T.);
#4065 = CIRCLE('',#4066,0.55);
#4066 = AXIS2_PLACEMENT_3D('',#4067,#4068,#4069);
#4067 = CARTESIAN_POINT('',(12.44602489205,49.296418592837,0.));
#4068 = DIRECTION('',(0.,0.,1.));
#4069 = DIRECTION('',(1.,1.110223024625E-16,-0.));
#4070 = CYLINDRICAL_SURFACE('',#4071,0.55);
#4071 = AXIS2_PLACEMENT_3D('',#4072,#4073,#4074);
#4072 = CARTESIAN_POINT('',(12.44602489205,49.296418592837,0.));
#4073 = DIRECTION('',(-0.,-0.,-1.));
#4074 = DIRECTION('',(1.,1.110223024625E-16,-0.));
#4075 = ADVANCED_FACE('',(#4076),#4094,.F.);
#4076 = FACE_BOUND('',#4077,.T.);
#4077 = EDGE_LOOP('',(#4078,#4079,#4086,#4087));
#4078 = ORIENTED_EDGE('',*,*,#4056,.T.);
#4079 = ORIENTED_EDGE('',*,*,#4080,.T.);
#4080 = EDGE_CURVE('',#4048,#4040,#4081,.T.);
#4081 = CIRCLE('',#4082,0.55);
#4082 = AXIS2_PLACEMENT_3D('',#4083,#4084,#4085);
#4083 = CARTESIAN_POINT('',(12.44602489205,49.296418592837,
    1.600050800102));
#4084 = DIRECTION('',(0.,0.,1.));
#4085 = DIRECTION('',(-1.,-1.110223024625E-16,0.));
#4086 = ORIENTED_EDGE('',*,*,#4037,.F.);
#4087 = ORIENTED_EDGE('',*,*,#4088,.F.);
#4088 = EDGE_CURVE('',#4057,#4038,#4089,.T.);
#4089 = CIRCLE('',#4090,0.55);
#4090 = AXIS2_PLACEMENT_3D('',#4091,#4092,#4093);
#4091 = CARTESIAN_POINT('',(12.44602489205,49.296418592837,0.));
#4092 = DIRECTION('',(0.,0.,1.));
#4093 = DIRECTION('',(-1.,-1.110223024625E-16,0.));
#4094 = CYLINDRICAL_SURFACE('',#4095,0.55);
#4095 = AXIS2_PLACEMENT_3D('',#4096,#4097,#4098);
#4096 = CARTESIAN_POINT('',(12.44602489205,49.296418592837,0.));
#4097 = DIRECTION('',(-0.,-0.,-1.));
#4098 = DIRECTION('',(-1.,-1.110223024625E-16,0.));
#4099 = ADVANCED_FACE('',(#4100),#4136,.F.);
#4100 = FACE_BOUND('',#4101,.T.);
#4101 = EDGE_LOOP('',(#4102,#4112,#4121,#4129));
#4102 = ORIENTED_EDGE('',*,*,#4103,.T.);
#4103 = EDGE_CURVE('',#4104,#4106,#4108,.T.);
#4104 = VERTEX_POINT('',#4105);
#4105 = CARTESIAN_POINT('',(12.99602489205,51.836423672847,0.));
#4106 = VERTEX_POINT('',#4107);
#4107 = CARTESIAN_POINT('',(12.99602489205,51.836423672847,
    1.600050800102));
#4108 = LINE('',#4109,#4110);
#4109 = CARTESIAN_POINT('',(12.99602489205,51.836423672847,0.));
#4110 = VECTOR('',#4111,1.);
#4111 = DIRECTION('',(0.,0.,1.));
#4112 = ORIENTED_EDGE('',*,*,#4113,.T.);
#4113 = EDGE_CURVE('',#4106,#4114,#4116,.T.);
#4114 = VERTEX_POINT('',#4115);
#4115 = CARTESIAN_POINT('',(11.89602489205,51.836423672847,
    1.600050800102));
#4116 = CIRCLE('',#4117,0.55);
#4117 = AXIS2_PLACEMENT_3D('',#4118,#4119,#4120);
#4118 = CARTESIAN_POINT('',(12.44602489205,51.836423672847,
    1.600050800102));
#4119 = DIRECTION('',(0.,0.,1.));
#4120 = DIRECTION('',(1.,1.110223024625E-16,-0.));
#4121 = ORIENTED_EDGE('',*,*,#4122,.F.);
#4122 = EDGE_CURVE('',#4123,#4114,#4125,.T.);
#4123 = VERTEX_POINT('',#4124);
#4124 = CARTESIAN_POINT('',(11.89602489205,51.836423672847,0.));
#4125 = LINE('',#4126,#4127);
#4126 = CARTESIAN_POINT('',(11.89602489205,51.836423672847,0.));
#4127 = VECTOR('',#4128,1.);
#4128 = DIRECTION('',(0.,0.,1.));
#4129 = ORIENTED_EDGE('',*,*,#4130,.F.);
#4130 = EDGE_CURVE('',#4104,#4123,#4131,.T.);
#4131 = CIRCLE('',#4132,0.55);
#4132 = AXIS2_PLACEMENT_3D('',#4133,#4134,#4135);
#4133 = CARTESIAN_POINT('',(12.44602489205,51.836423672847,0.));
#4134 = DIRECTION('',(0.,0.,1.));
#4135 = DIRECTION('',(1.,1.110223024625E-16,-0.));
#4136 = CYLINDRICAL_SURFACE('',#4137,0.55);
#4137 = AXIS2_PLACEMENT_3D('',#4138,#4139,#4140);
#4138 = CARTESIAN_POINT('',(12.44602489205,51.836423672847,0.));
#4139 = DIRECTION('',(-0.,-0.,-1.));
#4140 = DIRECTION('',(1.,1.110223024625E-16,-0.));
#4141 = ADVANCED_FACE('',(#4142),#4160,.F.);
#4142 = FACE_BOUND('',#4143,.T.);
#4143 = EDGE_LOOP('',(#4144,#4145,#4152,#4153));
#4144 = ORIENTED_EDGE('',*,*,#4122,.T.);
#4145 = ORIENTED_EDGE('',*,*,#4146,.T.);
#4146 = EDGE_CURVE('',#4114,#4106,#4147,.T.);
#4147 = CIRCLE('',#4148,0.55);
#4148 = AXIS2_PLACEMENT_3D('',#4149,#4150,#4151);
#4149 = CARTESIAN_POINT('',(12.44602489205,51.836423672847,
    1.600050800102));
#4150 = DIRECTION('',(0.,0.,1.));
#4151 = DIRECTION('',(-1.,-1.110223024625E-16,0.));
#4152 = ORIENTED_EDGE('',*,*,#4103,.F.);
#4153 = ORIENTED_EDGE('',*,*,#4154,.F.);
#4154 = EDGE_CURVE('',#4123,#4104,#4155,.T.);
#4155 = CIRCLE('',#4156,0.55);
#4156 = AXIS2_PLACEMENT_3D('',#4157,#4158,#4159);
#4157 = CARTESIAN_POINT('',(12.44602489205,51.836423672847,0.));
#4158 = DIRECTION('',(0.,0.,1.));
#4159 = DIRECTION('',(-1.,-1.110223024625E-16,0.));
#4160 = CYLINDRICAL_SURFACE('',#4161,0.55);
#4161 = AXIS2_PLACEMENT_3D('',#4162,#4163,#4164);
#4162 = CARTESIAN_POINT('',(12.44602489205,51.836423672847,0.));
#4163 = DIRECTION('',(-0.,-0.,-1.));
#4164 = DIRECTION('',(-1.,-1.110223024625E-16,0.));
#4165 = ADVANCED_FACE('',(#4166),#4202,.F.);
#4166 = FACE_BOUND('',#4167,.T.);
#4167 = EDGE_LOOP('',(#4168,#4178,#4187,#4195));
#4168 = ORIENTED_EDGE('',*,*,#4169,.T.);
#4169 = EDGE_CURVE('',#4170,#4172,#4174,.T.);
#4170 = VERTEX_POINT('',#4171);
#4171 = CARTESIAN_POINT('',(13.056997713995,45.283210566421,0.));
#4172 = VERTEX_POINT('',#4173);
#4173 = CARTESIAN_POINT('',(13.056997713995,45.283210566421,
    1.600050800102));
#4174 = LINE('',#4175,#4176);
#4175 = CARTESIAN_POINT('',(13.056997713995,45.283210566421,0.));
#4176 = VECTOR('',#4177,1.);
#4177 = DIRECTION('',(0.,0.,1.));
#4178 = ORIENTED_EDGE('',*,*,#4179,.T.);
#4179 = EDGE_CURVE('',#4172,#4180,#4182,.T.);
#4180 = VERTEX_POINT('',#4181);
#4181 = CARTESIAN_POINT('',(11.956972313945,45.283210566421,
    1.600050800102));
#4182 = CIRCLE('',#4183,0.550012700025);
#4183 = AXIS2_PLACEMENT_3D('',#4184,#4185,#4186);
#4184 = CARTESIAN_POINT('',(12.50698501397,45.283210566421,
    1.600050800102));
#4185 = DIRECTION('',(0.,0.,1.));
#4186 = DIRECTION('',(1.,1.110223024625E-16,-0.));
#4187 = ORIENTED_EDGE('',*,*,#4188,.F.);
#4188 = EDGE_CURVE('',#4189,#4180,#4191,.T.);
#4189 = VERTEX_POINT('',#4190);
#4190 = CARTESIAN_POINT('',(11.956972313945,45.283210566421,0.));
#4191 = LINE('',#4192,#4193);
#4192 = CARTESIAN_POINT('',(11.956972313945,45.283210566421,0.));
#4193 = VECTOR('',#4194,1.);
#4194 = DIRECTION('',(0.,0.,1.));
#4195 = ORIENTED_EDGE('',*,*,#4196,.F.);
#4196 = EDGE_CURVE('',#4170,#4189,#4197,.T.);
#4197 = CIRCLE('',#4198,0.550012700025);
#4198 = AXIS2_PLACEMENT_3D('',#4199,#4200,#4201);
#4199 = CARTESIAN_POINT('',(12.50698501397,45.283210566421,0.));
#4200 = DIRECTION('',(0.,0.,1.));
#4201 = DIRECTION('',(1.,1.110223024625E-16,-0.));
#4202 = CYLINDRICAL_SURFACE('',#4203,0.550012700025);
#4203 = AXIS2_PLACEMENT_3D('',#4204,#4205,#4206);
#4204 = CARTESIAN_POINT('',(12.50698501397,45.283210566421,0.));
#4205 = DIRECTION('',(-0.,-0.,-1.));
#4206 = DIRECTION('',(1.,1.110223024625E-16,-0.));
#4207 = ADVANCED_FACE('',(#4208),#4226,.F.);
#4208 = FACE_BOUND('',#4209,.T.);
#4209 = EDGE_LOOP('',(#4210,#4211,#4218,#4219));
#4210 = ORIENTED_EDGE('',*,*,#4188,.T.);
#4211 = ORIENTED_EDGE('',*,*,#4212,.T.);
#4212 = EDGE_CURVE('',#4180,#4172,#4213,.T.);
#4213 = CIRCLE('',#4214,0.550012700025);
#4214 = AXIS2_PLACEMENT_3D('',#4215,#4216,#4217);
#4215 = CARTESIAN_POINT('',(12.50698501397,45.283210566421,
    1.600050800102));
#4216 = DIRECTION('',(0.,0.,1.));
#4217 = DIRECTION('',(-1.,-1.110223024625E-16,0.));
#4218 = ORIENTED_EDGE('',*,*,#4169,.F.);
#4219 = ORIENTED_EDGE('',*,*,#4220,.F.);
#4220 = EDGE_CURVE('',#4189,#4170,#4221,.T.);
#4221 = CIRCLE('',#4222,0.550012700025);
#4222 = AXIS2_PLACEMENT_3D('',#4223,#4224,#4225);
#4223 = CARTESIAN_POINT('',(12.50698501397,45.283210566421,0.));
#4224 = DIRECTION('',(0.,0.,1.));
#4225 = DIRECTION('',(-1.,-1.110223024625E-16,0.));
#4226 = CYLINDRICAL_SURFACE('',#4227,0.550012700025);
#4227 = AXIS2_PLACEMENT_3D('',#4228,#4229,#4230);
#4228 = CARTESIAN_POINT('',(12.50698501397,45.283210566421,0.));
#4229 = DIRECTION('',(-0.,-0.,-1.));
#4230 = DIRECTION('',(-1.,-1.110223024625E-16,0.));
#4231 = ADVANCED_FACE('',(#4232),#4268,.F.);
#4232 = FACE_BOUND('',#4233,.T.);
#4233 = EDGE_LOOP('',(#4234,#4244,#4253,#4261));
#4234 = ORIENTED_EDGE('',*,*,#4235,.T.);
#4235 = EDGE_CURVE('',#4236,#4238,#4240,.T.);
#4236 = VERTEX_POINT('',#4237);
#4237 = CARTESIAN_POINT('',(14.206858013716,4.247269494539,0.));
#4238 = VERTEX_POINT('',#4239);
#4239 = CARTESIAN_POINT('',(14.206858013716,4.247269494539,
    1.600050800102));
#4240 = LINE('',#4241,#4242);
#4241 = CARTESIAN_POINT('',(14.206858013716,4.247269494539,0.));
#4242 = VECTOR('',#4243,1.);
#4243 = DIRECTION('',(0.,0.,1.));
#4244 = ORIENTED_EDGE('',*,*,#4245,.T.);
#4245 = EDGE_CURVE('',#4238,#4246,#4248,.T.);
#4246 = VERTEX_POINT('',#4247);
#4247 = CARTESIAN_POINT('',(12.706832613665,4.247269494539,
    1.600050800102));
#4248 = CIRCLE('',#4249,0.750012700025);
#4249 = AXIS2_PLACEMENT_3D('',#4250,#4251,#4252);
#4250 = CARTESIAN_POINT('',(13.456845313691,4.247269494539,
    1.600050800102));
#4251 = DIRECTION('',(0.,0.,1.));
#4252 = DIRECTION('',(1.,1.110223024625E-16,-0.));
#4253 = ORIENTED_EDGE('',*,*,#4254,.F.);
#4254 = EDGE_CURVE('',#4255,#4246,#4257,.T.);
#4255 = VERTEX_POINT('',#4256);
#4256 = CARTESIAN_POINT('',(12.706832613665,4.247269494539,0.));
#4257 = LINE('',#4258,#4259);
#4258 = CARTESIAN_POINT('',(12.706832613665,4.247269494539,0.));
#4259 = VECTOR('',#4260,1.);
#4260 = DIRECTION('',(0.,0.,1.));
#4261 = ORIENTED_EDGE('',*,*,#4262,.F.);
#4262 = EDGE_CURVE('',#4236,#4255,#4263,.T.);
#4263 = CIRCLE('',#4264,0.750012700025);
#4264 = AXIS2_PLACEMENT_3D('',#4265,#4266,#4267);
#4265 = CARTESIAN_POINT('',(13.456845313691,4.247269494539,0.));
#4266 = DIRECTION('',(0.,0.,1.));
#4267 = DIRECTION('',(1.,1.110223024625E-16,-0.));
#4268 = CYLINDRICAL_SURFACE('',#4269,0.750012700025);
#4269 = AXIS2_PLACEMENT_3D('',#4270,#4271,#4272);
#4270 = CARTESIAN_POINT('',(13.456845313691,4.247269494539,0.));
#4271 = DIRECTION('',(-0.,-0.,-1.));
#4272 = DIRECTION('',(1.,1.110223024625E-16,-0.));
#4273 = ADVANCED_FACE('',(#4274),#4292,.F.);
#4274 = FACE_BOUND('',#4275,.T.);
#4275 = EDGE_LOOP('',(#4276,#4277,#4284,#4285));
#4276 = ORIENTED_EDGE('',*,*,#4254,.T.);
#4277 = ORIENTED_EDGE('',*,*,#4278,.T.);
#4278 = EDGE_CURVE('',#4246,#4238,#4279,.T.);
#4279 = CIRCLE('',#4280,0.750012700025);
#4280 = AXIS2_PLACEMENT_3D('',#4281,#4282,#4283);
#4281 = CARTESIAN_POINT('',(13.456845313691,4.247269494539,
    1.600050800102));
#4282 = DIRECTION('',(0.,0.,1.));
#4283 = DIRECTION('',(-1.,-1.110223024625E-16,0.));
#4284 = ORIENTED_EDGE('',*,*,#4235,.F.);
#4285 = ORIENTED_EDGE('',*,*,#4286,.F.);
#4286 = EDGE_CURVE('',#4255,#4236,#4287,.T.);
#4287 = CIRCLE('',#4288,0.750012700025);
#4288 = AXIS2_PLACEMENT_3D('',#4289,#4290,#4291);
#4289 = CARTESIAN_POINT('',(13.456845313691,4.247269494539,0.));
#4290 = DIRECTION('',(0.,0.,1.));
#4291 = DIRECTION('',(-1.,-1.110223024625E-16,0.));
#4292 = CYLINDRICAL_SURFACE('',#4293,0.750012700025);
#4293 = AXIS2_PLACEMENT_3D('',#4294,#4295,#4296);
#4294 = CARTESIAN_POINT('',(13.456845313691,4.247269494539,0.));
#4295 = DIRECTION('',(-0.,-0.,-1.));
#4296 = DIRECTION('',(-1.,-1.110223024625E-16,0.));
#4297 = ADVANCED_FACE('',(#4298),#4334,.F.);
#4298 = FACE_BOUND('',#4299,.T.);
#4299 = EDGE_LOOP('',(#4300,#4310,#4319,#4327));
#4300 = ORIENTED_EDGE('',*,*,#4301,.T.);
#4301 = EDGE_CURVE('',#4302,#4304,#4306,.T.);
#4302 = VERTEX_POINT('',#4303);
#4303 = CARTESIAN_POINT('',(14.987401574803,56.012192024384,0.));
#4304 = VERTEX_POINT('',#4305);
#4305 = CARTESIAN_POINT('',(14.987401574803,56.012192024384,
    1.600050800102));
#4306 = LINE('',#4307,#4308);
#4307 = CARTESIAN_POINT('',(14.987401574803,56.012192024384,0.));
#4308 = VECTOR('',#4309,1.);
#4309 = DIRECTION('',(0.,0.,1.));
#4310 = ORIENTED_EDGE('',*,*,#4311,.T.);
#4311 = EDGE_CURVE('',#4304,#4312,#4314,.T.);
#4312 = VERTEX_POINT('',#4313);
#4313 = CARTESIAN_POINT('',(13.887376174752,56.012192024384,
    1.600050800102));
#4314 = CIRCLE('',#4315,0.550012700025);
#4315 = AXIS2_PLACEMENT_3D('',#4316,#4317,#4318);
#4316 = CARTESIAN_POINT('',(14.437388874778,56.012192024384,
    1.600050800102));
#4317 = DIRECTION('',(0.,0.,1.));
#4318 = DIRECTION('',(1.,1.110223024625E-16,-0.));
#4319 = ORIENTED_EDGE('',*,*,#4320,.F.);
#4320 = EDGE_CURVE('',#4321,#4312,#4323,.T.);
#4321 = VERTEX_POINT('',#4322);
#4322 = CARTESIAN_POINT('',(13.887376174752,56.012192024384,0.));
#4323 = LINE('',#4324,#4325);
#4324 = CARTESIAN_POINT('',(13.887376174752,56.012192024384,0.));
#4325 = VECTOR('',#4326,1.);
#4326 = DIRECTION('',(0.,0.,1.));
#4327 = ORIENTED_EDGE('',*,*,#4328,.F.);
#4328 = EDGE_CURVE('',#4302,#4321,#4329,.T.);
#4329 = CIRCLE('',#4330,0.550012700025);
#4330 = AXIS2_PLACEMENT_3D('',#4331,#4332,#4333);
#4331 = CARTESIAN_POINT('',(14.437388874778,56.012192024384,0.));
#4332 = DIRECTION('',(0.,0.,1.));
#4333 = DIRECTION('',(1.,1.110223024625E-16,-0.));
#4334 = CYLINDRICAL_SURFACE('',#4335,0.550012700025);
#4335 = AXIS2_PLACEMENT_3D('',#4336,#4337,#4338);
#4336 = CARTESIAN_POINT('',(14.437388874778,56.012192024384,0.));
#4337 = DIRECTION('',(-0.,-0.,-1.));
#4338 = DIRECTION('',(1.,1.110223024625E-16,-0.));
#4339 = ADVANCED_FACE('',(#4340),#4358,.F.);
#4340 = FACE_BOUND('',#4341,.T.);
#4341 = EDGE_LOOP('',(#4342,#4343,#4350,#4351));
#4342 = ORIENTED_EDGE('',*,*,#4320,.T.);
#4343 = ORIENTED_EDGE('',*,*,#4344,.T.);
#4344 = EDGE_CURVE('',#4312,#4304,#4345,.T.);
#4345 = CIRCLE('',#4346,0.550012700025);
#4346 = AXIS2_PLACEMENT_3D('',#4347,#4348,#4349);
#4347 = CARTESIAN_POINT('',(14.437388874778,56.012192024384,
    1.600050800102));
#4348 = DIRECTION('',(0.,0.,1.));
#4349 = DIRECTION('',(-1.,-1.110223024625E-16,0.));
#4350 = ORIENTED_EDGE('',*,*,#4301,.F.);
#4351 = ORIENTED_EDGE('',*,*,#4352,.F.);
#4352 = EDGE_CURVE('',#4321,#4302,#4353,.T.);
#4353 = CIRCLE('',#4354,0.550012700025);
#4354 = AXIS2_PLACEMENT_3D('',#4355,#4356,#4357);
#4355 = CARTESIAN_POINT('',(14.437388874778,56.012192024384,0.));
#4356 = DIRECTION('',(0.,0.,1.));
#4357 = DIRECTION('',(-1.,-1.110223024625E-16,0.));
#4358 = CYLINDRICAL_SURFACE('',#4359,0.550012700025);
#4359 = AXIS2_PLACEMENT_3D('',#4360,#4361,#4362);
#4360 = CARTESIAN_POINT('',(14.437388874778,56.012192024384,0.));
#4361 = DIRECTION('',(-0.,-0.,-1.));
#4362 = DIRECTION('',(-1.,-1.110223024625E-16,0.));
#4363 = ADVANCED_FACE('',(#4364),#4400,.F.);
#4364 = FACE_BOUND('',#4365,.T.);
#4365 = EDGE_LOOP('',(#4366,#4376,#4385,#4393));
#4366 = ORIENTED_EDGE('',*,*,#4367,.T.);
#4367 = EDGE_CURVE('',#4368,#4370,#4372,.T.);
#4368 = VERTEX_POINT('',#4369);
#4369 = CARTESIAN_POINT('',(14.987401574803,58.552197104394,0.));
#4370 = VERTEX_POINT('',#4371);
#4371 = CARTESIAN_POINT('',(14.987401574803,58.552197104394,
    1.600050800102));
#4372 = LINE('',#4373,#4374);
#4373 = CARTESIAN_POINT('',(14.987401574803,58.552197104394,0.));
#4374 = VECTOR('',#4375,1.);
#4375 = DIRECTION('',(0.,0.,1.));
#4376 = ORIENTED_EDGE('',*,*,#4377,.T.);
#4377 = EDGE_CURVE('',#4370,#4378,#4380,.T.);
#4378 = VERTEX_POINT('',#4379);
#4379 = CARTESIAN_POINT('',(13.887376174752,58.552197104394,
    1.600050800102));
#4380 = CIRCLE('',#4381,0.550012700025);
#4381 = AXIS2_PLACEMENT_3D('',#4382,#4383,#4384);
#4382 = CARTESIAN_POINT('',(14.437388874778,58.552197104394,
    1.600050800102));
#4383 = DIRECTION('',(0.,0.,1.));
#4384 = DIRECTION('',(1.,1.110223024625E-16,-0.));
#4385 = ORIENTED_EDGE('',*,*,#4386,.F.);
#4386 = EDGE_CURVE('',#4387,#4378,#4389,.T.);
#4387 = VERTEX_POINT('',#4388);
#4388 = CARTESIAN_POINT('',(13.887376174752,58.552197104394,0.));
#4389 = LINE('',#4390,#4391);
#4390 = CARTESIAN_POINT('',(13.887376174752,58.552197104394,0.));
#4391 = VECTOR('',#4392,1.);
#4392 = DIRECTION('',(0.,0.,1.));
#4393 = ORIENTED_EDGE('',*,*,#4394,.F.);
#4394 = EDGE_CURVE('',#4368,#4387,#4395,.T.);
#4395 = CIRCLE('',#4396,0.550012700025);
#4396 = AXIS2_PLACEMENT_3D('',#4397,#4398,#4399);
#4397 = CARTESIAN_POINT('',(14.437388874778,58.552197104394,0.));
#4398 = DIRECTION('',(0.,0.,1.));
#4399 = DIRECTION('',(1.,1.110223024625E-16,-0.));
#4400 = CYLINDRICAL_SURFACE('',#4401,0.550012700025);
#4401 = AXIS2_PLACEMENT_3D('',#4402,#4403,#4404);
#4402 = CARTESIAN_POINT('',(14.437388874778,58.552197104394,0.));
#4403 = DIRECTION('',(-0.,-0.,-1.));
#4404 = DIRECTION('',(1.,1.110223024625E-16,-0.));
#4405 = ADVANCED_FACE('',(#4406),#4424,.F.);
#4406 = FACE_BOUND('',#4407,.T.);
#4407 = EDGE_LOOP('',(#4408,#4409,#4416,#4417));
#4408 = ORIENTED_EDGE('',*,*,#4386,.T.);
#4409 = ORIENTED_EDGE('',*,*,#4410,.T.);
#4410 = EDGE_CURVE('',#4378,#4370,#4411,.T.);
#4411 = CIRCLE('',#4412,0.550012700025);
#4412 = AXIS2_PLACEMENT_3D('',#4413,#4414,#4415);
#4413 = CARTESIAN_POINT('',(14.437388874778,58.552197104394,
    1.600050800102));
#4414 = DIRECTION('',(0.,0.,1.));
#4415 = DIRECTION('',(-1.,-1.110223024625E-16,0.));
#4416 = ORIENTED_EDGE('',*,*,#4367,.F.);
#4417 = ORIENTED_EDGE('',*,*,#4418,.F.);
#4418 = EDGE_CURVE('',#4387,#4368,#4419,.T.);
#4419 = CIRCLE('',#4420,0.550012700025);
#4420 = AXIS2_PLACEMENT_3D('',#4421,#4422,#4423);
#4421 = CARTESIAN_POINT('',(14.437388874778,58.552197104394,0.));
#4422 = DIRECTION('',(0.,0.,1.));
#4423 = DIRECTION('',(-1.,-1.110223024625E-16,0.));
#4424 = CYLINDRICAL_SURFACE('',#4425,0.550012700025);
#4425 = AXIS2_PLACEMENT_3D('',#4426,#4427,#4428);
#4426 = CARTESIAN_POINT('',(14.437388874778,58.552197104394,0.));
#4427 = DIRECTION('',(-0.,-0.,-1.));
#4428 = DIRECTION('',(-1.,-1.110223024625E-16,0.));
#4429 = ADVANCED_FACE('',(#4430),#4466,.F.);
#4430 = FACE_BOUND('',#4431,.T.);
#4431 = EDGE_LOOP('',(#4432,#4442,#4451,#4459));
#4432 = ORIENTED_EDGE('',*,*,#4433,.T.);
#4433 = EDGE_CURVE('',#4434,#4436,#4438,.T.);
#4434 = VERTEX_POINT('',#4435);
#4435 = CARTESIAN_POINT('',(15.53602997206,49.296418592837,0.));
#4436 = VERTEX_POINT('',#4437);
#4437 = CARTESIAN_POINT('',(15.53602997206,49.296418592837,
    1.600050800102));
#4438 = LINE('',#4439,#4440);
#4439 = CARTESIAN_POINT('',(15.53602997206,49.296418592837,0.));
#4440 = VECTOR('',#4441,1.);
#4441 = DIRECTION('',(0.,0.,1.));
#4442 = ORIENTED_EDGE('',*,*,#4443,.T.);
#4443 = EDGE_CURVE('',#4436,#4444,#4446,.T.);
#4444 = VERTEX_POINT('',#4445);
#4445 = CARTESIAN_POINT('',(14.43602997206,49.296418592837,
    1.600050800102));
#4446 = CIRCLE('',#4447,0.55);
#4447 = AXIS2_PLACEMENT_3D('',#4448,#4449,#4450);
#4448 = CARTESIAN_POINT('',(14.98602997206,49.296418592837,
    1.600050800102));
#4449 = DIRECTION('',(0.,0.,1.));
#4450 = DIRECTION('',(1.,1.110223024625E-16,-0.));
#4451 = ORIENTED_EDGE('',*,*,#4452,.F.);
#4452 = EDGE_CURVE('',#4453,#4444,#4455,.T.);
#4453 = VERTEX_POINT('',#4454);
#4454 = CARTESIAN_POINT('',(14.43602997206,49.296418592837,0.));
#4455 = LINE('',#4456,#4457);
#4456 = CARTESIAN_POINT('',(14.43602997206,49.296418592837,0.));
#4457 = VECTOR('',#4458,1.);
#4458 = DIRECTION('',(0.,0.,1.));
#4459 = ORIENTED_EDGE('',*,*,#4460,.F.);
#4460 = EDGE_CURVE('',#4434,#4453,#4461,.T.);
#4461 = CIRCLE('',#4462,0.55);
#4462 = AXIS2_PLACEMENT_3D('',#4463,#4464,#4465);
#4463 = CARTESIAN_POINT('',(14.98602997206,49.296418592837,0.));
#4464 = DIRECTION('',(0.,0.,1.));
#4465 = DIRECTION('',(1.,1.110223024625E-16,-0.));
#4466 = CYLINDRICAL_SURFACE('',#4467,0.55);
#4467 = AXIS2_PLACEMENT_3D('',#4468,#4469,#4470);
#4468 = CARTESIAN_POINT('',(14.98602997206,49.296418592837,0.));
#4469 = DIRECTION('',(-0.,-0.,-1.));
#4470 = DIRECTION('',(1.,1.110223024625E-16,-0.));
#4471 = ADVANCED_FACE('',(#4472),#4490,.F.);
#4472 = FACE_BOUND('',#4473,.T.);
#4473 = EDGE_LOOP('',(#4474,#4475,#4482,#4483));
#4474 = ORIENTED_EDGE('',*,*,#4452,.T.);
#4475 = ORIENTED_EDGE('',*,*,#4476,.T.);
#4476 = EDGE_CURVE('',#4444,#4436,#4477,.T.);
#4477 = CIRCLE('',#4478,0.55);
#4478 = AXIS2_PLACEMENT_3D('',#4479,#4480,#4481);
#4479 = CARTESIAN_POINT('',(14.98602997206,49.296418592837,
    1.600050800102));
#4480 = DIRECTION('',(0.,0.,1.));
#4481 = DIRECTION('',(-1.,-1.110223024625E-16,0.));
#4482 = ORIENTED_EDGE('',*,*,#4433,.F.);
#4483 = ORIENTED_EDGE('',*,*,#4484,.F.);
#4484 = EDGE_CURVE('',#4453,#4434,#4485,.T.);
#4485 = CIRCLE('',#4486,0.55);
#4486 = AXIS2_PLACEMENT_3D('',#4487,#4488,#4489);
#4487 = CARTESIAN_POINT('',(14.98602997206,49.296418592837,0.));
#4488 = DIRECTION('',(0.,0.,1.));
#4489 = DIRECTION('',(-1.,-1.110223024625E-16,0.));
#4490 = CYLINDRICAL_SURFACE('',#4491,0.55);
#4491 = AXIS2_PLACEMENT_3D('',#4492,#4493,#4494);
#4492 = CARTESIAN_POINT('',(14.98602997206,49.296418592837,0.));
#4493 = DIRECTION('',(-0.,-0.,-1.));
#4494 = DIRECTION('',(-1.,-1.110223024625E-16,0.));
#4495 = ADVANCED_FACE('',(#4496),#4532,.F.);
#4496 = FACE_BOUND('',#4497,.T.);
#4497 = EDGE_LOOP('',(#4498,#4508,#4517,#4525));
#4498 = ORIENTED_EDGE('',*,*,#4499,.T.);
#4499 = EDGE_CURVE('',#4500,#4502,#4504,.T.);
#4500 = VERTEX_POINT('',#4501);
#4501 = CARTESIAN_POINT('',(15.53602997206,51.836423672847,0.));
#4502 = VERTEX_POINT('',#4503);
#4503 = CARTESIAN_POINT('',(15.53602997206,51.836423672847,
    1.600050800102));
#4504 = LINE('',#4505,#4506);
#4505 = CARTESIAN_POINT('',(15.53602997206,51.836423672847,0.));
#4506 = VECTOR('',#4507,1.);
#4507 = DIRECTION('',(0.,0.,1.));
#4508 = ORIENTED_EDGE('',*,*,#4509,.T.);
#4509 = EDGE_CURVE('',#4502,#4510,#4512,.T.);
#4510 = VERTEX_POINT('',#4511);
#4511 = CARTESIAN_POINT('',(14.43602997206,51.836423672847,
    1.600050800102));
#4512 = CIRCLE('',#4513,0.55);
#4513 = AXIS2_PLACEMENT_3D('',#4514,#4515,#4516);
#4514 = CARTESIAN_POINT('',(14.98602997206,51.836423672847,
    1.600050800102));
#4515 = DIRECTION('',(0.,0.,1.));
#4516 = DIRECTION('',(1.,1.110223024625E-16,-0.));
#4517 = ORIENTED_EDGE('',*,*,#4518,.F.);
#4518 = EDGE_CURVE('',#4519,#4510,#4521,.T.);
#4519 = VERTEX_POINT('',#4520);
#4520 = CARTESIAN_POINT('',(14.43602997206,51.836423672847,0.));
#4521 = LINE('',#4522,#4523);
#4522 = CARTESIAN_POINT('',(14.43602997206,51.836423672847,0.));
#4523 = VECTOR('',#4524,1.);
#4524 = DIRECTION('',(0.,0.,1.));
#4525 = ORIENTED_EDGE('',*,*,#4526,.F.);
#4526 = EDGE_CURVE('',#4500,#4519,#4527,.T.);
#4527 = CIRCLE('',#4528,0.55);
#4528 = AXIS2_PLACEMENT_3D('',#4529,#4530,#4531);
#4529 = CARTESIAN_POINT('',(14.98602997206,51.836423672847,0.));
#4530 = DIRECTION('',(0.,0.,1.));
#4531 = DIRECTION('',(1.,1.110223024625E-16,-0.));
#4532 = CYLINDRICAL_SURFACE('',#4533,0.55);
#4533 = AXIS2_PLACEMENT_3D('',#4534,#4535,#4536);
#4534 = CARTESIAN_POINT('',(14.98602997206,51.836423672847,0.));
#4535 = DIRECTION('',(-0.,-0.,-1.));
#4536 = DIRECTION('',(1.,1.110223024625E-16,-0.));
#4537 = ADVANCED_FACE('',(#4538),#4556,.F.);
#4538 = FACE_BOUND('',#4539,.T.);
#4539 = EDGE_LOOP('',(#4540,#4541,#4548,#4549));
#4540 = ORIENTED_EDGE('',*,*,#4518,.T.);
#4541 = ORIENTED_EDGE('',*,*,#4542,.T.);
#4542 = EDGE_CURVE('',#4510,#4502,#4543,.T.);
#4543 = CIRCLE('',#4544,0.55);
#4544 = AXIS2_PLACEMENT_3D('',#4545,#4546,#4547);
#4545 = CARTESIAN_POINT('',(14.98602997206,51.836423672847,
    1.600050800102));
#4546 = DIRECTION('',(0.,0.,1.));
#4547 = DIRECTION('',(-1.,-1.110223024625E-16,0.));
#4548 = ORIENTED_EDGE('',*,*,#4499,.F.);
#4549 = ORIENTED_EDGE('',*,*,#4550,.F.);
#4550 = EDGE_CURVE('',#4519,#4500,#4551,.T.);
#4551 = CIRCLE('',#4552,0.55);
#4552 = AXIS2_PLACEMENT_3D('',#4553,#4554,#4555);
#4553 = CARTESIAN_POINT('',(14.98602997206,51.836423672847,0.));
#4554 = DIRECTION('',(0.,0.,1.));
#4555 = DIRECTION('',(-1.,-1.110223024625E-16,0.));
#4556 = CYLINDRICAL_SURFACE('',#4557,0.55);
#4557 = AXIS2_PLACEMENT_3D('',#4558,#4559,#4560);
#4558 = CARTESIAN_POINT('',(14.98602997206,51.836423672847,0.));
#4559 = DIRECTION('',(-0.,-0.,-1.));
#4560 = DIRECTION('',(-1.,-1.110223024625E-16,0.));
#4561 = ADVANCED_FACE('',(#4562),#4598,.F.);
#4562 = FACE_BOUND('',#4563,.T.);
#4563 = EDGE_LOOP('',(#4564,#4574,#4583,#4591));
#4564 = ORIENTED_EDGE('',*,*,#4565,.T.);
#4565 = EDGE_CURVE('',#4566,#4568,#4570,.T.);
#4566 = VERTEX_POINT('',#4567);
#4567 = CARTESIAN_POINT('',(15.597002794006,45.283210566421,0.));
#4568 = VERTEX_POINT('',#4569);
#4569 = CARTESIAN_POINT('',(15.597002794006,45.283210566421,
    1.600050800102));
#4570 = LINE('',#4571,#4572);
#4571 = CARTESIAN_POINT('',(15.597002794006,45.283210566421,0.));
#4572 = VECTOR('',#4573,1.);
#4573 = DIRECTION('',(0.,0.,1.));
#4574 = ORIENTED_EDGE('',*,*,#4575,.T.);
#4575 = EDGE_CURVE('',#4568,#4576,#4578,.T.);
#4576 = VERTEX_POINT('',#4577);
#4577 = CARTESIAN_POINT('',(14.496977393955,45.283210566421,
    1.600050800102));
#4578 = CIRCLE('',#4579,0.550012700025);
#4579 = AXIS2_PLACEMENT_3D('',#4580,#4581,#4582);
#4580 = CARTESIAN_POINT('',(15.04699009398,45.283210566421,
    1.600050800102));
#4581 = DIRECTION('',(0.,0.,1.));
#4582 = DIRECTION('',(1.,1.110223024625E-16,-0.));
#4583 = ORIENTED_EDGE('',*,*,#4584,.F.);
#4584 = EDGE_CURVE('',#4585,#4576,#4587,.T.);
#4585 = VERTEX_POINT('',#4586);
#4586 = CARTESIAN_POINT('',(14.496977393955,45.283210566421,0.));
#4587 = LINE('',#4588,#4589);
#4588 = CARTESIAN_POINT('',(14.496977393955,45.283210566421,0.));
#4589 = VECTOR('',#4590,1.);
#4590 = DIRECTION('',(0.,0.,1.));
#4591 = ORIENTED_EDGE('',*,*,#4592,.F.);
#4592 = EDGE_CURVE('',#4566,#4585,#4593,.T.);
#4593 = CIRCLE('',#4594,0.550012700025);
#4594 = AXIS2_PLACEMENT_3D('',#4595,#4596,#4597);
#4595 = CARTESIAN_POINT('',(15.04699009398,45.283210566421,0.));
#4596 = DIRECTION('',(0.,0.,1.));
#4597 = DIRECTION('',(1.,1.110223024625E-16,-0.));
#4598 = CYLINDRICAL_SURFACE('',#4599,0.550012700025);
#4599 = AXIS2_PLACEMENT_3D('',#4600,#4601,#4602);
#4600 = CARTESIAN_POINT('',(15.04699009398,45.283210566421,0.));
#4601 = DIRECTION('',(-0.,-0.,-1.));
#4602 = DIRECTION('',(1.,1.110223024625E-16,-0.));
#4603 = ADVANCED_FACE('',(#4604),#4622,.F.);
#4604 = FACE_BOUND('',#4605,.T.);
#4605 = EDGE_LOOP('',(#4606,#4607,#4614,#4615));
#4606 = ORIENTED_EDGE('',*,*,#4584,.T.);
#4607 = ORIENTED_EDGE('',*,*,#4608,.T.);
#4608 = EDGE_CURVE('',#4576,#4568,#4609,.T.);
#4609 = CIRCLE('',#4610,0.550012700025);
#4610 = AXIS2_PLACEMENT_3D('',#4611,#4612,#4613);
#4611 = CARTESIAN_POINT('',(15.04699009398,45.283210566421,
    1.600050800102));
#4612 = DIRECTION('',(0.,0.,1.));
#4613 = DIRECTION('',(-1.,-1.110223024625E-16,0.));
#4614 = ORIENTED_EDGE('',*,*,#4565,.F.);
#4615 = ORIENTED_EDGE('',*,*,#4616,.F.);
#4616 = EDGE_CURVE('',#4585,#4566,#4617,.T.);
#4617 = CIRCLE('',#4618,0.550012700025);
#4618 = AXIS2_PLACEMENT_3D('',#4619,#4620,#4621);
#4619 = CARTESIAN_POINT('',(15.04699009398,45.283210566421,0.));
#4620 = DIRECTION('',(0.,0.,1.));
#4621 = DIRECTION('',(-1.,-1.110223024625E-16,0.));
#4622 = CYLINDRICAL_SURFACE('',#4623,0.550012700025);
#4623 = AXIS2_PLACEMENT_3D('',#4624,#4625,#4626);
#4624 = CARTESIAN_POINT('',(15.04699009398,45.283210566421,0.));
#4625 = DIRECTION('',(-0.,-0.,-1.));
#4626 = DIRECTION('',(-1.,-1.110223024625E-16,0.));
#4627 = ADVANCED_FACE('',(#4628),#4662,.T.);
#4628 = FACE_BOUND('',#4629,.T.);
#4629 = EDGE_LOOP('',(#4630,#4640,#4648,#4656));
#4630 = ORIENTED_EDGE('',*,*,#4631,.T.);
#4631 = EDGE_CURVE('',#4632,#4634,#4636,.T.);
#4632 = VERTEX_POINT('',#4633);
#4633 = CARTESIAN_POINT('',(15.707137414275,1.836068072136,0.));
#4634 = VERTEX_POINT('',#4635);
#4635 = CARTESIAN_POINT('',(15.707137414275,1.836068072136,
    1.600050800102));
#4636 = LINE('',#4637,#4638);
#4637 = CARTESIAN_POINT('',(15.707137414275,1.836068072136,0.));
#4638 = VECTOR('',#4639,1.);
#4639 = DIRECTION('',(0.,0.,1.));
#4640 = ORIENTED_EDGE('',*,*,#4641,.T.);
#4641 = EDGE_CURVE('',#4634,#4642,#4644,.T.);
#4642 = VERTEX_POINT('',#4643);
#4643 = CARTESIAN_POINT('',(15.707137414275,2.736042672085,
    1.600050800102));
#4644 = LINE('',#4645,#4646);
#4645 = CARTESIAN_POINT('',(15.707137414275,1.836068072136,
    1.600050800102));
#4646 = VECTOR('',#4647,1.);
#4647 = DIRECTION('',(0.,1.,0.));
#4648 = ORIENTED_EDGE('',*,*,#4649,.F.);
#4649 = EDGE_CURVE('',#4650,#4642,#4652,.T.);
#4650 = VERTEX_POINT('',#4651);
#4651 = CARTESIAN_POINT('',(15.707137414275,2.736042672085,0.));
#4652 = LINE('',#4653,#4654);
#4653 = CARTESIAN_POINT('',(15.707137414275,2.736042672085,0.));
#4654 = VECTOR('',#4655,1.);
#4655 = DIRECTION('',(0.,0.,1.));
#4656 = ORIENTED_EDGE('',*,*,#4657,.F.);
#4657 = EDGE_CURVE('',#4632,#4650,#4658,.T.);
#4658 = LINE('',#4659,#4660);
#4659 = CARTESIAN_POINT('',(15.707137414275,1.836068072136,0.));
#4660 = VECTOR('',#4661,1.);
#4661 = DIRECTION('',(0.,1.,0.));
#4662 = PLANE('',#4663);
#4663 = AXIS2_PLACEMENT_3D('',#4664,#4665,#4666);
#4664 = CARTESIAN_POINT('',(15.707137414275,1.836068072136,0.));
#4665 = DIRECTION('',(-1.,0.,0.));
#4666 = DIRECTION('',(0.,1.,0.));
#4667 = ADVANCED_FACE('',(#4668),#4695,.F.);
#4668 = FACE_BOUND('',#4669,.T.);
#4669 = EDGE_LOOP('',(#4670,#4671,#4680,#4688));
#4670 = ORIENTED_EDGE('',*,*,#4649,.T.);
#4671 = ORIENTED_EDGE('',*,*,#4672,.T.);
#4672 = EDGE_CURVE('',#4642,#4673,#4675,.T.);
#4673 = VERTEX_POINT('',#4674);
#4674 = CARTESIAN_POINT('',(15.007112014224,2.736042672085,
    1.600050800102));
#4675 = CIRCLE('',#4676,0.350012700025);
#4676 = AXIS2_PLACEMENT_3D('',#4677,#4678,#4679);
#4677 = CARTESIAN_POINT('',(15.357124714249,2.736042672085,
    1.600050800102));
#4678 = DIRECTION('',(0.,0.,1.));
#4679 = DIRECTION('',(1.,1.110223024625E-16,-0.));
#4680 = ORIENTED_EDGE('',*,*,#4681,.F.);
#4681 = EDGE_CURVE('',#4682,#4673,#4684,.T.);
#4682 = VERTEX_POINT('',#4683);
#4683 = CARTESIAN_POINT('',(15.007112014224,2.736042672085,0.));
#4684 = LINE('',#4685,#4686);
#4685 = CARTESIAN_POINT('',(15.007112014224,2.736042672085,0.));
#4686 = VECTOR('',#4687,1.);
#4687 = DIRECTION('',(0.,0.,1.));
#4688 = ORIENTED_EDGE('',*,*,#4689,.F.);
#4689 = EDGE_CURVE('',#4650,#4682,#4690,.T.);
#4690 = CIRCLE('',#4691,0.350012700025);
#4691 = AXIS2_PLACEMENT_3D('',#4692,#4693,#4694);
#4692 = CARTESIAN_POINT('',(15.357124714249,2.736042672085,0.));
#4693 = DIRECTION('',(0.,0.,1.));
#4694 = DIRECTION('',(1.,1.110223024625E-16,-0.));
#4695 = CYLINDRICAL_SURFACE('',#4696,0.350012700025);
#4696 = AXIS2_PLACEMENT_3D('',#4697,#4698,#4699);
#4697 = CARTESIAN_POINT('',(15.357124714249,2.736042672085,0.));
#4698 = DIRECTION('',(-0.,-0.,-1.));
#4699 = DIRECTION('',(1.,1.110223024625E-16,-0.));
#4700 = ADVANCED_FACE('',(#4701),#4726,.T.);
#4701 = FACE_BOUND('',#4702,.T.);
#4702 = EDGE_LOOP('',(#4703,#4704,#4712,#4720));
#4703 = ORIENTED_EDGE('',*,*,#4681,.T.);
#4704 = ORIENTED_EDGE('',*,*,#4705,.T.);
#4705 = EDGE_CURVE('',#4673,#4706,#4708,.T.);
#4706 = VERTEX_POINT('',#4707);
#4707 = CARTESIAN_POINT('',(15.007112014224,1.836068072136,
    1.600050800102));
#4708 = LINE('',#4709,#4710);
#4709 = CARTESIAN_POINT('',(15.007112014224,2.736042672085,
    1.600050800102));
#4710 = VECTOR('',#4711,1.);
#4711 = DIRECTION('',(0.,-1.,0.));
#4712 = ORIENTED_EDGE('',*,*,#4713,.F.);
#4713 = EDGE_CURVE('',#4714,#4706,#4716,.T.);
#4714 = VERTEX_POINT('',#4715);
#4715 = CARTESIAN_POINT('',(15.007112014224,1.836068072136,0.));
#4716 = LINE('',#4717,#4718);
#4717 = CARTESIAN_POINT('',(15.007112014224,1.836068072136,0.));
#4718 = VECTOR('',#4719,1.);
#4719 = DIRECTION('',(0.,0.,1.));
#4720 = ORIENTED_EDGE('',*,*,#4721,.F.);
#4721 = EDGE_CURVE('',#4682,#4714,#4722,.T.);
#4722 = LINE('',#4723,#4724);
#4723 = CARTESIAN_POINT('',(15.007112014224,2.736042672085,0.));
#4724 = VECTOR('',#4725,1.);
#4725 = DIRECTION('',(0.,-1.,0.));
#4726 = PLANE('',#4727);
#4727 = AXIS2_PLACEMENT_3D('',#4728,#4729,#4730);
#4728 = CARTESIAN_POINT('',(15.007112014224,2.736042672085,0.));
#4729 = DIRECTION('',(1.,0.,-0.));
#4730 = DIRECTION('',(0.,-1.,0.));
#4731 = ADVANCED_FACE('',(#4732),#4750,.F.);
#4732 = FACE_BOUND('',#4733,.T.);
#4733 = EDGE_LOOP('',(#4734,#4735,#4742,#4743));
#4734 = ORIENTED_EDGE('',*,*,#4713,.T.);
#4735 = ORIENTED_EDGE('',*,*,#4736,.T.);
#4736 = EDGE_CURVE('',#4706,#4634,#4737,.T.);
#4737 = CIRCLE('',#4738,0.350012700025);
#4738 = AXIS2_PLACEMENT_3D('',#4739,#4740,#4741);
#4739 = CARTESIAN_POINT('',(15.357124714249,1.836068072136,
    1.600050800102));
#4740 = DIRECTION('',(0.,0.,1.));
#4741 = DIRECTION('',(-1.,-1.110223024625E-16,0.));
#4742 = ORIENTED_EDGE('',*,*,#4631,.F.);
#4743 = ORIENTED_EDGE('',*,*,#4744,.F.);
#4744 = EDGE_CURVE('',#4714,#4632,#4745,.T.);
#4745 = CIRCLE('',#4746,0.350012700025);
#4746 = AXIS2_PLACEMENT_3D('',#4747,#4748,#4749);
#4747 = CARTESIAN_POINT('',(15.357124714249,1.836068072136,0.));
#4748 = DIRECTION('',(0.,0.,1.));
#4749 = DIRECTION('',(-1.,-1.110223024625E-16,0.));
#4750 = CYLINDRICAL_SURFACE('',#4751,0.350012700025);
#4751 = AXIS2_PLACEMENT_3D('',#4752,#4753,#4754);
#4752 = CARTESIAN_POINT('',(15.357124714249,1.836068072136,0.));
#4753 = DIRECTION('',(-0.,-0.,-1.));
#4754 = DIRECTION('',(-1.,-1.110223024625E-16,0.));
#4755 = ADVANCED_FACE('',(#4756),#4792,.F.);
#4756 = FACE_BOUND('',#4757,.T.);
#4757 = EDGE_LOOP('',(#4758,#4768,#4777,#4785));
#4758 = ORIENTED_EDGE('',*,*,#4759,.T.);
#4759 = EDGE_CURVE('',#4760,#4762,#4764,.T.);
#4760 = VERTEX_POINT('',#4761);
#4761 = CARTESIAN_POINT('',(17.527406654813,56.012192024384,0.));
#4762 = VERTEX_POINT('',#4763);
#4763 = CARTESIAN_POINT('',(17.527406654813,56.012192024384,
    1.600050800102));
#4764 = LINE('',#4765,#4766);
#4765 = CARTESIAN_POINT('',(17.527406654813,56.012192024384,0.));
#4766 = VECTOR('',#4767,1.);
#4767 = DIRECTION('',(0.,0.,1.));
#4768 = ORIENTED_EDGE('',*,*,#4769,.T.);
#4769 = EDGE_CURVE('',#4762,#4770,#4772,.T.);
#4770 = VERTEX_POINT('',#4771);
#4771 = CARTESIAN_POINT('',(16.427381254763,56.012192024384,
    1.600050800102));
#4772 = CIRCLE('',#4773,0.550012700025);
#4773 = AXIS2_PLACEMENT_3D('',#4774,#4775,#4776);
#4774 = CARTESIAN_POINT('',(16.977393954788,56.012192024384,
    1.600050800102));
#4775 = DIRECTION('',(0.,0.,1.));
#4776 = DIRECTION('',(1.,1.110223024625E-16,-0.));
#4777 = ORIENTED_EDGE('',*,*,#4778,.F.);
#4778 = EDGE_CURVE('',#4779,#4770,#4781,.T.);
#4779 = VERTEX_POINT('',#4780);
#4780 = CARTESIAN_POINT('',(16.427381254763,56.012192024384,0.));
#4781 = LINE('',#4782,#4783);
#4782 = CARTESIAN_POINT('',(16.427381254763,56.012192024384,0.));
#4783 = VECTOR('',#4784,1.);
#4784 = DIRECTION('',(0.,0.,1.));
#4785 = ORIENTED_EDGE('',*,*,#4786,.F.);
#4786 = EDGE_CURVE('',#4760,#4779,#4787,.T.);
#4787 = CIRCLE('',#4788,0.550012700025);
#4788 = AXIS2_PLACEMENT_3D('',#4789,#4790,#4791);
#4789 = CARTESIAN_POINT('',(16.977393954788,56.012192024384,0.));
#4790 = DIRECTION('',(0.,0.,1.));
#4791 = DIRECTION('',(1.,1.110223024625E-16,-0.));
#4792 = CYLINDRICAL_SURFACE('',#4793,0.550012700025);
#4793 = AXIS2_PLACEMENT_3D('',#4794,#4795,#4796);
#4794 = CARTESIAN_POINT('',(16.977393954788,56.012192024384,0.));
#4795 = DIRECTION('',(-0.,-0.,-1.));
#4796 = DIRECTION('',(1.,1.110223024625E-16,-0.));
#4797 = ADVANCED_FACE('',(#4798),#4816,.F.);
#4798 = FACE_BOUND('',#4799,.T.);
#4799 = EDGE_LOOP('',(#4800,#4801,#4808,#4809));
#4800 = ORIENTED_EDGE('',*,*,#4778,.T.);
#4801 = ORIENTED_EDGE('',*,*,#4802,.T.);
#4802 = EDGE_CURVE('',#4770,#4762,#4803,.T.);
#4803 = CIRCLE('',#4804,0.550012700025);
#4804 = AXIS2_PLACEMENT_3D('',#4805,#4806,#4807);
#4805 = CARTESIAN_POINT('',(16.977393954788,56.012192024384,
    1.600050800102));
#4806 = DIRECTION('',(0.,0.,1.));
#4807 = DIRECTION('',(-1.,-1.110223024625E-16,0.));
#4808 = ORIENTED_EDGE('',*,*,#4759,.F.);
#4809 = ORIENTED_EDGE('',*,*,#4810,.F.);
#4810 = EDGE_CURVE('',#4779,#4760,#4811,.T.);
#4811 = CIRCLE('',#4812,0.550012700025);
#4812 = AXIS2_PLACEMENT_3D('',#4813,#4814,#4815);
#4813 = CARTESIAN_POINT('',(16.977393954788,56.012192024384,0.));
#4814 = DIRECTION('',(0.,0.,1.));
#4815 = DIRECTION('',(-1.,-1.110223024625E-16,0.));
#4816 = CYLINDRICAL_SURFACE('',#4817,0.550012700025);
#4817 = AXIS2_PLACEMENT_3D('',#4818,#4819,#4820);
#4818 = CARTESIAN_POINT('',(16.977393954788,56.012192024384,0.));
#4819 = DIRECTION('',(-0.,-0.,-1.));
#4820 = DIRECTION('',(-1.,-1.110223024625E-16,0.));
#4821 = ADVANCED_FACE('',(#4822),#4858,.F.);
#4822 = FACE_BOUND('',#4823,.T.);
#4823 = EDGE_LOOP('',(#4824,#4834,#4843,#4851));
#4824 = ORIENTED_EDGE('',*,*,#4825,.T.);
#4825 = EDGE_CURVE('',#4826,#4828,#4830,.T.);
#4826 = VERTEX_POINT('',#4827);
#4827 = CARTESIAN_POINT('',(17.527406654813,58.552197104394,0.));
#4828 = VERTEX_POINT('',#4829);
#4829 = CARTESIAN_POINT('',(17.527406654813,58.552197104394,
    1.600050800102));
#4830 = LINE('',#4831,#4832);
#4831 = CARTESIAN_POINT('',(17.527406654813,58.552197104394,0.));
#4832 = VECTOR('',#4833,1.);
#4833 = DIRECTION('',(0.,0.,1.));
#4834 = ORIENTED_EDGE('',*,*,#4835,.T.);
#4835 = EDGE_CURVE('',#4828,#4836,#4838,.T.);
#4836 = VERTEX_POINT('',#4837);
#4837 = CARTESIAN_POINT('',(16.427381254763,58.552197104394,
    1.600050800102));
#4838 = CIRCLE('',#4839,0.550012700025);
#4839 = AXIS2_PLACEMENT_3D('',#4840,#4841,#4842);
#4840 = CARTESIAN_POINT('',(16.977393954788,58.552197104394,
    1.600050800102));
#4841 = DIRECTION('',(0.,0.,1.));
#4842 = DIRECTION('',(1.,1.110223024625E-16,-0.));
#4843 = ORIENTED_EDGE('',*,*,#4844,.F.);
#4844 = EDGE_CURVE('',#4845,#4836,#4847,.T.);
#4845 = VERTEX_POINT('',#4846);
#4846 = CARTESIAN_POINT('',(16.427381254763,58.552197104394,0.));
#4847 = LINE('',#4848,#4849);
#4848 = CARTESIAN_POINT('',(16.427381254763,58.552197104394,0.));
#4849 = VECTOR('',#4850,1.);
#4850 = DIRECTION('',(0.,0.,1.));
#4851 = ORIENTED_EDGE('',*,*,#4852,.F.);
#4852 = EDGE_CURVE('',#4826,#4845,#4853,.T.);
#4853 = CIRCLE('',#4854,0.550012700025);
#4854 = AXIS2_PLACEMENT_3D('',#4855,#4856,#4857);
#4855 = CARTESIAN_POINT('',(16.977393954788,58.552197104394,0.));
#4856 = DIRECTION('',(0.,0.,1.));
#4857 = DIRECTION('',(1.,1.110223024625E-16,-0.));
#4858 = CYLINDRICAL_SURFACE('',#4859,0.550012700025);
#4859 = AXIS2_PLACEMENT_3D('',#4860,#4861,#4862);
#4860 = CARTESIAN_POINT('',(16.977393954788,58.552197104394,0.));
#4861 = DIRECTION('',(-0.,-0.,-1.));
#4862 = DIRECTION('',(1.,1.110223024625E-16,-0.));
#4863 = ADVANCED_FACE('',(#4864),#4882,.F.);
#4864 = FACE_BOUND('',#4865,.T.);
#4865 = EDGE_LOOP('',(#4866,#4867,#4874,#4875));
#4866 = ORIENTED_EDGE('',*,*,#4844,.T.);
#4867 = ORIENTED_EDGE('',*,*,#4868,.T.);
#4868 = EDGE_CURVE('',#4836,#4828,#4869,.T.);
#4869 = CIRCLE('',#4870,0.550012700025);
#4870 = AXIS2_PLACEMENT_3D('',#4871,#4872,#4873);
#4871 = CARTESIAN_POINT('',(16.977393954788,58.552197104394,
    1.600050800102));
#4872 = DIRECTION('',(0.,0.,1.));
#4873 = DIRECTION('',(-1.,-1.110223024625E-16,0.));
#4874 = ORIENTED_EDGE('',*,*,#4825,.F.);
#4875 = ORIENTED_EDGE('',*,*,#4876,.F.);
#4876 = EDGE_CURVE('',#4845,#4826,#4877,.T.);
#4877 = CIRCLE('',#4878,0.550012700025);
#4878 = AXIS2_PLACEMENT_3D('',#4879,#4880,#4881);
#4879 = CARTESIAN_POINT('',(16.977393954788,58.552197104394,0.));
#4880 = DIRECTION('',(0.,0.,1.));
#4881 = DIRECTION('',(-1.,-1.110223024625E-16,0.));
#4882 = CYLINDRICAL_SURFACE('',#4883,0.550012700025);
#4883 = AXIS2_PLACEMENT_3D('',#4884,#4885,#4886);
#4884 = CARTESIAN_POINT('',(16.977393954788,58.552197104394,0.));
#4885 = DIRECTION('',(-0.,-0.,-1.));
#4886 = DIRECTION('',(-1.,-1.110223024625E-16,0.));
#4887 = ADVANCED_FACE('',(#4888),#4924,.F.);
#4888 = FACE_BOUND('',#4889,.T.);
#4889 = EDGE_LOOP('',(#4890,#4900,#4909,#4917));
#4890 = ORIENTED_EDGE('',*,*,#4891,.T.);
#4891 = EDGE_CURVE('',#4892,#4894,#4896,.T.);
#4892 = VERTEX_POINT('',#4893);
#4893 = CARTESIAN_POINT('',(18.007264414529,2.285979171958,0.));
#4894 = VERTEX_POINT('',#4895);
#4895 = CARTESIAN_POINT('',(18.007264414529,2.285979171958,
    1.600050800102));
#4896 = LINE('',#4897,#4898);
#4897 = CARTESIAN_POINT('',(18.007264414529,2.285979171958,0.));
#4898 = VECTOR('',#4899,1.);
#4899 = DIRECTION('',(0.,0.,1.));
#4900 = ORIENTED_EDGE('',*,*,#4901,.T.);
#4901 = EDGE_CURVE('',#4894,#4902,#4904,.T.);
#4902 = VERTEX_POINT('',#4903);
#4903 = CARTESIAN_POINT('',(17.007264414529,2.285979171958,
    1.600050800102));
#4904 = CIRCLE('',#4905,0.5);
#4905 = AXIS2_PLACEMENT_3D('',#4906,#4907,#4908);
#4906 = CARTESIAN_POINT('',(17.507264414529,2.285979171958,
    1.600050800102));
#4907 = DIRECTION('',(0.,0.,1.));
#4908 = DIRECTION('',(1.,1.110223024625E-16,-0.));
#4909 = ORIENTED_EDGE('',*,*,#4910,.F.);
#4910 = EDGE_CURVE('',#4911,#4902,#4913,.T.);
#4911 = VERTEX_POINT('',#4912);
#4912 = CARTESIAN_POINT('',(17.007264414529,2.285979171958,0.));
#4913 = LINE('',#4914,#4915);
#4914 = CARTESIAN_POINT('',(17.007264414529,2.285979171958,0.));
#4915 = VECTOR('',#4916,1.);
#4916 = DIRECTION('',(0.,0.,1.));
#4917 = ORIENTED_EDGE('',*,*,#4918,.F.);
#4918 = EDGE_CURVE('',#4892,#4911,#4919,.T.);
#4919 = CIRCLE('',#4920,0.5);
#4920 = AXIS2_PLACEMENT_3D('',#4921,#4922,#4923);
#4921 = CARTESIAN_POINT('',(17.507264414529,2.285979171958,0.));
#4922 = DIRECTION('',(0.,0.,1.));
#4923 = DIRECTION('',(1.,1.110223024625E-16,-0.));
#4924 = CYLINDRICAL_SURFACE('',#4925,0.5);
#4925 = AXIS2_PLACEMENT_3D('',#4926,#4927,#4928);
#4926 = CARTESIAN_POINT('',(17.507264414529,2.285979171958,0.));
#4927 = DIRECTION('',(-0.,-0.,-1.));
#4928 = DIRECTION('',(1.,1.110223024625E-16,-0.));
#4929 = ADVANCED_FACE('',(#4930),#4948,.F.);
#4930 = FACE_BOUND('',#4931,.T.);
#4931 = EDGE_LOOP('',(#4932,#4933,#4940,#4941));
#4932 = ORIENTED_EDGE('',*,*,#4910,.T.);
#4933 = ORIENTED_EDGE('',*,*,#4934,.T.);
#4934 = EDGE_CURVE('',#4902,#4894,#4935,.T.);
#4935 = CIRCLE('',#4936,0.5);
#4936 = AXIS2_PLACEMENT_3D('',#4937,#4938,#4939);
#4937 = CARTESIAN_POINT('',(17.507264414529,2.285979171958,
    1.600050800102));
#4938 = DIRECTION('',(0.,0.,1.));
#4939 = DIRECTION('',(-1.,-1.110223024625E-16,0.));
#4940 = ORIENTED_EDGE('',*,*,#4891,.F.);
#4941 = ORIENTED_EDGE('',*,*,#4942,.F.);
#4942 = EDGE_CURVE('',#4911,#4892,#4943,.T.);
#4943 = CIRCLE('',#4944,0.5);
#4944 = AXIS2_PLACEMENT_3D('',#4945,#4946,#4947);
#4945 = CARTESIAN_POINT('',(17.507264414529,2.285979171958,0.));
#4946 = DIRECTION('',(0.,0.,1.));
#4947 = DIRECTION('',(-1.,-1.110223024625E-16,0.));
#4948 = CYLINDRICAL_SURFACE('',#4949,0.5);
#4949 = AXIS2_PLACEMENT_3D('',#4950,#4951,#4952);
#4950 = CARTESIAN_POINT('',(17.507264414529,2.285979171958,0.));
#4951 = DIRECTION('',(-0.,-0.,-1.));
#4952 = DIRECTION('',(-1.,-1.110223024625E-16,0.));
#4953 = ADVANCED_FACE('',(#4954),#4990,.F.);
#4954 = FACE_BOUND('',#4955,.T.);
#4955 = EDGE_LOOP('',(#4956,#4966,#4975,#4983));
#4956 = ORIENTED_EDGE('',*,*,#4957,.T.);
#4957 = EDGE_CURVE('',#4958,#4960,#4962,.T.);
#4958 = VERTEX_POINT('',#4959);
#4959 = CARTESIAN_POINT('',(18.137007874016,45.283210566421,0.));
#4960 = VERTEX_POINT('',#4961);
#4961 = CARTESIAN_POINT('',(18.137007874016,45.283210566421,
    1.600050800102));
#4962 = LINE('',#4963,#4964);
#4963 = CARTESIAN_POINT('',(18.137007874016,45.283210566421,0.));
#4964 = VECTOR('',#4965,1.);
#4965 = DIRECTION('',(0.,0.,1.));
#4966 = ORIENTED_EDGE('',*,*,#4967,.T.);
#4967 = EDGE_CURVE('',#4960,#4968,#4970,.T.);
#4968 = VERTEX_POINT('',#4969);
#4969 = CARTESIAN_POINT('',(17.036982473965,45.283210566421,
    1.600050800102));
#4970 = CIRCLE('',#4971,0.550012700025);
#4971 = AXIS2_PLACEMENT_3D('',#4972,#4973,#4974);
#4972 = CARTESIAN_POINT('',(17.58699517399,45.283210566421,
    1.600050800102));
#4973 = DIRECTION('',(0.,0.,1.));
#4974 = DIRECTION('',(1.,1.110223024625E-16,-0.));
#4975 = ORIENTED_EDGE('',*,*,#4976,.F.);
#4976 = EDGE_CURVE('',#4977,#4968,#4979,.T.);
#4977 = VERTEX_POINT('',#4978);
#4978 = CARTESIAN_POINT('',(17.036982473965,45.283210566421,0.));
#4979 = LINE('',#4980,#4981);
#4980 = CARTESIAN_POINT('',(17.036982473965,45.283210566421,0.));
#4981 = VECTOR('',#4982,1.);
#4982 = DIRECTION('',(0.,0.,1.));
#4983 = ORIENTED_EDGE('',*,*,#4984,.F.);
#4984 = EDGE_CURVE('',#4958,#4977,#4985,.T.);
#4985 = CIRCLE('',#4986,0.550012700025);
#4986 = AXIS2_PLACEMENT_3D('',#4987,#4988,#4989);
#4987 = CARTESIAN_POINT('',(17.58699517399,45.283210566421,0.));
#4988 = DIRECTION('',(0.,0.,1.));
#4989 = DIRECTION('',(1.,1.110223024625E-16,-0.));
#4990 = CYLINDRICAL_SURFACE('',#4991,0.550012700025);
#4991 = AXIS2_PLACEMENT_3D('',#4992,#4993,#4994);
#4992 = CARTESIAN_POINT('',(17.58699517399,45.283210566421,0.));
#4993 = DIRECTION('',(-0.,-0.,-1.));
#4994 = DIRECTION('',(1.,1.110223024625E-16,-0.));
#4995 = ADVANCED_FACE('',(#4996),#5014,.F.);
#4996 = FACE_BOUND('',#4997,.T.);
#4997 = EDGE_LOOP('',(#4998,#4999,#5006,#5007));
#4998 = ORIENTED_EDGE('',*,*,#4976,.T.);
#4999 = ORIENTED_EDGE('',*,*,#5000,.T.);
#5000 = EDGE_CURVE('',#4968,#4960,#5001,.T.);
#5001 = CIRCLE('',#5002,0.550012700025);
#5002 = AXIS2_PLACEMENT_3D('',#5003,#5004,#5005);
#5003 = CARTESIAN_POINT('',(17.58699517399,45.283210566421,
    1.600050800102));
#5004 = DIRECTION('',(0.,0.,1.));
#5005 = DIRECTION('',(-1.,-1.110223024625E-16,0.));
#5006 = ORIENTED_EDGE('',*,*,#4957,.F.);
#5007 = ORIENTED_EDGE('',*,*,#5008,.F.);
#5008 = EDGE_CURVE('',#4977,#4958,#5009,.T.);
#5009 = CIRCLE('',#5010,0.550012700025);
#5010 = AXIS2_PLACEMENT_3D('',#5011,#5012,#5013);
#5011 = CARTESIAN_POINT('',(17.58699517399,45.283210566421,0.));
#5012 = DIRECTION('',(0.,0.,1.));
#5013 = DIRECTION('',(-1.,-1.110223024625E-16,0.));
#5014 = CYLINDRICAL_SURFACE('',#5015,0.550012700025);
#5015 = AXIS2_PLACEMENT_3D('',#5016,#5017,#5018);
#5016 = CARTESIAN_POINT('',(17.58699517399,45.283210566421,0.));
#5017 = DIRECTION('',(-0.,-0.,-1.));
#5018 = DIRECTION('',(-1.,-1.110223024625E-16,0.));
#5019 = ADVANCED_FACE('',(#5020),#5056,.F.);
#5020 = FACE_BOUND('',#5021,.T.);
#5021 = EDGE_LOOP('',(#5022,#5032,#5041,#5049));
#5022 = ORIENTED_EDGE('',*,*,#5023,.T.);
#5023 = EDGE_CURVE('',#5024,#5026,#5028,.T.);
#5024 = VERTEX_POINT('',#5025);
#5025 = CARTESIAN_POINT('',(18.817716535433,49.316738633477,0.));
#5026 = VERTEX_POINT('',#5027);
#5027 = CARTESIAN_POINT('',(18.817716535433,49.316738633477,
    1.600050800102));
#5028 = LINE('',#5029,#5030);
#5029 = CARTESIAN_POINT('',(18.817716535433,49.316738633477,0.));
#5030 = VECTOR('',#5031,1.);
#5031 = DIRECTION('',(0.,0.,1.));
#5032 = ORIENTED_EDGE('',*,*,#5033,.T.);
#5033 = EDGE_CURVE('',#5026,#5034,#5036,.T.);
#5034 = VERTEX_POINT('',#5035);
#5035 = CARTESIAN_POINT('',(17.717716535433,49.316738633477,
    1.600050800102));
#5036 = CIRCLE('',#5037,0.55);
#5037 = AXIS2_PLACEMENT_3D('',#5038,#5039,#5040);
#5038 = CARTESIAN_POINT('',(18.267716535433,49.316738633477,
    1.600050800102));
#5039 = DIRECTION('',(0.,0.,1.));
#5040 = DIRECTION('',(1.,1.110223024625E-16,-0.));
#5041 = ORIENTED_EDGE('',*,*,#5042,.F.);
#5042 = EDGE_CURVE('',#5043,#5034,#5045,.T.);
#5043 = VERTEX_POINT('',#5044);
#5044 = CARTESIAN_POINT('',(17.717716535433,49.316738633477,0.));
#5045 = LINE('',#5046,#5047);
#5046 = CARTESIAN_POINT('',(17.717716535433,49.316738633477,0.));
#5047 = VECTOR('',#5048,1.);
#5048 = DIRECTION('',(0.,0.,1.));
#5049 = ORIENTED_EDGE('',*,*,#5050,.F.);
#5050 = EDGE_CURVE('',#5024,#5043,#5051,.T.);
#5051 = CIRCLE('',#5052,0.55);
#5052 = AXIS2_PLACEMENT_3D('',#5053,#5054,#5055);
#5053 = CARTESIAN_POINT('',(18.267716535433,49.316738633477,0.));
#5054 = DIRECTION('',(0.,0.,1.));
#5055 = DIRECTION('',(1.,1.110223024625E-16,-0.));
#5056 = CYLINDRICAL_SURFACE('',#5057,0.55);
#5057 = AXIS2_PLACEMENT_3D('',#5058,#5059,#5060);
#5058 = CARTESIAN_POINT('',(18.267716535433,49.316738633477,0.));
#5059 = DIRECTION('',(-0.,-0.,-1.));
#5060 = DIRECTION('',(1.,1.110223024625E-16,-0.));
#5061 = ADVANCED_FACE('',(#5062),#5080,.F.);
#5062 = FACE_BOUND('',#5063,.T.);
#5063 = EDGE_LOOP('',(#5064,#5065,#5072,#5073));
#5064 = ORIENTED_EDGE('',*,*,#5042,.T.);
#5065 = ORIENTED_EDGE('',*,*,#5066,.T.);
#5066 = EDGE_CURVE('',#5034,#5026,#5067,.T.);
#5067 = CIRCLE('',#5068,0.55);
#5068 = AXIS2_PLACEMENT_3D('',#5069,#5070,#5071);
#5069 = CARTESIAN_POINT('',(18.267716535433,49.316738633477,
    1.600050800102));
#5070 = DIRECTION('',(0.,0.,1.));
#5071 = DIRECTION('',(-1.,-1.110223024625E-16,0.));
#5072 = ORIENTED_EDGE('',*,*,#5023,.F.);
#5073 = ORIENTED_EDGE('',*,*,#5074,.F.);
#5074 = EDGE_CURVE('',#5043,#5024,#5075,.T.);
#5075 = CIRCLE('',#5076,0.55);
#5076 = AXIS2_PLACEMENT_3D('',#5077,#5078,#5079);
#5077 = CARTESIAN_POINT('',(18.267716535433,49.316738633477,0.));
#5078 = DIRECTION('',(0.,0.,1.));
#5079 = DIRECTION('',(-1.,-1.110223024625E-16,0.));
#5080 = CYLINDRICAL_SURFACE('',#5081,0.55);
#5081 = AXIS2_PLACEMENT_3D('',#5082,#5083,#5084);
#5082 = CARTESIAN_POINT('',(18.267716535433,49.316738633477,0.));
#5083 = DIRECTION('',(-0.,-0.,-1.));
#5084 = DIRECTION('',(-1.,-1.110223024625E-16,0.));
#5085 = ADVANCED_FACE('',(#5086),#5122,.F.);
#5086 = FACE_BOUND('',#5087,.T.);
#5087 = EDGE_LOOP('',(#5088,#5098,#5107,#5115));
#5088 = ORIENTED_EDGE('',*,*,#5089,.T.);
#5089 = EDGE_CURVE('',#5090,#5092,#5094,.T.);
#5090 = VERTEX_POINT('',#5091);
#5091 = CARTESIAN_POINT('',(18.817716535433,51.856743713487,0.));
#5092 = VERTEX_POINT('',#5093);
#5093 = CARTESIAN_POINT('',(18.817716535433,51.856743713487,
    1.600050800102));
#5094 = LINE('',#5095,#5096);
#5095 = CARTESIAN_POINT('',(18.817716535433,51.856743713487,0.));
#5096 = VECTOR('',#5097,1.);
#5097 = DIRECTION('',(0.,0.,1.));
#5098 = ORIENTED_EDGE('',*,*,#5099,.T.);
#5099 = EDGE_CURVE('',#5092,#5100,#5102,.T.);
#5100 = VERTEX_POINT('',#5101);
#5101 = CARTESIAN_POINT('',(17.717716535433,51.856743713487,
    1.600050800102));
#5102 = CIRCLE('',#5103,0.55);
#5103 = AXIS2_PLACEMENT_3D('',#5104,#5105,#5106);
#5104 = CARTESIAN_POINT('',(18.267716535433,51.856743713487,
    1.600050800102));
#5105 = DIRECTION('',(0.,0.,1.));
#5106 = DIRECTION('',(1.,1.110223024625E-16,-0.));
#5107 = ORIENTED_EDGE('',*,*,#5108,.F.);
#5108 = EDGE_CURVE('',#5109,#5100,#5111,.T.);
#5109 = VERTEX_POINT('',#5110);
#5110 = CARTESIAN_POINT('',(17.717716535433,51.856743713487,0.));
#5111 = LINE('',#5112,#5113);
#5112 = CARTESIAN_POINT('',(17.717716535433,51.856743713487,0.));
#5113 = VECTOR('',#5114,1.);
#5114 = DIRECTION('',(0.,0.,1.));
#5115 = ORIENTED_EDGE('',*,*,#5116,.F.);
#5116 = EDGE_CURVE('',#5090,#5109,#5117,.T.);
#5117 = CIRCLE('',#5118,0.55);
#5118 = AXIS2_PLACEMENT_3D('',#5119,#5120,#5121);
#5119 = CARTESIAN_POINT('',(18.267716535433,51.856743713487,0.));
#5120 = DIRECTION('',(0.,0.,1.));
#5121 = DIRECTION('',(1.,1.110223024625E-16,-0.));
#5122 = CYLINDRICAL_SURFACE('',#5123,0.55);
#5123 = AXIS2_PLACEMENT_3D('',#5124,#5125,#5126);
#5124 = CARTESIAN_POINT('',(18.267716535433,51.856743713487,0.));
#5125 = DIRECTION('',(-0.,-0.,-1.));
#5126 = DIRECTION('',(1.,1.110223024625E-16,-0.));
#5127 = ADVANCED_FACE('',(#5128),#5146,.F.);
#5128 = FACE_BOUND('',#5129,.T.);
#5129 = EDGE_LOOP('',(#5130,#5131,#5138,#5139));
#5130 = ORIENTED_EDGE('',*,*,#5108,.T.);
#5131 = ORIENTED_EDGE('',*,*,#5132,.T.);
#5132 = EDGE_CURVE('',#5100,#5092,#5133,.T.);
#5133 = CIRCLE('',#5134,0.55);
#5134 = AXIS2_PLACEMENT_3D('',#5135,#5136,#5137);
#5135 = CARTESIAN_POINT('',(18.267716535433,51.856743713487,
    1.600050800102));
#5136 = DIRECTION('',(0.,0.,1.));
#5137 = DIRECTION('',(-1.,-1.110223024625E-16,0.));
#5138 = ORIENTED_EDGE('',*,*,#5089,.F.);
#5139 = ORIENTED_EDGE('',*,*,#5140,.F.);
#5140 = EDGE_CURVE('',#5109,#5090,#5141,.T.);
#5141 = CIRCLE('',#5142,0.55);
#5142 = AXIS2_PLACEMENT_3D('',#5143,#5144,#5145);
#5143 = CARTESIAN_POINT('',(18.267716535433,51.856743713487,0.));
#5144 = DIRECTION('',(0.,0.,1.));
#5145 = DIRECTION('',(-1.,-1.110223024625E-16,0.));
#5146 = CYLINDRICAL_SURFACE('',#5147,0.55);
#5147 = AXIS2_PLACEMENT_3D('',#5148,#5149,#5150);
#5148 = CARTESIAN_POINT('',(18.267716535433,51.856743713487,0.));
#5149 = DIRECTION('',(-0.,-0.,-1.));
#5150 = DIRECTION('',(-1.,-1.110223024625E-16,0.));
#5151 = ADVANCED_FACE('',(#5152),#5188,.F.);
#5152 = FACE_BOUND('',#5153,.T.);
#5153 = EDGE_LOOP('',(#5154,#5164,#5173,#5181));
#5154 = ORIENTED_EDGE('',*,*,#5155,.T.);
#5155 = EDGE_CURVE('',#5156,#5158,#5160,.T.);
#5156 = VERTEX_POINT('',#5157);
#5157 = CARTESIAN_POINT('',(20.067411734823,56.012192024384,0.));
#5158 = VERTEX_POINT('',#5159);
#5159 = CARTESIAN_POINT('',(20.067411734823,56.012192024384,
    1.600050800102));
#5160 = LINE('',#5161,#5162);
#5161 = CARTESIAN_POINT('',(20.067411734823,56.012192024384,0.));
#5162 = VECTOR('',#5163,1.);
#5163 = DIRECTION('',(0.,0.,1.));
#5164 = ORIENTED_EDGE('',*,*,#5165,.T.);
#5165 = EDGE_CURVE('',#5158,#5166,#5168,.T.);
#5166 = VERTEX_POINT('',#5167);
#5167 = CARTESIAN_POINT('',(18.967386334773,56.012192024384,
    1.600050800102));
#5168 = CIRCLE('',#5169,0.550012700025);
#5169 = AXIS2_PLACEMENT_3D('',#5170,#5171,#5172);
#5170 = CARTESIAN_POINT('',(19.517399034798,56.012192024384,
    1.600050800102));
#5171 = DIRECTION('',(0.,0.,1.));
#5172 = DIRECTION('',(1.,1.110223024625E-16,-0.));
#5173 = ORIENTED_EDGE('',*,*,#5174,.F.);
#5174 = EDGE_CURVE('',#5175,#5166,#5177,.T.);
#5175 = VERTEX_POINT('',#5176);
#5176 = CARTESIAN_POINT('',(18.967386334773,56.012192024384,0.));
#5177 = LINE('',#5178,#5179);
#5178 = CARTESIAN_POINT('',(18.967386334773,56.012192024384,0.));
#5179 = VECTOR('',#5180,1.);
#5180 = DIRECTION('',(0.,0.,1.));
#5181 = ORIENTED_EDGE('',*,*,#5182,.F.);
#5182 = EDGE_CURVE('',#5156,#5175,#5183,.T.);
#5183 = CIRCLE('',#5184,0.550012700025);
#5184 = AXIS2_PLACEMENT_3D('',#5185,#5186,#5187);
#5185 = CARTESIAN_POINT('',(19.517399034798,56.012192024384,0.));
#5186 = DIRECTION('',(0.,0.,1.));
#5187 = DIRECTION('',(1.,1.110223024625E-16,-0.));
#5188 = CYLINDRICAL_SURFACE('',#5189,0.550012700025);
#5189 = AXIS2_PLACEMENT_3D('',#5190,#5191,#5192);
#5190 = CARTESIAN_POINT('',(19.517399034798,56.012192024384,0.));
#5191 = DIRECTION('',(-0.,-0.,-1.));
#5192 = DIRECTION('',(1.,1.110223024625E-16,-0.));
#5193 = ADVANCED_FACE('',(#5194),#5212,.F.);
#5194 = FACE_BOUND('',#5195,.T.);
#5195 = EDGE_LOOP('',(#5196,#5197,#5204,#5205));
#5196 = ORIENTED_EDGE('',*,*,#5174,.T.);
#5197 = ORIENTED_EDGE('',*,*,#5198,.T.);
#5198 = EDGE_CURVE('',#5166,#5158,#5199,.T.);
#5199 = CIRCLE('',#5200,0.550012700025);
#5200 = AXIS2_PLACEMENT_3D('',#5201,#5202,#5203);
#5201 = CARTESIAN_POINT('',(19.517399034798,56.012192024384,
    1.600050800102));
#5202 = DIRECTION('',(0.,0.,1.));
#5203 = DIRECTION('',(-1.,-1.110223024625E-16,0.));
#5204 = ORIENTED_EDGE('',*,*,#5155,.F.);
#5205 = ORIENTED_EDGE('',*,*,#5206,.F.);
#5206 = EDGE_CURVE('',#5175,#5156,#5207,.T.);
#5207 = CIRCLE('',#5208,0.550012700025);
#5208 = AXIS2_PLACEMENT_3D('',#5209,#5210,#5211);
#5209 = CARTESIAN_POINT('',(19.517399034798,56.012192024384,0.));
#5210 = DIRECTION('',(0.,0.,1.));
#5211 = DIRECTION('',(-1.,-1.110223024625E-16,0.));
#5212 = CYLINDRICAL_SURFACE('',#5213,0.550012700025);
#5213 = AXIS2_PLACEMENT_3D('',#5214,#5215,#5216);
#5214 = CARTESIAN_POINT('',(19.517399034798,56.012192024384,0.));
#5215 = DIRECTION('',(-0.,-0.,-1.));
#5216 = DIRECTION('',(-1.,-1.110223024625E-16,0.));
#5217 = ADVANCED_FACE('',(#5218),#5254,.F.);
#5218 = FACE_BOUND('',#5219,.T.);
#5219 = EDGE_LOOP('',(#5220,#5230,#5239,#5247));
#5220 = ORIENTED_EDGE('',*,*,#5221,.T.);
#5221 = EDGE_CURVE('',#5222,#5224,#5226,.T.);
#5222 = VERTEX_POINT('',#5223);
#5223 = CARTESIAN_POINT('',(20.067411734823,58.552197104394,0.));
#5224 = VERTEX_POINT('',#5225);
#5225 = CARTESIAN_POINT('',(20.067411734823,58.552197104394,
    1.600050800102));
#5226 = LINE('',#5227,#5228);
#5227 = CARTESIAN_POINT('',(20.067411734823,58.552197104394,0.));
#5228 = VECTOR('',#5229,1.);
#5229 = DIRECTION('',(0.,0.,1.));
#5230 = ORIENTED_EDGE('',*,*,#5231,.T.);
#5231 = EDGE_CURVE('',#5224,#5232,#5234,.T.);
#5232 = VERTEX_POINT('',#5233);
#5233 = CARTESIAN_POINT('',(18.967386334773,58.552197104394,
    1.600050800102));
#5234 = CIRCLE('',#5235,0.550012700025);
#5235 = AXIS2_PLACEMENT_3D('',#5236,#5237,#5238);
#5236 = CARTESIAN_POINT('',(19.517399034798,58.552197104394,
    1.600050800102));
#5237 = DIRECTION('',(0.,0.,1.));
#5238 = DIRECTION('',(1.,1.110223024625E-16,-0.));
#5239 = ORIENTED_EDGE('',*,*,#5240,.F.);
#5240 = EDGE_CURVE('',#5241,#5232,#5243,.T.);
#5241 = VERTEX_POINT('',#5242);
#5242 = CARTESIAN_POINT('',(18.967386334773,58.552197104394,0.));
#5243 = LINE('',#5244,#5245);
#5244 = CARTESIAN_POINT('',(18.967386334773,58.552197104394,0.));
#5245 = VECTOR('',#5246,1.);
#5246 = DIRECTION('',(0.,0.,1.));
#5247 = ORIENTED_EDGE('',*,*,#5248,.F.);
#5248 = EDGE_CURVE('',#5222,#5241,#5249,.T.);
#5249 = CIRCLE('',#5250,0.550012700025);
#5250 = AXIS2_PLACEMENT_3D('',#5251,#5252,#5253);
#5251 = CARTESIAN_POINT('',(19.517399034798,58.552197104394,0.));
#5252 = DIRECTION('',(0.,0.,1.));
#5253 = DIRECTION('',(1.,1.110223024625E-16,-0.));
#5254 = CYLINDRICAL_SURFACE('',#5255,0.550012700025);
#5255 = AXIS2_PLACEMENT_3D('',#5256,#5257,#5258);
#5256 = CARTESIAN_POINT('',(19.517399034798,58.552197104394,0.));
#5257 = DIRECTION('',(-0.,-0.,-1.));
#5258 = DIRECTION('',(1.,1.110223024625E-16,-0.));
#5259 = ADVANCED_FACE('',(#5260),#5278,.F.);
#5260 = FACE_BOUND('',#5261,.T.);
#5261 = EDGE_LOOP('',(#5262,#5263,#5270,#5271));
#5262 = ORIENTED_EDGE('',*,*,#5240,.T.);
#5263 = ORIENTED_EDGE('',*,*,#5264,.T.);
#5264 = EDGE_CURVE('',#5232,#5224,#5265,.T.);
#5265 = CIRCLE('',#5266,0.550012700025);
#5266 = AXIS2_PLACEMENT_3D('',#5267,#5268,#5269);
#5267 = CARTESIAN_POINT('',(19.517399034798,58.552197104394,
    1.600050800102));
#5268 = DIRECTION('',(0.,0.,1.));
#5269 = DIRECTION('',(-1.,-1.110223024625E-16,0.));
#5270 = ORIENTED_EDGE('',*,*,#5221,.F.);
#5271 = ORIENTED_EDGE('',*,*,#5272,.F.);
#5272 = EDGE_CURVE('',#5241,#5222,#5273,.T.);
#5273 = CIRCLE('',#5274,0.550012700025);
#5274 = AXIS2_PLACEMENT_3D('',#5275,#5276,#5277);
#5275 = CARTESIAN_POINT('',(19.517399034798,58.552197104394,0.));
#5276 = DIRECTION('',(0.,0.,1.));
#5277 = DIRECTION('',(-1.,-1.110223024625E-16,0.));
#5278 = CYLINDRICAL_SURFACE('',#5279,0.550012700025);
#5279 = AXIS2_PLACEMENT_3D('',#5280,#5281,#5282);
#5280 = CARTESIAN_POINT('',(19.517399034798,58.552197104394,0.));
#5281 = DIRECTION('',(-0.,-0.,-1.));
#5282 = DIRECTION('',(-1.,-1.110223024625E-16,0.));
#5283 = ADVANCED_FACE('',(#5284),#5320,.F.);
#5284 = FACE_BOUND('',#5285,.T.);
#5285 = EDGE_LOOP('',(#5286,#5296,#5305,#5313));
#5286 = ORIENTED_EDGE('',*,*,#5287,.T.);
#5287 = EDGE_CURVE('',#5288,#5290,#5292,.T.);
#5288 = VERTEX_POINT('',#5289);
#5289 = CARTESIAN_POINT('',(20.007239014478,2.286055372111,0.));
#5290 = VERTEX_POINT('',#5291);
#5291 = CARTESIAN_POINT('',(20.007239014478,2.286055372111,
    1.600050800102));
#5292 = LINE('',#5293,#5294);
#5293 = CARTESIAN_POINT('',(20.007239014478,2.286055372111,0.));
#5294 = VECTOR('',#5295,1.);
#5295 = DIRECTION('',(0.,0.,1.));
#5296 = ORIENTED_EDGE('',*,*,#5297,.T.);
#5297 = EDGE_CURVE('',#5290,#5298,#5300,.T.);
#5298 = VERTEX_POINT('',#5299);
#5299 = CARTESIAN_POINT('',(19.007239014478,2.286055372111,
    1.600050800102));
#5300 = CIRCLE('',#5301,0.5);
#5301 = AXIS2_PLACEMENT_3D('',#5302,#5303,#5304);
#5302 = CARTESIAN_POINT('',(19.507239014478,2.286055372111,
    1.600050800102));
#5303 = DIRECTION('',(0.,0.,1.));
#5304 = DIRECTION('',(1.,1.110223024625E-16,-0.));
#5305 = ORIENTED_EDGE('',*,*,#5306,.F.);
#5306 = EDGE_CURVE('',#5307,#5298,#5309,.T.);
#5307 = VERTEX_POINT('',#5308);
#5308 = CARTESIAN_POINT('',(19.007239014478,2.286055372111,0.));
#5309 = LINE('',#5310,#5311);
#5310 = CARTESIAN_POINT('',(19.007239014478,2.286055372111,0.));
#5311 = VECTOR('',#5312,1.);
#5312 = DIRECTION('',(0.,0.,1.));
#5313 = ORIENTED_EDGE('',*,*,#5314,.F.);
#5314 = EDGE_CURVE('',#5288,#5307,#5315,.T.);
#5315 = CIRCLE('',#5316,0.5);
#5316 = AXIS2_PLACEMENT_3D('',#5317,#5318,#5319);
#5317 = CARTESIAN_POINT('',(19.507239014478,2.286055372111,0.));
#5318 = DIRECTION('',(0.,0.,1.));
#5319 = DIRECTION('',(1.,1.110223024625E-16,-0.));
#5320 = CYLINDRICAL_SURFACE('',#5321,0.5);
#5321 = AXIS2_PLACEMENT_3D('',#5322,#5323,#5324);
#5322 = CARTESIAN_POINT('',(19.507239014478,2.286055372111,0.));
#5323 = DIRECTION('',(-0.,-0.,-1.));
#5324 = DIRECTION('',(1.,1.110223024625E-16,-0.));
#5325 = ADVANCED_FACE('',(#5326),#5344,.F.);
#5326 = FACE_BOUND('',#5327,.T.);
#5327 = EDGE_LOOP('',(#5328,#5329,#5336,#5337));
#5328 = ORIENTED_EDGE('',*,*,#5306,.T.);
#5329 = ORIENTED_EDGE('',*,*,#5330,.T.);
#5330 = EDGE_CURVE('',#5298,#5290,#5331,.T.);
#5331 = CIRCLE('',#5332,0.5);
#5332 = AXIS2_PLACEMENT_3D('',#5333,#5334,#5335);
#5333 = CARTESIAN_POINT('',(19.507239014478,2.286055372111,
    1.600050800102));
#5334 = DIRECTION('',(0.,0.,1.));
#5335 = DIRECTION('',(-1.,-1.110223024625E-16,0.));
#5336 = ORIENTED_EDGE('',*,*,#5287,.F.);
#5337 = ORIENTED_EDGE('',*,*,#5338,.F.);
#5338 = EDGE_CURVE('',#5307,#5288,#5339,.T.);
#5339 = CIRCLE('',#5340,0.5);
#5340 = AXIS2_PLACEMENT_3D('',#5341,#5342,#5343);
#5341 = CARTESIAN_POINT('',(19.507239014478,2.286055372111,0.));
#5342 = DIRECTION('',(0.,0.,1.));
#5343 = DIRECTION('',(-1.,-1.110223024625E-16,0.));
#5344 = CYLINDRICAL_SURFACE('',#5345,0.5);
#5345 = AXIS2_PLACEMENT_3D('',#5346,#5347,#5348);
#5346 = CARTESIAN_POINT('',(19.507239014478,2.286055372111,0.));
#5347 = DIRECTION('',(-0.,-0.,-1.));
#5348 = DIRECTION('',(-1.,-1.110223024625E-16,0.));
#5349 = ADVANCED_FACE('',(#5350),#5386,.F.);
#5350 = FACE_BOUND('',#5351,.T.);
#5351 = EDGE_LOOP('',(#5352,#5362,#5371,#5379));
#5352 = ORIENTED_EDGE('',*,*,#5353,.T.);
#5353 = EDGE_CURVE('',#5354,#5356,#5358,.T.);
#5354 = VERTEX_POINT('',#5355);
#5355 = CARTESIAN_POINT('',(20.677012954026,45.283210566421,0.));
#5356 = VERTEX_POINT('',#5357);
#5357 = CARTESIAN_POINT('',(20.677012954026,45.283210566421,
    1.600050800102));
#5358 = LINE('',#5359,#5360);
#5359 = CARTESIAN_POINT('',(20.677012954026,45.283210566421,0.));
#5360 = VECTOR('',#5361,1.);
#5361 = DIRECTION('',(0.,0.,1.));
#5362 = ORIENTED_EDGE('',*,*,#5363,.T.);
#5363 = EDGE_CURVE('',#5356,#5364,#5366,.T.);
#5364 = VERTEX_POINT('',#5365);
#5365 = CARTESIAN_POINT('',(19.576987553975,45.283210566421,
    1.600050800102));
#5366 = CIRCLE('',#5367,0.550012700025);
#5367 = AXIS2_PLACEMENT_3D('',#5368,#5369,#5370);
#5368 = CARTESIAN_POINT('',(20.127000254001,45.283210566421,
    1.600050800102));
#5369 = DIRECTION('',(0.,0.,1.));
#5370 = DIRECTION('',(1.,1.110223024625E-16,-0.));
#5371 = ORIENTED_EDGE('',*,*,#5372,.F.);
#5372 = EDGE_CURVE('',#5373,#5364,#5375,.T.);
#5373 = VERTEX_POINT('',#5374);
#5374 = CARTESIAN_POINT('',(19.576987553975,45.283210566421,0.));
#5375 = LINE('',#5376,#5377);
#5376 = CARTESIAN_POINT('',(19.576987553975,45.283210566421,0.));
#5377 = VECTOR('',#5378,1.);
#5378 = DIRECTION('',(0.,0.,1.));
#5379 = ORIENTED_EDGE('',*,*,#5380,.F.);
#5380 = EDGE_CURVE('',#5354,#5373,#5381,.T.);
#5381 = CIRCLE('',#5382,0.550012700025);
#5382 = AXIS2_PLACEMENT_3D('',#5383,#5384,#5385);
#5383 = CARTESIAN_POINT('',(20.127000254001,45.283210566421,0.));
#5384 = DIRECTION('',(0.,0.,1.));
#5385 = DIRECTION('',(1.,1.110223024625E-16,-0.));
#5386 = CYLINDRICAL_SURFACE('',#5387,0.550012700025);
#5387 = AXIS2_PLACEMENT_3D('',#5388,#5389,#5390);
#5388 = CARTESIAN_POINT('',(20.127000254001,45.283210566421,0.));
#5389 = DIRECTION('',(-0.,-0.,-1.));
#5390 = DIRECTION('',(1.,1.110223024625E-16,-0.));
#5391 = ADVANCED_FACE('',(#5392),#5410,.F.);
#5392 = FACE_BOUND('',#5393,.T.);
#5393 = EDGE_LOOP('',(#5394,#5395,#5402,#5403));
#5394 = ORIENTED_EDGE('',*,*,#5372,.T.);
#5395 = ORIENTED_EDGE('',*,*,#5396,.T.);
#5396 = EDGE_CURVE('',#5364,#5356,#5397,.T.);
#5397 = CIRCLE('',#5398,0.550012700025);
#5398 = AXIS2_PLACEMENT_3D('',#5399,#5400,#5401);
#5399 = CARTESIAN_POINT('',(20.127000254001,45.283210566421,
    1.600050800102));
#5400 = DIRECTION('',(0.,0.,1.));
#5401 = DIRECTION('',(-1.,-1.110223024625E-16,0.));
#5402 = ORIENTED_EDGE('',*,*,#5353,.F.);
#5403 = ORIENTED_EDGE('',*,*,#5404,.F.);
#5404 = EDGE_CURVE('',#5373,#5354,#5405,.T.);
#5405 = CIRCLE('',#5406,0.550012700025);
#5406 = AXIS2_PLACEMENT_3D('',#5407,#5408,#5409);
#5407 = CARTESIAN_POINT('',(20.127000254001,45.283210566421,0.));
#5408 = DIRECTION('',(0.,0.,1.));
#5409 = DIRECTION('',(-1.,-1.110223024625E-16,0.));
#5410 = CYLINDRICAL_SURFACE('',#5411,0.550012700025);
#5411 = AXIS2_PLACEMENT_3D('',#5412,#5413,#5414);
#5412 = CARTESIAN_POINT('',(20.127000254001,45.283210566421,0.));
#5413 = DIRECTION('',(-0.,-0.,-1.));
#5414 = DIRECTION('',(-1.,-1.110223024625E-16,0.));
#5415 = ADVANCED_FACE('',(#5416),#5452,.F.);
#5416 = FACE_BOUND('',#5417,.T.);
#5417 = EDGE_LOOP('',(#5418,#5428,#5437,#5445));
#5418 = ORIENTED_EDGE('',*,*,#5419,.T.);
#5419 = EDGE_CURVE('',#5420,#5422,#5424,.T.);
#5420 = VERTEX_POINT('',#5421);
#5421 = CARTESIAN_POINT('',(21.357721615443,49.316738633477,0.));
#5422 = VERTEX_POINT('',#5423);
#5423 = CARTESIAN_POINT('',(21.357721615443,49.316738633477,
    1.600050800102));
#5424 = LINE('',#5425,#5426);
#5425 = CARTESIAN_POINT('',(21.357721615443,49.316738633477,0.));
#5426 = VECTOR('',#5427,1.);
#5427 = DIRECTION('',(0.,0.,1.));
#5428 = ORIENTED_EDGE('',*,*,#5429,.T.);
#5429 = EDGE_CURVE('',#5422,#5430,#5432,.T.);
#5430 = VERTEX_POINT('',#5431);
#5431 = CARTESIAN_POINT('',(20.257721615443,49.316738633477,
    1.600050800102));
#5432 = CIRCLE('',#5433,0.55);
#5433 = AXIS2_PLACEMENT_3D('',#5434,#5435,#5436);
#5434 = CARTESIAN_POINT('',(20.807721615443,49.316738633477,
    1.600050800102));
#5435 = DIRECTION('',(0.,0.,1.));
#5436 = DIRECTION('',(1.,1.110223024625E-16,-0.));
#5437 = ORIENTED_EDGE('',*,*,#5438,.F.);
#5438 = EDGE_CURVE('',#5439,#5430,#5441,.T.);
#5439 = VERTEX_POINT('',#5440);
#5440 = CARTESIAN_POINT('',(20.257721615443,49.316738633477,0.));
#5441 = LINE('',#5442,#5443);
#5442 = CARTESIAN_POINT('',(20.257721615443,49.316738633477,0.));
#5443 = VECTOR('',#5444,1.);
#5444 = DIRECTION('',(0.,0.,1.));
#5445 = ORIENTED_EDGE('',*,*,#5446,.F.);
#5446 = EDGE_CURVE('',#5420,#5439,#5447,.T.);
#5447 = CIRCLE('',#5448,0.55);
#5448 = AXIS2_PLACEMENT_3D('',#5449,#5450,#5451);
#5449 = CARTESIAN_POINT('',(20.807721615443,49.316738633477,0.));
#5450 = DIRECTION('',(0.,0.,1.));
#5451 = DIRECTION('',(1.,1.110223024625E-16,-0.));
#5452 = CYLINDRICAL_SURFACE('',#5453,0.55);
#5453 = AXIS2_PLACEMENT_3D('',#5454,#5455,#5456);
#5454 = CARTESIAN_POINT('',(20.807721615443,49.316738633477,0.));
#5455 = DIRECTION('',(-0.,-0.,-1.));
#5456 = DIRECTION('',(1.,1.110223024625E-16,-0.));
#5457 = ADVANCED_FACE('',(#5458),#5476,.F.);
#5458 = FACE_BOUND('',#5459,.T.);
#5459 = EDGE_LOOP('',(#5460,#5461,#5468,#5469));
#5460 = ORIENTED_EDGE('',*,*,#5438,.T.);
#5461 = ORIENTED_EDGE('',*,*,#5462,.T.);
#5462 = EDGE_CURVE('',#5430,#5422,#5463,.T.);
#5463 = CIRCLE('',#5464,0.55);
#5464 = AXIS2_PLACEMENT_3D('',#5465,#5466,#5467);
#5465 = CARTESIAN_POINT('',(20.807721615443,49.316738633477,
    1.600050800102));
#5466 = DIRECTION('',(0.,0.,1.));
#5467 = DIRECTION('',(-1.,-1.110223024625E-16,0.));
#5468 = ORIENTED_EDGE('',*,*,#5419,.F.);
#5469 = ORIENTED_EDGE('',*,*,#5470,.F.);
#5470 = EDGE_CURVE('',#5439,#5420,#5471,.T.);
#5471 = CIRCLE('',#5472,0.55);
#5472 = AXIS2_PLACEMENT_3D('',#5473,#5474,#5475);
#5473 = CARTESIAN_POINT('',(20.807721615443,49.316738633477,0.));
#5474 = DIRECTION('',(0.,0.,1.));
#5475 = DIRECTION('',(-1.,-1.110223024625E-16,0.));
#5476 = CYLINDRICAL_SURFACE('',#5477,0.55);
#5477 = AXIS2_PLACEMENT_3D('',#5478,#5479,#5480);
#5478 = CARTESIAN_POINT('',(20.807721615443,49.316738633477,0.));
#5479 = DIRECTION('',(-0.,-0.,-1.));
#5480 = DIRECTION('',(-1.,-1.110223024625E-16,0.));
#5481 = ADVANCED_FACE('',(#5482),#5518,.F.);
#5482 = FACE_BOUND('',#5483,.T.);
#5483 = EDGE_LOOP('',(#5484,#5494,#5503,#5511));
#5484 = ORIENTED_EDGE('',*,*,#5485,.T.);
#5485 = EDGE_CURVE('',#5486,#5488,#5490,.T.);
#5486 = VERTEX_POINT('',#5487);
#5487 = CARTESIAN_POINT('',(21.357721615443,51.856743713487,0.));
#5488 = VERTEX_POINT('',#5489);
#5489 = CARTESIAN_POINT('',(21.357721615443,51.856743713487,
    1.600050800102));
#5490 = LINE('',#5491,#5492);
#5491 = CARTESIAN_POINT('',(21.357721615443,51.856743713487,0.));
#5492 = VECTOR('',#5493,1.);
#5493 = DIRECTION('',(0.,0.,1.));
#5494 = ORIENTED_EDGE('',*,*,#5495,.T.);
#5495 = EDGE_CURVE('',#5488,#5496,#5498,.T.);
#5496 = VERTEX_POINT('',#5497);
#5497 = CARTESIAN_POINT('',(20.257721615443,51.856743713487,
    1.600050800102));
#5498 = CIRCLE('',#5499,0.55);
#5499 = AXIS2_PLACEMENT_3D('',#5500,#5501,#5502);
#5500 = CARTESIAN_POINT('',(20.807721615443,51.856743713487,
    1.600050800102));
#5501 = DIRECTION('',(0.,0.,1.));
#5502 = DIRECTION('',(1.,1.110223024625E-16,-0.));
#5503 = ORIENTED_EDGE('',*,*,#5504,.F.);
#5504 = EDGE_CURVE('',#5505,#5496,#5507,.T.);
#5505 = VERTEX_POINT('',#5506);
#5506 = CARTESIAN_POINT('',(20.257721615443,51.856743713487,0.));
#5507 = LINE('',#5508,#5509);
#5508 = CARTESIAN_POINT('',(20.257721615443,51.856743713487,0.));
#5509 = VECTOR('',#5510,1.);
#5510 = DIRECTION('',(0.,0.,1.));
#5511 = ORIENTED_EDGE('',*,*,#5512,.F.);
#5512 = EDGE_CURVE('',#5486,#5505,#5513,.T.);
#5513 = CIRCLE('',#5514,0.55);
#5514 = AXIS2_PLACEMENT_3D('',#5515,#5516,#5517);
#5515 = CARTESIAN_POINT('',(20.807721615443,51.856743713487,0.));
#5516 = DIRECTION('',(0.,0.,1.));
#5517 = DIRECTION('',(1.,1.110223024625E-16,-0.));
#5518 = CYLINDRICAL_SURFACE('',#5519,0.55);
#5519 = AXIS2_PLACEMENT_3D('',#5520,#5521,#5522);
#5520 = CARTESIAN_POINT('',(20.807721615443,51.856743713487,0.));
#5521 = DIRECTION('',(-0.,-0.,-1.));
#5522 = DIRECTION('',(1.,1.110223024625E-16,-0.));
#5523 = ADVANCED_FACE('',(#5524),#5542,.F.);
#5524 = FACE_BOUND('',#5525,.T.);
#5525 = EDGE_LOOP('',(#5526,#5527,#5534,#5535));
#5526 = ORIENTED_EDGE('',*,*,#5504,.T.);
#5527 = ORIENTED_EDGE('',*,*,#5528,.T.);
#5528 = EDGE_CURVE('',#5496,#5488,#5529,.T.);
#5529 = CIRCLE('',#5530,0.55);
#5530 = AXIS2_PLACEMENT_3D('',#5531,#5532,#5533);
#5531 = CARTESIAN_POINT('',(20.807721615443,51.856743713487,
    1.600050800102));
#5532 = DIRECTION('',(0.,0.,1.));
#5533 = DIRECTION('',(-1.,-1.110223024625E-16,0.));
#5534 = ORIENTED_EDGE('',*,*,#5485,.F.);
#5535 = ORIENTED_EDGE('',*,*,#5536,.F.);
#5536 = EDGE_CURVE('',#5505,#5486,#5537,.T.);
#5537 = CIRCLE('',#5538,0.55);
#5538 = AXIS2_PLACEMENT_3D('',#5539,#5540,#5541);
#5539 = CARTESIAN_POINT('',(20.807721615443,51.856743713487,0.));
#5540 = DIRECTION('',(0.,0.,1.));
#5541 = DIRECTION('',(-1.,-1.110223024625E-16,0.));
#5542 = CYLINDRICAL_SURFACE('',#5543,0.55);
#5543 = AXIS2_PLACEMENT_3D('',#5544,#5545,#5546);
#5544 = CARTESIAN_POINT('',(20.807721615443,51.856743713487,0.));
#5545 = DIRECTION('',(-0.,-0.,-1.));
#5546 = DIRECTION('',(-1.,-1.110223024625E-16,0.));
#5547 = ADVANCED_FACE('',(#5548),#5584,.F.);
#5548 = FACE_BOUND('',#5549,.T.);
#5549 = EDGE_LOOP('',(#5550,#5560,#5569,#5577));
#5550 = ORIENTED_EDGE('',*,*,#5551,.T.);
#5551 = EDGE_CURVE('',#5552,#5554,#5556,.T.);
#5552 = VERTEX_POINT('',#5553);
#5553 = CARTESIAN_POINT('',(22.007239014478,2.286055372111,0.));
#5554 = VERTEX_POINT('',#5555);
#5555 = CARTESIAN_POINT('',(22.007239014478,2.286055372111,
    1.600050800102));
#5556 = LINE('',#5557,#5558);
#5557 = CARTESIAN_POINT('',(22.007239014478,2.286055372111,0.));
#5558 = VECTOR('',#5559,1.);
#5559 = DIRECTION('',(0.,0.,1.));
#5560 = ORIENTED_EDGE('',*,*,#5561,.T.);
#5561 = EDGE_CURVE('',#5554,#5562,#5564,.T.);
#5562 = VERTEX_POINT('',#5563);
#5563 = CARTESIAN_POINT('',(21.007239014478,2.286055372111,
    1.600050800102));
#5564 = CIRCLE('',#5565,0.5);
#5565 = AXIS2_PLACEMENT_3D('',#5566,#5567,#5568);
#5566 = CARTESIAN_POINT('',(21.507239014478,2.286055372111,
    1.600050800102));
#5567 = DIRECTION('',(0.,0.,1.));
#5568 = DIRECTION('',(1.,1.110223024625E-16,-0.));
#5569 = ORIENTED_EDGE('',*,*,#5570,.F.);
#5570 = EDGE_CURVE('',#5571,#5562,#5573,.T.);
#5571 = VERTEX_POINT('',#5572);
#5572 = CARTESIAN_POINT('',(21.007239014478,2.286055372111,0.));
#5573 = LINE('',#5574,#5575);
#5574 = CARTESIAN_POINT('',(21.007239014478,2.286055372111,0.));
#5575 = VECTOR('',#5576,1.);
#5576 = DIRECTION('',(0.,0.,1.));
#5577 = ORIENTED_EDGE('',*,*,#5578,.F.);
#5578 = EDGE_CURVE('',#5552,#5571,#5579,.T.);
#5579 = CIRCLE('',#5580,0.5);
#5580 = AXIS2_PLACEMENT_3D('',#5581,#5582,#5583);
#5581 = CARTESIAN_POINT('',(21.507239014478,2.286055372111,0.));
#5582 = DIRECTION('',(0.,0.,1.));
#5583 = DIRECTION('',(1.,1.110223024625E-16,-0.));
#5584 = CYLINDRICAL_SURFACE('',#5585,0.5);
#5585 = AXIS2_PLACEMENT_3D('',#5586,#5587,#5588);
#5586 = CARTESIAN_POINT('',(21.507239014478,2.286055372111,0.));
#5587 = DIRECTION('',(-0.,-0.,-1.));
#5588 = DIRECTION('',(1.,1.110223024625E-16,-0.));
#5589 = ADVANCED_FACE('',(#5590),#5608,.F.);
#5590 = FACE_BOUND('',#5591,.T.);
#5591 = EDGE_LOOP('',(#5592,#5593,#5600,#5601));
#5592 = ORIENTED_EDGE('',*,*,#5570,.T.);
#5593 = ORIENTED_EDGE('',*,*,#5594,.T.);
#5594 = EDGE_CURVE('',#5562,#5554,#5595,.T.);
#5595 = CIRCLE('',#5596,0.5);
#5596 = AXIS2_PLACEMENT_3D('',#5597,#5598,#5599);
#5597 = CARTESIAN_POINT('',(21.507239014478,2.286055372111,
    1.600050800102));
#5598 = DIRECTION('',(0.,0.,1.));
#5599 = DIRECTION('',(-1.,-1.110223024625E-16,0.));
#5600 = ORIENTED_EDGE('',*,*,#5551,.F.);
#5601 = ORIENTED_EDGE('',*,*,#5602,.F.);
#5602 = EDGE_CURVE('',#5571,#5552,#5603,.T.);
#5603 = CIRCLE('',#5604,0.5);
#5604 = AXIS2_PLACEMENT_3D('',#5605,#5606,#5607);
#5605 = CARTESIAN_POINT('',(21.507239014478,2.286055372111,0.));
#5606 = DIRECTION('',(0.,0.,1.));
#5607 = DIRECTION('',(-1.,-1.110223024625E-16,0.));
#5608 = CYLINDRICAL_SURFACE('',#5609,0.5);
#5609 = AXIS2_PLACEMENT_3D('',#5610,#5611,#5612);
#5610 = CARTESIAN_POINT('',(21.507239014478,2.286055372111,0.));
#5611 = DIRECTION('',(-0.,-0.,-1.));
#5612 = DIRECTION('',(-1.,-1.110223024625E-16,0.));
#5613 = ADVANCED_FACE('',(#5614),#5650,.F.);
#5614 = FACE_BOUND('',#5615,.T.);
#5615 = EDGE_LOOP('',(#5616,#5626,#5635,#5643));
#5616 = ORIENTED_EDGE('',*,*,#5617,.T.);
#5617 = EDGE_CURVE('',#5618,#5620,#5622,.T.);
#5618 = VERTEX_POINT('',#5619);
#5619 = CARTESIAN_POINT('',(22.607416814834,56.012192024384,0.));
#5620 = VERTEX_POINT('',#5621);
#5621 = CARTESIAN_POINT('',(22.607416814834,56.012192024384,
    1.600050800102));
#5622 = LINE('',#5623,#5624);
#5623 = CARTESIAN_POINT('',(22.607416814834,56.012192024384,0.));
#5624 = VECTOR('',#5625,1.);
#5625 = DIRECTION('',(0.,0.,1.));
#5626 = ORIENTED_EDGE('',*,*,#5627,.T.);
#5627 = EDGE_CURVE('',#5620,#5628,#5630,.T.);
#5628 = VERTEX_POINT('',#5629);
#5629 = CARTESIAN_POINT('',(21.507391414783,56.012192024384,
    1.600050800102));
#5630 = CIRCLE('',#5631,0.550012700025);
#5631 = AXIS2_PLACEMENT_3D('',#5632,#5633,#5634);
#5632 = CARTESIAN_POINT('',(22.057404114808,56.012192024384,
    1.600050800102));
#5633 = DIRECTION('',(0.,0.,1.));
#5634 = DIRECTION('',(1.,1.110223024625E-16,-0.));
#5635 = ORIENTED_EDGE('',*,*,#5636,.F.);
#5636 = EDGE_CURVE('',#5637,#5628,#5639,.T.);
#5637 = VERTEX_POINT('',#5638);
#5638 = CARTESIAN_POINT('',(21.507391414783,56.012192024384,0.));
#5639 = LINE('',#5640,#5641);
#5640 = CARTESIAN_POINT('',(21.507391414783,56.012192024384,0.));
#5641 = VECTOR('',#5642,1.);
#5642 = DIRECTION('',(0.,0.,1.));
#5643 = ORIENTED_EDGE('',*,*,#5644,.F.);
#5644 = EDGE_CURVE('',#5618,#5637,#5645,.T.);
#5645 = CIRCLE('',#5646,0.550012700025);
#5646 = AXIS2_PLACEMENT_3D('',#5647,#5648,#5649);
#5647 = CARTESIAN_POINT('',(22.057404114808,56.012192024384,0.));
#5648 = DIRECTION('',(0.,0.,1.));
#5649 = DIRECTION('',(1.,1.110223024625E-16,-0.));
#5650 = CYLINDRICAL_SURFACE('',#5651,0.550012700025);
#5651 = AXIS2_PLACEMENT_3D('',#5652,#5653,#5654);
#5652 = CARTESIAN_POINT('',(22.057404114808,56.012192024384,0.));
#5653 = DIRECTION('',(-0.,-0.,-1.));
#5654 = DIRECTION('',(1.,1.110223024625E-16,-0.));
#5655 = ADVANCED_FACE('',(#5656),#5674,.F.);
#5656 = FACE_BOUND('',#5657,.T.);
#5657 = EDGE_LOOP('',(#5658,#5659,#5666,#5667));
#5658 = ORIENTED_EDGE('',*,*,#5636,.T.);
#5659 = ORIENTED_EDGE('',*,*,#5660,.T.);
#5660 = EDGE_CURVE('',#5628,#5620,#5661,.T.);
#5661 = CIRCLE('',#5662,0.550012700025);
#5662 = AXIS2_PLACEMENT_3D('',#5663,#5664,#5665);
#5663 = CARTESIAN_POINT('',(22.057404114808,56.012192024384,
    1.600050800102));
#5664 = DIRECTION('',(0.,0.,1.));
#5665 = DIRECTION('',(-1.,-1.110223024625E-16,0.));
#5666 = ORIENTED_EDGE('',*,*,#5617,.F.);
#5667 = ORIENTED_EDGE('',*,*,#5668,.F.);
#5668 = EDGE_CURVE('',#5637,#5618,#5669,.T.);
#5669 = CIRCLE('',#5670,0.550012700025);
#5670 = AXIS2_PLACEMENT_3D('',#5671,#5672,#5673);
#5671 = CARTESIAN_POINT('',(22.057404114808,56.012192024384,0.));
#5672 = DIRECTION('',(0.,0.,1.));
#5673 = DIRECTION('',(-1.,-1.110223024625E-16,0.));
#5674 = CYLINDRICAL_SURFACE('',#5675,0.550012700025);
#5675 = AXIS2_PLACEMENT_3D('',#5676,#5677,#5678);
#5676 = CARTESIAN_POINT('',(22.057404114808,56.012192024384,0.));
#5677 = DIRECTION('',(-0.,-0.,-1.));
#5678 = DIRECTION('',(-1.,-1.110223024625E-16,0.));
#5679 = ADVANCED_FACE('',(#5680),#5716,.F.);
#5680 = FACE_BOUND('',#5681,.T.);
#5681 = EDGE_LOOP('',(#5682,#5692,#5701,#5709));
#5682 = ORIENTED_EDGE('',*,*,#5683,.T.);
#5683 = EDGE_CURVE('',#5684,#5686,#5688,.T.);
#5684 = VERTEX_POINT('',#5685);
#5685 = CARTESIAN_POINT('',(22.607416814834,58.552197104394,0.));
#5686 = VERTEX_POINT('',#5687);
#5687 = CARTESIAN_POINT('',(22.607416814834,58.552197104394,
    1.600050800102));
#5688 = LINE('',#5689,#5690);
#5689 = CARTESIAN_POINT('',(22.607416814834,58.552197104394,0.));
#5690 = VECTOR('',#5691,1.);
#5691 = DIRECTION('',(0.,0.,1.));
#5692 = ORIENTED_EDGE('',*,*,#5693,.T.);
#5693 = EDGE_CURVE('',#5686,#5694,#5696,.T.);
#5694 = VERTEX_POINT('',#5695);
#5695 = CARTESIAN_POINT('',(21.507391414783,58.552197104394,
    1.600050800102));
#5696 = CIRCLE('',#5697,0.550012700025);
#5697 = AXIS2_PLACEMENT_3D('',#5698,#5699,#5700);
#5698 = CARTESIAN_POINT('',(22.057404114808,58.552197104394,
    1.600050800102));
#5699 = DIRECTION('',(0.,0.,1.));
#5700 = DIRECTION('',(1.,1.110223024625E-16,-0.));
#5701 = ORIENTED_EDGE('',*,*,#5702,.F.);
#5702 = EDGE_CURVE('',#5703,#5694,#5705,.T.);
#5703 = VERTEX_POINT('',#5704);
#5704 = CARTESIAN_POINT('',(21.507391414783,58.552197104394,0.));
#5705 = LINE('',#5706,#5707);
#5706 = CARTESIAN_POINT('',(21.507391414783,58.552197104394,0.));
#5707 = VECTOR('',#5708,1.);
#5708 = DIRECTION('',(0.,0.,1.));
#5709 = ORIENTED_EDGE('',*,*,#5710,.F.);
#5710 = EDGE_CURVE('',#5684,#5703,#5711,.T.);
#5711 = CIRCLE('',#5712,0.550012700025);
#5712 = AXIS2_PLACEMENT_3D('',#5713,#5714,#5715);
#5713 = CARTESIAN_POINT('',(22.057404114808,58.552197104394,0.));
#5714 = DIRECTION('',(0.,0.,1.));
#5715 = DIRECTION('',(1.,1.110223024625E-16,-0.));
#5716 = CYLINDRICAL_SURFACE('',#5717,0.550012700025);
#5717 = AXIS2_PLACEMENT_3D('',#5718,#5719,#5720);
#5718 = CARTESIAN_POINT('',(22.057404114808,58.552197104394,0.));
#5719 = DIRECTION('',(-0.,-0.,-1.));
#5720 = DIRECTION('',(1.,1.110223024625E-16,-0.));
#5721 = ADVANCED_FACE('',(#5722),#5740,.F.);
#5722 = FACE_BOUND('',#5723,.T.);
#5723 = EDGE_LOOP('',(#5724,#5725,#5732,#5733));
#5724 = ORIENTED_EDGE('',*,*,#5702,.T.);
#5725 = ORIENTED_EDGE('',*,*,#5726,.T.);
#5726 = EDGE_CURVE('',#5694,#5686,#5727,.T.);
#5727 = CIRCLE('',#5728,0.550012700025);
#5728 = AXIS2_PLACEMENT_3D('',#5729,#5730,#5731);
#5729 = CARTESIAN_POINT('',(22.057404114808,58.552197104394,
    1.600050800102));
#5730 = DIRECTION('',(0.,0.,1.));
#5731 = DIRECTION('',(-1.,-1.110223024625E-16,0.));
#5732 = ORIENTED_EDGE('',*,*,#5683,.F.);
#5733 = ORIENTED_EDGE('',*,*,#5734,.F.);
#5734 = EDGE_CURVE('',#5703,#5684,#5735,.T.);
#5735 = CIRCLE('',#5736,0.550012700025);
#5736 = AXIS2_PLACEMENT_3D('',#5737,#5738,#5739);
#5737 = CARTESIAN_POINT('',(22.057404114808,58.552197104394,0.));
#5738 = DIRECTION('',(0.,0.,1.));
#5739 = DIRECTION('',(-1.,-1.110223024625E-16,0.));
#5740 = CYLINDRICAL_SURFACE('',#5741,0.550012700025);
#5741 = AXIS2_PLACEMENT_3D('',#5742,#5743,#5744);
#5742 = CARTESIAN_POINT('',(22.057404114808,58.552197104394,0.));
#5743 = DIRECTION('',(-0.,-0.,-1.));
#5744 = DIRECTION('',(-1.,-1.110223024625E-16,0.));
#5745 = ADVANCED_FACE('',(#5746),#5782,.F.);
#5746 = FACE_BOUND('',#5747,.T.);
#5747 = EDGE_LOOP('',(#5748,#5758,#5767,#5775));
#5748 = ORIENTED_EDGE('',*,*,#5749,.T.);
#5749 = EDGE_CURVE('',#5750,#5752,#5754,.T.);
#5750 = VERTEX_POINT('',#5751);
#5751 = CARTESIAN_POINT('',(23.897726695453,49.316738633477,0.));
#5752 = VERTEX_POINT('',#5753);
#5753 = CARTESIAN_POINT('',(23.897726695453,49.316738633477,
    1.600050800102));
#5754 = LINE('',#5755,#5756);
#5755 = CARTESIAN_POINT('',(23.897726695453,49.316738633477,0.));
#5756 = VECTOR('',#5757,1.);
#5757 = DIRECTION('',(0.,0.,1.));
#5758 = ORIENTED_EDGE('',*,*,#5759,.T.);
#5759 = EDGE_CURVE('',#5752,#5760,#5762,.T.);
#5760 = VERTEX_POINT('',#5761);
#5761 = CARTESIAN_POINT('',(22.797726695453,49.316738633477,
    1.600050800102));
#5762 = CIRCLE('',#5763,0.55);
#5763 = AXIS2_PLACEMENT_3D('',#5764,#5765,#5766);
#5764 = CARTESIAN_POINT('',(23.347726695453,49.316738633477,
    1.600050800102));
#5765 = DIRECTION('',(0.,0.,1.));
#5766 = DIRECTION('',(1.,1.110223024625E-16,-0.));
#5767 = ORIENTED_EDGE('',*,*,#5768,.F.);
#5768 = EDGE_CURVE('',#5769,#5760,#5771,.T.);
#5769 = VERTEX_POINT('',#5770);
#5770 = CARTESIAN_POINT('',(22.797726695453,49.316738633477,0.));
#5771 = LINE('',#5772,#5773);
#5772 = CARTESIAN_POINT('',(22.797726695453,49.316738633477,0.));
#5773 = VECTOR('',#5774,1.);
#5774 = DIRECTION('',(0.,0.,1.));
#5775 = ORIENTED_EDGE('',*,*,#5776,.F.);
#5776 = EDGE_CURVE('',#5750,#5769,#5777,.T.);
#5777 = CIRCLE('',#5778,0.55);
#5778 = AXIS2_PLACEMENT_3D('',#5779,#5780,#5781);
#5779 = CARTESIAN_POINT('',(23.347726695453,49.316738633477,0.));
#5780 = DIRECTION('',(0.,0.,1.));
#5781 = DIRECTION('',(1.,1.110223024625E-16,-0.));
#5782 = CYLINDRICAL_SURFACE('',#5783,0.55);
#5783 = AXIS2_PLACEMENT_3D('',#5784,#5785,#5786);
#5784 = CARTESIAN_POINT('',(23.347726695453,49.316738633477,0.));
#5785 = DIRECTION('',(-0.,-0.,-1.));
#5786 = DIRECTION('',(1.,1.110223024625E-16,-0.));
#5787 = ADVANCED_FACE('',(#5788),#5806,.F.);
#5788 = FACE_BOUND('',#5789,.T.);
#5789 = EDGE_LOOP('',(#5790,#5791,#5798,#5799));
#5790 = ORIENTED_EDGE('',*,*,#5768,.T.);
#5791 = ORIENTED_EDGE('',*,*,#5792,.T.);
#5792 = EDGE_CURVE('',#5760,#5752,#5793,.T.);
#5793 = CIRCLE('',#5794,0.55);
#5794 = AXIS2_PLACEMENT_3D('',#5795,#5796,#5797);
#5795 = CARTESIAN_POINT('',(23.347726695453,49.316738633477,
    1.600050800102));
#5796 = DIRECTION('',(0.,0.,1.));
#5797 = DIRECTION('',(-1.,-1.110223024625E-16,0.));
#5798 = ORIENTED_EDGE('',*,*,#5749,.F.);
#5799 = ORIENTED_EDGE('',*,*,#5800,.F.);
#5800 = EDGE_CURVE('',#5769,#5750,#5801,.T.);
#5801 = CIRCLE('',#5802,0.55);
#5802 = AXIS2_PLACEMENT_3D('',#5803,#5804,#5805);
#5803 = CARTESIAN_POINT('',(23.347726695453,49.316738633477,0.));
#5804 = DIRECTION('',(0.,0.,1.));
#5805 = DIRECTION('',(-1.,-1.110223024625E-16,0.));
#5806 = CYLINDRICAL_SURFACE('',#5807,0.55);
#5807 = AXIS2_PLACEMENT_3D('',#5808,#5809,#5810);
#5808 = CARTESIAN_POINT('',(23.347726695453,49.316738633477,0.));
#5809 = DIRECTION('',(-0.,-0.,-1.));
#5810 = DIRECTION('',(-1.,-1.110223024625E-16,0.));
#5811 = ADVANCED_FACE('',(#5812),#5848,.F.);
#5812 = FACE_BOUND('',#5813,.T.);
#5813 = EDGE_LOOP('',(#5814,#5824,#5833,#5841));
#5814 = ORIENTED_EDGE('',*,*,#5815,.T.);
#5815 = EDGE_CURVE('',#5816,#5818,#5820,.T.);
#5816 = VERTEX_POINT('',#5817);
#5817 = CARTESIAN_POINT('',(23.897726695453,51.856743713487,0.));
#5818 = VERTEX_POINT('',#5819);
#5819 = CARTESIAN_POINT('',(23.897726695453,51.856743713487,
    1.600050800102));
#5820 = LINE('',#5821,#5822);
#5821 = CARTESIAN_POINT('',(23.897726695453,51.856743713487,0.));
#5822 = VECTOR('',#5823,1.);
#5823 = DIRECTION('',(0.,0.,1.));
#5824 = ORIENTED_EDGE('',*,*,#5825,.T.);
#5825 = EDGE_CURVE('',#5818,#5826,#5828,.T.);
#5826 = VERTEX_POINT('',#5827);
#5827 = CARTESIAN_POINT('',(22.797726695453,51.856743713487,
    1.600050800102));
#5828 = CIRCLE('',#5829,0.55);
#5829 = AXIS2_PLACEMENT_3D('',#5830,#5831,#5832);
#5830 = CARTESIAN_POINT('',(23.347726695453,51.856743713487,
    1.600050800102));
#5831 = DIRECTION('',(0.,0.,1.));
#5832 = DIRECTION('',(1.,1.110223024625E-16,-0.));
#5833 = ORIENTED_EDGE('',*,*,#5834,.F.);
#5834 = EDGE_CURVE('',#5835,#5826,#5837,.T.);
#5835 = VERTEX_POINT('',#5836);
#5836 = CARTESIAN_POINT('',(22.797726695453,51.856743713487,0.));
#5837 = LINE('',#5838,#5839);
#5838 = CARTESIAN_POINT('',(22.797726695453,51.856743713487,0.));
#5839 = VECTOR('',#5840,1.);
#5840 = DIRECTION('',(0.,0.,1.));
#5841 = ORIENTED_EDGE('',*,*,#5842,.F.);
#5842 = EDGE_CURVE('',#5816,#5835,#5843,.T.);
#5843 = CIRCLE('',#5844,0.55);
#5844 = AXIS2_PLACEMENT_3D('',#5845,#5846,#5847);
#5845 = CARTESIAN_POINT('',(23.347726695453,51.856743713487,0.));
#5846 = DIRECTION('',(0.,0.,1.));
#5847 = DIRECTION('',(1.,1.110223024625E-16,-0.));
#5848 = CYLINDRICAL_SURFACE('',#5849,0.55);
#5849 = AXIS2_PLACEMENT_3D('',#5850,#5851,#5852);
#5850 = CARTESIAN_POINT('',(23.347726695453,51.856743713487,0.));
#5851 = DIRECTION('',(-0.,-0.,-1.));
#5852 = DIRECTION('',(1.,1.110223024625E-16,-0.));
#5853 = ADVANCED_FACE('',(#5854),#5872,.F.);
#5854 = FACE_BOUND('',#5855,.T.);
#5855 = EDGE_LOOP('',(#5856,#5857,#5864,#5865));
#5856 = ORIENTED_EDGE('',*,*,#5834,.T.);
#5857 = ORIENTED_EDGE('',*,*,#5858,.T.);
#5858 = EDGE_CURVE('',#5826,#5818,#5859,.T.);
#5859 = CIRCLE('',#5860,0.55);
#5860 = AXIS2_PLACEMENT_3D('',#5861,#5862,#5863);
#5861 = CARTESIAN_POINT('',(23.347726695453,51.856743713487,
    1.600050800102));
#5862 = DIRECTION('',(0.,0.,1.));
#5863 = DIRECTION('',(-1.,-1.110223024625E-16,0.));
#5864 = ORIENTED_EDGE('',*,*,#5815,.F.);
#5865 = ORIENTED_EDGE('',*,*,#5866,.F.);
#5866 = EDGE_CURVE('',#5835,#5816,#5867,.T.);
#5867 = CIRCLE('',#5868,0.55);
#5868 = AXIS2_PLACEMENT_3D('',#5869,#5870,#5871);
#5869 = CARTESIAN_POINT('',(23.347726695453,51.856743713487,0.));
#5870 = DIRECTION('',(0.,0.,1.));
#5871 = DIRECTION('',(-1.,-1.110223024625E-16,0.));
#5872 = CYLINDRICAL_SURFACE('',#5873,0.55);
#5873 = AXIS2_PLACEMENT_3D('',#5874,#5875,#5876);
#5874 = CARTESIAN_POINT('',(23.347726695453,51.856743713487,0.));
#5875 = DIRECTION('',(-0.,-0.,-1.));
#5876 = DIRECTION('',(-1.,-1.110223024625E-16,0.));
#5877 = ADVANCED_FACE('',(#5878),#5912,.T.);
#5878 = FACE_BOUND('',#5879,.T.);
#5879 = EDGE_LOOP('',(#5880,#5890,#5898,#5906));
#5880 = ORIENTED_EDGE('',*,*,#5881,.T.);
#5881 = EDGE_CURVE('',#5882,#5884,#5886,.T.);
#5882 = VERTEX_POINT('',#5883);
#5883 = CARTESIAN_POINT('',(24.007366014732,1.836068072136,0.));
#5884 = VERTEX_POINT('',#5885);
#5885 = CARTESIAN_POINT('',(24.007366014732,1.836068072136,
    1.600050800102));
#5886 = LINE('',#5887,#5888);
#5887 = CARTESIAN_POINT('',(24.007366014732,1.836068072136,0.));
#5888 = VECTOR('',#5889,1.);
#5889 = DIRECTION('',(0.,0.,1.));
#5890 = ORIENTED_EDGE('',*,*,#5891,.T.);
#5891 = EDGE_CURVE('',#5884,#5892,#5894,.T.);
#5892 = VERTEX_POINT('',#5893);
#5893 = CARTESIAN_POINT('',(24.007366014732,2.736042672085,
    1.600050800102));
#5894 = LINE('',#5895,#5896);
#5895 = CARTESIAN_POINT('',(24.007366014732,1.836068072136,
    1.600050800102));
#5896 = VECTOR('',#5897,1.);
#5897 = DIRECTION('',(0.,1.,0.));
#5898 = ORIENTED_EDGE('',*,*,#5899,.F.);
#5899 = EDGE_CURVE('',#5900,#5892,#5902,.T.);
#5900 = VERTEX_POINT('',#5901);
#5901 = CARTESIAN_POINT('',(24.007366014732,2.736042672085,0.));
#5902 = LINE('',#5903,#5904);
#5903 = CARTESIAN_POINT('',(24.007366014732,2.736042672085,0.));
#5904 = VECTOR('',#5905,1.);
#5905 = DIRECTION('',(0.,0.,1.));
#5906 = ORIENTED_EDGE('',*,*,#5907,.F.);
#5907 = EDGE_CURVE('',#5882,#5900,#5908,.T.);
#5908 = LINE('',#5909,#5910);
#5909 = CARTESIAN_POINT('',(24.007366014732,1.836068072136,0.));
#5910 = VECTOR('',#5911,1.);
#5911 = DIRECTION('',(0.,1.,0.));
#5912 = PLANE('',#5913);
#5913 = AXIS2_PLACEMENT_3D('',#5914,#5915,#5916);
#5914 = CARTESIAN_POINT('',(24.007366014732,1.836068072136,0.));
#5915 = DIRECTION('',(-1.,0.,0.));
#5916 = DIRECTION('',(0.,1.,0.));
#5917 = ADVANCED_FACE('',(#5918),#5945,.F.);
#5918 = FACE_BOUND('',#5919,.T.);
#5919 = EDGE_LOOP('',(#5920,#5921,#5930,#5938));
#5920 = ORIENTED_EDGE('',*,*,#5899,.T.);
#5921 = ORIENTED_EDGE('',*,*,#5922,.T.);
#5922 = EDGE_CURVE('',#5892,#5923,#5925,.T.);
#5923 = VERTEX_POINT('',#5924);
#5924 = CARTESIAN_POINT('',(23.307340614681,2.736042672085,
    1.600050800102));
#5925 = CIRCLE('',#5926,0.350012700025);
#5926 = AXIS2_PLACEMENT_3D('',#5927,#5928,#5929);
#5927 = CARTESIAN_POINT('',(23.657353314707,2.736042672085,
    1.600050800102));
#5928 = DIRECTION('',(0.,0.,1.));
#5929 = DIRECTION('',(1.,1.110223024625E-16,-0.));
#5930 = ORIENTED_EDGE('',*,*,#5931,.F.);
#5931 = EDGE_CURVE('',#5932,#5923,#5934,.T.);
#5932 = VERTEX_POINT('',#5933);
#5933 = CARTESIAN_POINT('',(23.307340614681,2.736042672085,0.));
#5934 = LINE('',#5935,#5936);
#5935 = CARTESIAN_POINT('',(23.307340614681,2.736042672085,0.));
#5936 = VECTOR('',#5937,1.);
#5937 = DIRECTION('',(0.,0.,1.));
#5938 = ORIENTED_EDGE('',*,*,#5939,.F.);
#5939 = EDGE_CURVE('',#5900,#5932,#5940,.T.);
#5940 = CIRCLE('',#5941,0.350012700025);
#5941 = AXIS2_PLACEMENT_3D('',#5942,#5943,#5944);
#5942 = CARTESIAN_POINT('',(23.657353314707,2.736042672085,0.));
#5943 = DIRECTION('',(0.,0.,1.));
#5944 = DIRECTION('',(1.,1.110223024625E-16,-0.));
#5945 = CYLINDRICAL_SURFACE('',#5946,0.350012700025);
#5946 = AXIS2_PLACEMENT_3D('',#5947,#5948,#5949);
#5947 = CARTESIAN_POINT('',(23.657353314707,2.736042672085,0.));
#5948 = DIRECTION('',(-0.,-0.,-1.));
#5949 = DIRECTION('',(1.,1.110223024625E-16,-0.));
#5950 = ADVANCED_FACE('',(#5951),#5976,.T.);
#5951 = FACE_BOUND('',#5952,.T.);
#5952 = EDGE_LOOP('',(#5953,#5954,#5962,#5970));
#5953 = ORIENTED_EDGE('',*,*,#5931,.T.);
#5954 = ORIENTED_EDGE('',*,*,#5955,.T.);
#5955 = EDGE_CURVE('',#5923,#5956,#5958,.T.);
#5956 = VERTEX_POINT('',#5957);
#5957 = CARTESIAN_POINT('',(23.307340614681,1.836068072136,
    1.600050800102));
#5958 = LINE('',#5959,#5960);
#5959 = CARTESIAN_POINT('',(23.307340614681,2.736042672085,
    1.600050800102));
#5960 = VECTOR('',#5961,1.);
#5961 = DIRECTION('',(0.,-1.,0.));
#5962 = ORIENTED_EDGE('',*,*,#5963,.F.);
#5963 = EDGE_CURVE('',#5964,#5956,#5966,.T.);
#5964 = VERTEX_POINT('',#5965);
#5965 = CARTESIAN_POINT('',(23.307340614681,1.836068072136,0.));
#5966 = LINE('',#5967,#5968);
#5967 = CARTESIAN_POINT('',(23.307340614681,1.836068072136,0.));
#5968 = VECTOR('',#5969,1.);
#5969 = DIRECTION('',(0.,0.,1.));
#5970 = ORIENTED_EDGE('',*,*,#5971,.F.);
#5971 = EDGE_CURVE('',#5932,#5964,#5972,.T.);
#5972 = LINE('',#5973,#5974);
#5973 = CARTESIAN_POINT('',(23.307340614681,2.736042672085,0.));
#5974 = VECTOR('',#5975,1.);
#5975 = DIRECTION('',(0.,-1.,0.));
#5976 = PLANE('',#5977);
#5977 = AXIS2_PLACEMENT_3D('',#5978,#5979,#5980);
#5978 = CARTESIAN_POINT('',(23.307340614681,2.736042672085,0.));
#5979 = DIRECTION('',(1.,0.,-0.));
#5980 = DIRECTION('',(0.,-1.,0.));
#5981 = ADVANCED_FACE('',(#5982),#6000,.F.);
#5982 = FACE_BOUND('',#5983,.T.);
#5983 = EDGE_LOOP('',(#5984,#5985,#5992,#5993));
#5984 = ORIENTED_EDGE('',*,*,#5963,.T.);
#5985 = ORIENTED_EDGE('',*,*,#5986,.T.);
#5986 = EDGE_CURVE('',#5956,#5884,#5987,.T.);
#5987 = CIRCLE('',#5988,0.350012700025);
#5988 = AXIS2_PLACEMENT_3D('',#5989,#5990,#5991);
#5989 = CARTESIAN_POINT('',(23.657353314707,1.836068072136,
    1.600050800102));
#5990 = DIRECTION('',(0.,0.,1.));
#5991 = DIRECTION('',(-1.,-1.110223024625E-16,0.));
#5992 = ORIENTED_EDGE('',*,*,#5881,.F.);
#5993 = ORIENTED_EDGE('',*,*,#5994,.F.);
#5994 = EDGE_CURVE('',#5964,#5882,#5995,.T.);
#5995 = CIRCLE('',#5996,0.350012700025);
#5996 = AXIS2_PLACEMENT_3D('',#5997,#5998,#5999);
#5997 = CARTESIAN_POINT('',(23.657353314707,1.836068072136,0.));
#5998 = DIRECTION('',(0.,0.,1.));
#5999 = DIRECTION('',(-1.,-1.110223024625E-16,0.));
#6000 = CYLINDRICAL_SURFACE('',#6001,0.350012700025);
#6001 = AXIS2_PLACEMENT_3D('',#6002,#6003,#6004);
#6002 = CARTESIAN_POINT('',(23.657353314707,1.836068072136,0.));
#6003 = DIRECTION('',(-0.,-0.,-1.));
#6004 = DIRECTION('',(-1.,-1.110223024625E-16,0.));
#6005 = ADVANCED_FACE('',(#6006),#6042,.F.);
#6006 = FACE_BOUND('',#6007,.T.);
#6007 = EDGE_LOOP('',(#6008,#6018,#6027,#6035));
#6008 = ORIENTED_EDGE('',*,*,#6009,.T.);
#6009 = EDGE_CURVE('',#6010,#6012,#6014,.T.);
#6010 = VERTEX_POINT('',#6011);
#6011 = CARTESIAN_POINT('',(25.147421894844,56.012192024384,0.));
#6012 = VERTEX_POINT('',#6013);
#6013 = CARTESIAN_POINT('',(25.147421894844,56.012192024384,
    1.600050800102));
#6014 = LINE('',#6015,#6016);
#6015 = CARTESIAN_POINT('',(25.147421894844,56.012192024384,0.));
#6016 = VECTOR('',#6017,1.);
#6017 = DIRECTION('',(0.,0.,1.));
#6018 = ORIENTED_EDGE('',*,*,#6019,.T.);
#6019 = EDGE_CURVE('',#6012,#6020,#6022,.T.);
#6020 = VERTEX_POINT('',#6021);
#6021 = CARTESIAN_POINT('',(24.047396494793,56.012192024384,
    1.600050800102));
#6022 = CIRCLE('',#6023,0.550012700025);
#6023 = AXIS2_PLACEMENT_3D('',#6024,#6025,#6026);
#6024 = CARTESIAN_POINT('',(24.597409194818,56.012192024384,
    1.600050800102));
#6025 = DIRECTION('',(0.,0.,1.));
#6026 = DIRECTION('',(1.,1.110223024625E-16,-0.));
#6027 = ORIENTED_EDGE('',*,*,#6028,.F.);
#6028 = EDGE_CURVE('',#6029,#6020,#6031,.T.);
#6029 = VERTEX_POINT('',#6030);
#6030 = CARTESIAN_POINT('',(24.047396494793,56.012192024384,0.));
#6031 = LINE('',#6032,#6033);
#6032 = CARTESIAN_POINT('',(24.047396494793,56.012192024384,0.));
#6033 = VECTOR('',#6034,1.);
#6034 = DIRECTION('',(0.,0.,1.));
#6035 = ORIENTED_EDGE('',*,*,#6036,.F.);
#6036 = EDGE_CURVE('',#6010,#6029,#6037,.T.);
#6037 = CIRCLE('',#6038,0.550012700025);
#6038 = AXIS2_PLACEMENT_3D('',#6039,#6040,#6041);
#6039 = CARTESIAN_POINT('',(24.597409194818,56.012192024384,0.));
#6040 = DIRECTION('',(0.,0.,1.));
#6041 = DIRECTION('',(1.,1.110223024625E-16,-0.));
#6042 = CYLINDRICAL_SURFACE('',#6043,0.550012700025);
#6043 = AXIS2_PLACEMENT_3D('',#6044,#6045,#6046);
#6044 = CARTESIAN_POINT('',(24.597409194818,56.012192024384,0.));
#6045 = DIRECTION('',(-0.,-0.,-1.));
#6046 = DIRECTION('',(1.,1.110223024625E-16,-0.));
#6047 = ADVANCED_FACE('',(#6048),#6066,.F.);
#6048 = FACE_BOUND('',#6049,.T.);
#6049 = EDGE_LOOP('',(#6050,#6051,#6058,#6059));
#6050 = ORIENTED_EDGE('',*,*,#6028,.T.);
#6051 = ORIENTED_EDGE('',*,*,#6052,.T.);
#6052 = EDGE_CURVE('',#6020,#6012,#6053,.T.);
#6053 = CIRCLE('',#6054,0.550012700025);
#6054 = AXIS2_PLACEMENT_3D('',#6055,#6056,#6057);
#6055 = CARTESIAN_POINT('',(24.597409194818,56.012192024384,
    1.600050800102));
#6056 = DIRECTION('',(0.,0.,1.));
#6057 = DIRECTION('',(-1.,-1.110223024625E-16,0.));
#6058 = ORIENTED_EDGE('',*,*,#6009,.F.);
#6059 = ORIENTED_EDGE('',*,*,#6060,.F.);
#6060 = EDGE_CURVE('',#6029,#6010,#6061,.T.);
#6061 = CIRCLE('',#6062,0.550012700025);
#6062 = AXIS2_PLACEMENT_3D('',#6063,#6064,#6065);
#6063 = CARTESIAN_POINT('',(24.597409194818,56.012192024384,0.));
#6064 = DIRECTION('',(0.,0.,1.));
#6065 = DIRECTION('',(-1.,-1.110223024625E-16,0.));
#6066 = CYLINDRICAL_SURFACE('',#6067,0.550012700025);
#6067 = AXIS2_PLACEMENT_3D('',#6068,#6069,#6070);
#6068 = CARTESIAN_POINT('',(24.597409194818,56.012192024384,0.));
#6069 = DIRECTION('',(-0.,-0.,-1.));
#6070 = DIRECTION('',(-1.,-1.110223024625E-16,0.));
#6071 = ADVANCED_FACE('',(#6072),#6108,.F.);
#6072 = FACE_BOUND('',#6073,.T.);
#6073 = EDGE_LOOP('',(#6074,#6084,#6093,#6101));
#6074 = ORIENTED_EDGE('',*,*,#6075,.T.);
#6075 = EDGE_CURVE('',#6076,#6078,#6080,.T.);
#6076 = VERTEX_POINT('',#6077);
#6077 = CARTESIAN_POINT('',(25.147421894844,58.552197104394,0.));
#6078 = VERTEX_POINT('',#6079);
#6079 = CARTESIAN_POINT('',(25.147421894844,58.552197104394,
    1.600050800102));
#6080 = LINE('',#6081,#6082);
#6081 = CARTESIAN_POINT('',(25.147421894844,58.552197104394,0.));
#6082 = VECTOR('',#6083,1.);
#6083 = DIRECTION('',(0.,0.,1.));
#6084 = ORIENTED_EDGE('',*,*,#6085,.T.);
#6085 = EDGE_CURVE('',#6078,#6086,#6088,.T.);
#6086 = VERTEX_POINT('',#6087);
#6087 = CARTESIAN_POINT('',(24.047396494793,58.552197104394,
    1.600050800102));
#6088 = CIRCLE('',#6089,0.550012700025);
#6089 = AXIS2_PLACEMENT_3D('',#6090,#6091,#6092);
#6090 = CARTESIAN_POINT('',(24.597409194818,58.552197104394,
    1.600050800102));
#6091 = DIRECTION('',(0.,0.,1.));
#6092 = DIRECTION('',(1.,1.110223024625E-16,-0.));
#6093 = ORIENTED_EDGE('',*,*,#6094,.F.);
#6094 = EDGE_CURVE('',#6095,#6086,#6097,.T.);
#6095 = VERTEX_POINT('',#6096);
#6096 = CARTESIAN_POINT('',(24.047396494793,58.552197104394,0.));
#6097 = LINE('',#6098,#6099);
#6098 = CARTESIAN_POINT('',(24.047396494793,58.552197104394,0.));
#6099 = VECTOR('',#6100,1.);
#6100 = DIRECTION('',(0.,0.,1.));
#6101 = ORIENTED_EDGE('',*,*,#6102,.F.);
#6102 = EDGE_CURVE('',#6076,#6095,#6103,.T.);
#6103 = CIRCLE('',#6104,0.550012700025);
#6104 = AXIS2_PLACEMENT_3D('',#6105,#6106,#6107);
#6105 = CARTESIAN_POINT('',(24.597409194818,58.552197104394,0.));
#6106 = DIRECTION('',(0.,0.,1.));
#6107 = DIRECTION('',(1.,1.110223024625E-16,-0.));
#6108 = CYLINDRICAL_SURFACE('',#6109,0.550012700025);
#6109 = AXIS2_PLACEMENT_3D('',#6110,#6111,#6112);
#6110 = CARTESIAN_POINT('',(24.597409194818,58.552197104394,0.));
#6111 = DIRECTION('',(-0.,-0.,-1.));
#6112 = DIRECTION('',(1.,1.110223024625E-16,-0.));
#6113 = ADVANCED_FACE('',(#6114),#6132,.F.);
#6114 = FACE_BOUND('',#6115,.T.);
#6115 = EDGE_LOOP('',(#6116,#6117,#6124,#6125));
#6116 = ORIENTED_EDGE('',*,*,#6094,.T.);
#6117 = ORIENTED_EDGE('',*,*,#6118,.T.);
#6118 = EDGE_CURVE('',#6086,#6078,#6119,.T.);
#6119 = CIRCLE('',#6120,0.550012700025);
#6120 = AXIS2_PLACEMENT_3D('',#6121,#6122,#6123);
#6121 = CARTESIAN_POINT('',(24.597409194818,58.552197104394,
    1.600050800102));
#6122 = DIRECTION('',(0.,0.,1.));
#6123 = DIRECTION('',(-1.,-1.110223024625E-16,0.));
#6124 = ORIENTED_EDGE('',*,*,#6075,.F.);
#6125 = ORIENTED_EDGE('',*,*,#6126,.F.);
#6126 = EDGE_CURVE('',#6095,#6076,#6127,.T.);
#6127 = CIRCLE('',#6128,0.550012700025);
#6128 = AXIS2_PLACEMENT_3D('',#6129,#6130,#6131);
#6129 = CARTESIAN_POINT('',(24.597409194818,58.552197104394,0.));
#6130 = DIRECTION('',(0.,0.,1.));
#6131 = DIRECTION('',(-1.,-1.110223024625E-16,0.));
#6132 = CYLINDRICAL_SURFACE('',#6133,0.550012700025);
#6133 = AXIS2_PLACEMENT_3D('',#6134,#6135,#6136);
#6134 = CARTESIAN_POINT('',(24.597409194818,58.552197104394,0.));
#6135 = DIRECTION('',(-0.,-0.,-1.));
#6136 = DIRECTION('',(-1.,-1.110223024625E-16,0.));
#6137 = ADVANCED_FACE('',(#6138),#6174,.F.);
#6138 = FACE_BOUND('',#6139,.T.);
#6139 = EDGE_LOOP('',(#6140,#6150,#6159,#6167));
#6140 = ORIENTED_EDGE('',*,*,#6141,.T.);
#6141 = EDGE_CURVE('',#6142,#6144,#6146,.T.);
#6142 = VERTEX_POINT('',#6143);
#6143 = CARTESIAN_POINT('',(25.48348996698,36.911353822708,0.));
#6144 = VERTEX_POINT('',#6145);
#6145 = CARTESIAN_POINT('',(25.48348996698,36.911353822708,
    1.600050800102));
#6146 = LINE('',#6147,#6148);
#6147 = CARTESIAN_POINT('',(25.48348996698,36.911353822708,0.));
#6148 = VECTOR('',#6149,1.);
#6149 = DIRECTION('',(0.,0.,1.));
#6150 = ORIENTED_EDGE('',*,*,#6151,.T.);
#6151 = EDGE_CURVE('',#6144,#6152,#6154,.T.);
#6152 = VERTEX_POINT('',#6153);
#6153 = CARTESIAN_POINT('',(24.48348996698,36.911353822708,
    1.600050800102));
#6154 = CIRCLE('',#6155,0.5);
#6155 = AXIS2_PLACEMENT_3D('',#6156,#6157,#6158);
#6156 = CARTESIAN_POINT('',(24.98348996698,36.911353822708,
    1.600050800102));
#6157 = DIRECTION('',(0.,0.,1.));
#6158 = DIRECTION('',(1.,1.110223024625E-16,-0.));
#6159 = ORIENTED_EDGE('',*,*,#6160,.F.);
#6160 = EDGE_CURVE('',#6161,#6152,#6163,.T.);
#6161 = VERTEX_POINT('',#6162);
#6162 = CARTESIAN_POINT('',(24.48348996698,36.911353822708,0.));
#6163 = LINE('',#6164,#6165);
#6164 = CARTESIAN_POINT('',(24.48348996698,36.911353822708,0.));
#6165 = VECTOR('',#6166,1.);
#6166 = DIRECTION('',(0.,0.,1.));
#6167 = ORIENTED_EDGE('',*,*,#6168,.F.);
#6168 = EDGE_CURVE('',#6142,#6161,#6169,.T.);
#6169 = CIRCLE('',#6170,0.5);
#6170 = AXIS2_PLACEMENT_3D('',#6171,#6172,#6173);
#6171 = CARTESIAN_POINT('',(24.98348996698,36.911353822708,0.));
#6172 = DIRECTION('',(0.,0.,1.));
#6173 = DIRECTION('',(1.,1.110223024625E-16,-0.));
#6174 = CYLINDRICAL_SURFACE('',#6175,0.5);
#6175 = AXIS2_PLACEMENT_3D('',#6176,#6177,#6178);
#6176 = CARTESIAN_POINT('',(24.98348996698,36.911353822708,0.));
#6177 = DIRECTION('',(-0.,-0.,-1.));
#6178 = DIRECTION('',(1.,1.110223024625E-16,-0.));
#6179 = ADVANCED_FACE('',(#6180),#6198,.F.);
#6180 = FACE_BOUND('',#6181,.T.);
#6181 = EDGE_LOOP('',(#6182,#6183,#6190,#6191));
#6182 = ORIENTED_EDGE('',*,*,#6160,.T.);
#6183 = ORIENTED_EDGE('',*,*,#6184,.T.);
#6184 = EDGE_CURVE('',#6152,#6144,#6185,.T.);
#6185 = CIRCLE('',#6186,0.5);
#6186 = AXIS2_PLACEMENT_3D('',#6187,#6188,#6189);
#6187 = CARTESIAN_POINT('',(24.98348996698,36.911353822708,
    1.600050800102));
#6188 = DIRECTION('',(0.,0.,1.));
#6189 = DIRECTION('',(-1.,-1.110223024625E-16,0.));
#6190 = ORIENTED_EDGE('',*,*,#6141,.F.);
#6191 = ORIENTED_EDGE('',*,*,#6192,.F.);
#6192 = EDGE_CURVE('',#6161,#6142,#6193,.T.);
#6193 = CIRCLE('',#6194,0.5);
#6194 = AXIS2_PLACEMENT_3D('',#6195,#6196,#6197);
#6195 = CARTESIAN_POINT('',(24.98348996698,36.911353822708,0.));
#6196 = DIRECTION('',(0.,0.,1.));
#6197 = DIRECTION('',(-1.,-1.110223024625E-16,0.));
#6198 = CYLINDRICAL_SURFACE('',#6199,0.5);
#6199 = AXIS2_PLACEMENT_3D('',#6200,#6201,#6202);
#6200 = CARTESIAN_POINT('',(24.98348996698,36.911353822708,0.));
#6201 = DIRECTION('',(-0.,-0.,-1.));
#6202 = DIRECTION('',(-1.,-1.110223024625E-16,0.));
#6203 = ADVANCED_FACE('',(#6204),#6238,.T.);
#6204 = FACE_BOUND('',#6205,.T.);
#6205 = EDGE_LOOP('',(#6206,#6216,#6224,#6232));
#6206 = ORIENTED_EDGE('',*,*,#6207,.T.);
#6207 = EDGE_CURVE('',#6208,#6210,#6212,.T.);
#6208 = VERTEX_POINT('',#6209);
#6209 = CARTESIAN_POINT('',(25.230607061214,6.363246126492,0.));
#6210 = VERTEX_POINT('',#6211);
#6211 = CARTESIAN_POINT('',(25.230607061214,6.363246126492,
    1.600050800102));
#6212 = LINE('',#6213,#6214);
#6213 = CARTESIAN_POINT('',(25.230607061214,6.363246126492,0.));
#6214 = VECTOR('',#6215,1.);
#6215 = DIRECTION('',(0.,0.,1.));
#6216 = ORIENTED_EDGE('',*,*,#6217,.T.);
#6217 = EDGE_CURVE('',#6210,#6218,#6220,.T.);
#6218 = VERTEX_POINT('',#6219);
#6219 = CARTESIAN_POINT('',(25.230607061214,5.313208026416,
    1.600050800102));
#6220 = LINE('',#6221,#6222);
#6221 = CARTESIAN_POINT('',(25.230607061214,6.363246126492,
    1.600050800102));
#6222 = VECTOR('',#6223,1.);
#6223 = DIRECTION('',(0.,-1.,0.));
#6224 = ORIENTED_EDGE('',*,*,#6225,.F.);
#6225 = EDGE_CURVE('',#6226,#6218,#6228,.T.);
#6226 = VERTEX_POINT('',#6227);
#6227 = CARTESIAN_POINT('',(25.230607061214,5.313208026416,0.));
#6228 = LINE('',#6229,#6230);
#6229 = CARTESIAN_POINT('',(25.230607061214,5.313208026416,0.));
#6230 = VECTOR('',#6231,1.);
#6231 = DIRECTION('',(0.,0.,1.));
#6232 = ORIENTED_EDGE('',*,*,#6233,.F.);
#6233 = EDGE_CURVE('',#6208,#6226,#6234,.T.);
#6234 = LINE('',#6235,#6236);
#6235 = CARTESIAN_POINT('',(25.230607061214,6.363246126492,0.));
#6236 = VECTOR('',#6237,1.);
#6237 = DIRECTION('',(0.,-1.,0.));
#6238 = PLANE('',#6239);
#6239 = AXIS2_PLACEMENT_3D('',#6240,#6241,#6242);
#6240 = CARTESIAN_POINT('',(25.230607061214,6.363246126492,0.));
#6241 = DIRECTION('',(1.,0.,-0.));
#6242 = DIRECTION('',(0.,-1.,0.));
#6243 = ADVANCED_FACE('',(#6244),#6271,.F.);
#6244 = FACE_BOUND('',#6245,.T.);
#6245 = EDGE_LOOP('',(#6246,#6247,#6256,#6264));
#6246 = ORIENTED_EDGE('',*,*,#6225,.T.);
#6247 = ORIENTED_EDGE('',*,*,#6248,.T.);
#6248 = EDGE_CURVE('',#6218,#6249,#6251,.T.);
#6249 = VERTEX_POINT('',#6250);
#6250 = CARTESIAN_POINT('',(25.880594361189,5.313208026416,
    1.600050800102));
#6251 = CIRCLE('',#6252,0.324993649987);
#6252 = AXIS2_PLACEMENT_3D('',#6253,#6254,#6255);
#6253 = CARTESIAN_POINT('',(25.555600711201,5.313208026416,
    1.600050800102));
#6254 = DIRECTION('',(0.,0.,1.));
#6255 = DIRECTION('',(-1.,-1.110223024625E-16,0.));
#6256 = ORIENTED_EDGE('',*,*,#6257,.F.);
#6257 = EDGE_CURVE('',#6258,#6249,#6260,.T.);
#6258 = VERTEX_POINT('',#6259);
#6259 = CARTESIAN_POINT('',(25.880594361189,5.313208026416,0.));
#6260 = LINE('',#6261,#6262);
#6261 = CARTESIAN_POINT('',(25.880594361189,5.313208026416,0.));
#6262 = VECTOR('',#6263,1.);
#6263 = DIRECTION('',(0.,0.,1.));
#6264 = ORIENTED_EDGE('',*,*,#6265,.F.);
#6265 = EDGE_CURVE('',#6226,#6258,#6266,.T.);
#6266 = CIRCLE('',#6267,0.324993649987);
#6267 = AXIS2_PLACEMENT_3D('',#6268,#6269,#6270);
#6268 = CARTESIAN_POINT('',(25.555600711201,5.313208026416,0.));
#6269 = DIRECTION('',(0.,0.,1.));
#6270 = DIRECTION('',(-1.,-1.110223024625E-16,0.));
#6271 = CYLINDRICAL_SURFACE('',#6272,0.324993649987);
#6272 = AXIS2_PLACEMENT_3D('',#6273,#6274,#6275);
#6273 = CARTESIAN_POINT('',(25.555600711201,5.313208026416,0.));
#6274 = DIRECTION('',(-0.,-0.,-1.));
#6275 = DIRECTION('',(-1.,-1.110223024625E-16,0.));
#6276 = ADVANCED_FACE('',(#6277),#6302,.T.);
#6277 = FACE_BOUND('',#6278,.T.);
#6278 = EDGE_LOOP('',(#6279,#6280,#6288,#6296));
#6279 = ORIENTED_EDGE('',*,*,#6257,.T.);
#6280 = ORIENTED_EDGE('',*,*,#6281,.T.);
#6281 = EDGE_CURVE('',#6249,#6282,#6284,.T.);
#6282 = VERTEX_POINT('',#6283);
#6283 = CARTESIAN_POINT('',(25.880594361189,6.363246126492,
    1.600050800102));
#6284 = LINE('',#6285,#6286);
#6285 = CARTESIAN_POINT('',(25.880594361189,5.313208026416,
    1.600050800102));
#6286 = VECTOR('',#6287,1.);
#6287 = DIRECTION('',(0.,1.,0.));
#6288 = ORIENTED_EDGE('',*,*,#6289,.F.);
#6289 = EDGE_CURVE('',#6290,#6282,#6292,.T.);
#6290 = VERTEX_POINT('',#6291);
#6291 = CARTESIAN_POINT('',(25.880594361189,6.363246126492,0.));
#6292 = LINE('',#6293,#6294);
#6293 = CARTESIAN_POINT('',(25.880594361189,6.363246126492,0.));
#6294 = VECTOR('',#6295,1.);
#6295 = DIRECTION('',(0.,0.,1.));
#6296 = ORIENTED_EDGE('',*,*,#6297,.F.);
#6297 = EDGE_CURVE('',#6258,#6290,#6298,.T.);
#6298 = LINE('',#6299,#6300);
#6299 = CARTESIAN_POINT('',(25.880594361189,5.313208026416,0.));
#6300 = VECTOR('',#6301,1.);
#6301 = DIRECTION('',(0.,1.,0.));
#6302 = PLANE('',#6303);
#6303 = AXIS2_PLACEMENT_3D('',#6304,#6305,#6306);
#6304 = CARTESIAN_POINT('',(25.880594361189,5.313208026416,0.));
#6305 = DIRECTION('',(-1.,0.,0.));
#6306 = DIRECTION('',(0.,1.,0.));
#6307 = ADVANCED_FACE('',(#6308),#6326,.F.);
#6308 = FACE_BOUND('',#6309,.T.);
#6309 = EDGE_LOOP('',(#6310,#6311,#6318,#6319));
#6310 = ORIENTED_EDGE('',*,*,#6289,.T.);
#6311 = ORIENTED_EDGE('',*,*,#6312,.T.);
#6312 = EDGE_CURVE('',#6282,#6210,#6313,.T.);
#6313 = CIRCLE('',#6314,0.324993649987);
#6314 = AXIS2_PLACEMENT_3D('',#6315,#6316,#6317);
#6315 = CARTESIAN_POINT('',(25.555600711201,6.363246126492,
    1.600050800102));
#6316 = DIRECTION('',(0.,0.,1.));
#6317 = DIRECTION('',(1.,1.110223024625E-16,-0.));
#6318 = ORIENTED_EDGE('',*,*,#6207,.F.);
#6319 = ORIENTED_EDGE('',*,*,#6320,.F.);
#6320 = EDGE_CURVE('',#6290,#6208,#6321,.T.);
#6321 = CIRCLE('',#6322,0.324993649987);
#6322 = AXIS2_PLACEMENT_3D('',#6323,#6324,#6325);
#6323 = CARTESIAN_POINT('',(25.555600711201,6.363246126492,0.));
#6324 = DIRECTION('',(0.,0.,1.));
#6325 = DIRECTION('',(1.,1.110223024625E-16,-0.));
#6326 = CYLINDRICAL_SURFACE('',#6327,0.324993649987);
#6327 = AXIS2_PLACEMENT_3D('',#6328,#6329,#6330);
#6328 = CARTESIAN_POINT('',(25.555600711201,6.363246126492,0.));
#6329 = DIRECTION('',(-0.,-0.,-1.));
#6330 = DIRECTION('',(1.,1.110223024625E-16,-0.));
#6331 = ADVANCED_FACE('',(#6332),#6366,.T.);
#6332 = FACE_BOUND('',#6333,.T.);
#6333 = EDGE_LOOP('',(#6334,#6344,#6352,#6360));
#6334 = ORIENTED_EDGE('',*,*,#6335,.T.);
#6335 = EDGE_CURVE('',#6336,#6338,#6340,.T.);
#6336 = VERTEX_POINT('',#6337);
#6337 = CARTESIAN_POINT('',(25.230607061214,2.012928625857,0.));
#6338 = VERTEX_POINT('',#6339);
#6339 = CARTESIAN_POINT('',(25.230607061214,2.012928625857,
    1.600050800102));
#6340 = LINE('',#6341,#6342);
#6341 = CARTESIAN_POINT('',(25.230607061214,2.012928625857,0.));
#6342 = VECTOR('',#6343,1.);
#6343 = DIRECTION('',(0.,0.,1.));
#6344 = ORIENTED_EDGE('',*,*,#6345,.T.);
#6345 = EDGE_CURVE('',#6338,#6346,#6348,.T.);
#6346 = VERTEX_POINT('',#6347);
#6347 = CARTESIAN_POINT('',(25.230607061214,1.262915925832,
    1.600050800102));
#6348 = LINE('',#6349,#6350);
#6349 = CARTESIAN_POINT('',(25.230607061214,2.012928625857,
    1.600050800102));
#6350 = VECTOR('',#6351,1.);
#6351 = DIRECTION('',(0.,-1.,0.));
#6352 = ORIENTED_EDGE('',*,*,#6353,.F.);
#6353 = EDGE_CURVE('',#6354,#6346,#6356,.T.);
#6354 = VERTEX_POINT('',#6355);
#6355 = CARTESIAN_POINT('',(25.230607061214,1.262915925832,0.));
#6356 = LINE('',#6357,#6358);
#6357 = CARTESIAN_POINT('',(25.230607061214,1.262915925832,0.));
#6358 = VECTOR('',#6359,1.);
#6359 = DIRECTION('',(0.,0.,1.));
#6360 = ORIENTED_EDGE('',*,*,#6361,.F.);
#6361 = EDGE_CURVE('',#6336,#6354,#6362,.T.);
#6362 = LINE('',#6363,#6364);
#6363 = CARTESIAN_POINT('',(25.230607061214,2.012928625857,0.));
#6364 = VECTOR('',#6365,1.);
#6365 = DIRECTION('',(0.,-1.,0.));
#6366 = PLANE('',#6367);
#6367 = AXIS2_PLACEMENT_3D('',#6368,#6369,#6370);
#6368 = CARTESIAN_POINT('',(25.230607061214,2.012928625857,0.));
#6369 = DIRECTION('',(1.,0.,-0.));
#6370 = DIRECTION('',(0.,-1.,0.));
#6371 = ADVANCED_FACE('',(#6372),#6399,.F.);
#6372 = FACE_BOUND('',#6373,.T.);
#6373 = EDGE_LOOP('',(#6374,#6375,#6384,#6392));
#6374 = ORIENTED_EDGE('',*,*,#6353,.T.);
#6375 = ORIENTED_EDGE('',*,*,#6376,.T.);
#6376 = EDGE_CURVE('',#6346,#6377,#6379,.T.);
#6377 = VERTEX_POINT('',#6378);
#6378 = CARTESIAN_POINT('',(25.880594361189,1.262915925832,
    1.600050800102));
#6379 = CIRCLE('',#6380,0.324993649987);
#6380 = AXIS2_PLACEMENT_3D('',#6381,#6382,#6383);
#6381 = CARTESIAN_POINT('',(25.555600711201,1.262915925832,
    1.600050800102));
#6382 = DIRECTION('',(0.,0.,1.));
#6383 = DIRECTION('',(-1.,-1.110223024625E-16,0.));
#6384 = ORIENTED_EDGE('',*,*,#6385,.F.);
#6385 = EDGE_CURVE('',#6386,#6377,#6388,.T.);
#6386 = VERTEX_POINT('',#6387);
#6387 = CARTESIAN_POINT('',(25.880594361189,1.262915925832,0.));
#6388 = LINE('',#6389,#6390);
#6389 = CARTESIAN_POINT('',(25.880594361189,1.262915925832,0.));
#6390 = VECTOR('',#6391,1.);
#6391 = DIRECTION('',(0.,0.,1.));
#6392 = ORIENTED_EDGE('',*,*,#6393,.F.);
#6393 = EDGE_CURVE('',#6354,#6386,#6394,.T.);
#6394 = CIRCLE('',#6395,0.324993649987);
#6395 = AXIS2_PLACEMENT_3D('',#6396,#6397,#6398);
#6396 = CARTESIAN_POINT('',(25.555600711201,1.262915925832,0.));
#6397 = DIRECTION('',(0.,0.,1.));
#6398 = DIRECTION('',(-1.,-1.110223024625E-16,0.));
#6399 = CYLINDRICAL_SURFACE('',#6400,0.324993649987);
#6400 = AXIS2_PLACEMENT_3D('',#6401,#6402,#6403);
#6401 = CARTESIAN_POINT('',(25.555600711201,1.262915925832,0.));
#6402 = DIRECTION('',(-0.,-0.,-1.));
#6403 = DIRECTION('',(-1.,-1.110223024625E-16,0.));
#6404 = ADVANCED_FACE('',(#6405),#6430,.T.);
#6405 = FACE_BOUND('',#6406,.T.);
#6406 = EDGE_LOOP('',(#6407,#6408,#6416,#6424));
#6407 = ORIENTED_EDGE('',*,*,#6385,.T.);
#6408 = ORIENTED_EDGE('',*,*,#6409,.T.);
#6409 = EDGE_CURVE('',#6377,#6410,#6412,.T.);
#6410 = VERTEX_POINT('',#6411);
#6411 = CARTESIAN_POINT('',(25.880594361189,2.012928625857,
    1.600050800102));
#6412 = LINE('',#6413,#6414);
#6413 = CARTESIAN_POINT('',(25.880594361189,1.262915925832,
    1.600050800102));
#6414 = VECTOR('',#6415,1.);
#6415 = DIRECTION('',(0.,1.,0.));
#6416 = ORIENTED_EDGE('',*,*,#6417,.F.);
#6417 = EDGE_CURVE('',#6418,#6410,#6420,.T.);
#6418 = VERTEX_POINT('',#6419);
#6419 = CARTESIAN_POINT('',(25.880594361189,2.012928625857,0.));
#6420 = LINE('',#6421,#6422);
#6421 = CARTESIAN_POINT('',(25.880594361189,2.012928625857,0.));
#6422 = VECTOR('',#6423,1.);
#6423 = DIRECTION('',(0.,0.,1.));
#6424 = ORIENTED_EDGE('',*,*,#6425,.F.);
#6425 = EDGE_CURVE('',#6386,#6418,#6426,.T.);
#6426 = LINE('',#6427,#6428);
#6427 = CARTESIAN_POINT('',(25.880594361189,1.262915925832,0.));
#6428 = VECTOR('',#6429,1.);
#6429 = DIRECTION('',(0.,1.,0.));
#6430 = PLANE('',#6431);
#6431 = AXIS2_PLACEMENT_3D('',#6432,#6433,#6434);
#6432 = CARTESIAN_POINT('',(25.880594361189,1.262915925832,0.));
#6433 = DIRECTION('',(-1.,0.,0.));
#6434 = DIRECTION('',(0.,1.,0.));
#6435 = ADVANCED_FACE('',(#6436),#6454,.F.);
#6436 = FACE_BOUND('',#6437,.T.);
#6437 = EDGE_LOOP('',(#6438,#6439,#6446,#6447));
#6438 = ORIENTED_EDGE('',*,*,#6417,.T.);
#6439 = ORIENTED_EDGE('',*,*,#6440,.T.);
#6440 = EDGE_CURVE('',#6410,#6338,#6441,.T.);
#6441 = CIRCLE('',#6442,0.324993649987);
#6442 = AXIS2_PLACEMENT_3D('',#6443,#6444,#6445);
#6443 = CARTESIAN_POINT('',(25.555600711201,2.012928625857,
    1.600050800102));
#6444 = DIRECTION('',(0.,0.,1.));
#6445 = DIRECTION('',(1.,1.110223024625E-16,-0.));
#6446 = ORIENTED_EDGE('',*,*,#6335,.F.);
#6447 = ORIENTED_EDGE('',*,*,#6448,.F.);
#6448 = EDGE_CURVE('',#6418,#6336,#6449,.T.);
#6449 = CIRCLE('',#6450,0.324993649987);
#6450 = AXIS2_PLACEMENT_3D('',#6451,#6452,#6453);
#6451 = CARTESIAN_POINT('',(25.555600711201,2.012928625857,0.));
#6452 = DIRECTION('',(0.,0.,1.));
#6453 = DIRECTION('',(1.,1.110223024625E-16,-0.));
#6454 = CYLINDRICAL_SURFACE('',#6455,0.324993649987);
#6455 = AXIS2_PLACEMENT_3D('',#6456,#6457,#6458);
#6456 = CARTESIAN_POINT('',(25.555600711201,2.012928625857,0.));
#6457 = DIRECTION('',(-0.,-0.,-1.));
#6458 = DIRECTION('',(1.,1.110223024625E-16,-0.));
#6459 = ADVANCED_FACE('',(#6460),#6496,.F.);
#6460 = FACE_BOUND('',#6461,.T.);
#6461 = EDGE_LOOP('',(#6462,#6472,#6481,#6489));
#6462 = ORIENTED_EDGE('',*,*,#6463,.T.);
#6463 = EDGE_CURVE('',#6464,#6466,#6468,.T.);
#6464 = VERTEX_POINT('',#6465);
#6465 = CARTESIAN_POINT('',(26.437731775464,49.316738633477,0.));
#6466 = VERTEX_POINT('',#6467);
#6467 = CARTESIAN_POINT('',(26.437731775464,49.316738633477,
    1.600050800102));
#6468 = LINE('',#6469,#6470);
#6469 = CARTESIAN_POINT('',(26.437731775464,49.316738633477,0.));
#6470 = VECTOR('',#6471,1.);
#6471 = DIRECTION('',(0.,0.,1.));
#6472 = ORIENTED_EDGE('',*,*,#6473,.T.);
#6473 = EDGE_CURVE('',#6466,#6474,#6476,.T.);
#6474 = VERTEX_POINT('',#6475);
#6475 = CARTESIAN_POINT('',(25.337731775464,49.316738633477,
    1.600050800102));
#6476 = CIRCLE('',#6477,0.55);
#6477 = AXIS2_PLACEMENT_3D('',#6478,#6479,#6480);
#6478 = CARTESIAN_POINT('',(25.887731775464,49.316738633477,
    1.600050800102));
#6479 = DIRECTION('',(0.,0.,1.));
#6480 = DIRECTION('',(1.,1.110223024625E-16,-0.));
#6481 = ORIENTED_EDGE('',*,*,#6482,.F.);
#6482 = EDGE_CURVE('',#6483,#6474,#6485,.T.);
#6483 = VERTEX_POINT('',#6484);
#6484 = CARTESIAN_POINT('',(25.337731775464,49.316738633477,0.));
#6485 = LINE('',#6486,#6487);
#6486 = CARTESIAN_POINT('',(25.337731775464,49.316738633477,0.));
#6487 = VECTOR('',#6488,1.);
#6488 = DIRECTION('',(0.,0.,1.));
#6489 = ORIENTED_EDGE('',*,*,#6490,.F.);
#6490 = EDGE_CURVE('',#6464,#6483,#6491,.T.);
#6491 = CIRCLE('',#6492,0.55);
#6492 = AXIS2_PLACEMENT_3D('',#6493,#6494,#6495);
#6493 = CARTESIAN_POINT('',(25.887731775464,49.316738633477,0.));
#6494 = DIRECTION('',(0.,0.,1.));
#6495 = DIRECTION('',(1.,1.110223024625E-16,-0.));
#6496 = CYLINDRICAL_SURFACE('',#6497,0.55);
#6497 = AXIS2_PLACEMENT_3D('',#6498,#6499,#6500);
#6498 = CARTESIAN_POINT('',(25.887731775464,49.316738633477,0.));
#6499 = DIRECTION('',(-0.,-0.,-1.));
#6500 = DIRECTION('',(1.,1.110223024625E-16,-0.));
#6501 = ADVANCED_FACE('',(#6502),#6520,.F.);
#6502 = FACE_BOUND('',#6503,.T.);
#6503 = EDGE_LOOP('',(#6504,#6505,#6512,#6513));
#6504 = ORIENTED_EDGE('',*,*,#6482,.T.);
#6505 = ORIENTED_EDGE('',*,*,#6506,.T.);
#6506 = EDGE_CURVE('',#6474,#6466,#6507,.T.);
#6507 = CIRCLE('',#6508,0.55);
#6508 = AXIS2_PLACEMENT_3D('',#6509,#6510,#6511);
#6509 = CARTESIAN_POINT('',(25.887731775464,49.316738633477,
    1.600050800102));
#6510 = DIRECTION('',(0.,0.,1.));
#6511 = DIRECTION('',(-1.,-1.110223024625E-16,0.));
#6512 = ORIENTED_EDGE('',*,*,#6463,.F.);
#6513 = ORIENTED_EDGE('',*,*,#6514,.F.);
#6514 = EDGE_CURVE('',#6483,#6464,#6515,.T.);
#6515 = CIRCLE('',#6516,0.55);
#6516 = AXIS2_PLACEMENT_3D('',#6517,#6518,#6519);
#6517 = CARTESIAN_POINT('',(25.887731775464,49.316738633477,0.));
#6518 = DIRECTION('',(0.,0.,1.));
#6519 = DIRECTION('',(-1.,-1.110223024625E-16,0.));
#6520 = CYLINDRICAL_SURFACE('',#6521,0.55);
#6521 = AXIS2_PLACEMENT_3D('',#6522,#6523,#6524);
#6522 = CARTESIAN_POINT('',(25.887731775464,49.316738633477,0.));
#6523 = DIRECTION('',(-0.,-0.,-1.));
#6524 = DIRECTION('',(-1.,-1.110223024625E-16,0.));
#6525 = ADVANCED_FACE('',(#6526),#6562,.F.);
#6526 = FACE_BOUND('',#6527,.T.);
#6527 = EDGE_LOOP('',(#6528,#6538,#6547,#6555));
#6528 = ORIENTED_EDGE('',*,*,#6529,.T.);
#6529 = EDGE_CURVE('',#6530,#6532,#6534,.T.);
#6530 = VERTEX_POINT('',#6531);
#6531 = CARTESIAN_POINT('',(26.437731775464,51.856743713487,0.));
#6532 = VERTEX_POINT('',#6533);
#6533 = CARTESIAN_POINT('',(26.437731775464,51.856743713487,
    1.600050800102));
#6534 = LINE('',#6535,#6536);
#6535 = CARTESIAN_POINT('',(26.437731775464,51.856743713487,0.));
#6536 = VECTOR('',#6537,1.);
#6537 = DIRECTION('',(0.,0.,1.));
#6538 = ORIENTED_EDGE('',*,*,#6539,.T.);
#6539 = EDGE_CURVE('',#6532,#6540,#6542,.T.);
#6540 = VERTEX_POINT('',#6541);
#6541 = CARTESIAN_POINT('',(25.337731775464,51.856743713487,
    1.600050800102));
#6542 = CIRCLE('',#6543,0.55);
#6543 = AXIS2_PLACEMENT_3D('',#6544,#6545,#6546);
#6544 = CARTESIAN_POINT('',(25.887731775464,51.856743713487,
    1.600050800102));
#6545 = DIRECTION('',(0.,0.,1.));
#6546 = DIRECTION('',(1.,1.110223024625E-16,-0.));
#6547 = ORIENTED_EDGE('',*,*,#6548,.F.);
#6548 = EDGE_CURVE('',#6549,#6540,#6551,.T.);
#6549 = VERTEX_POINT('',#6550);
#6550 = CARTESIAN_POINT('',(25.337731775464,51.856743713487,0.));
#6551 = LINE('',#6552,#6553);
#6552 = CARTESIAN_POINT('',(25.337731775464,51.856743713487,0.));
#6553 = VECTOR('',#6554,1.);
#6554 = DIRECTION('',(0.,0.,1.));
#6555 = ORIENTED_EDGE('',*,*,#6556,.F.);
#6556 = EDGE_CURVE('',#6530,#6549,#6557,.T.);
#6557 = CIRCLE('',#6558,0.55);
#6558 = AXIS2_PLACEMENT_3D('',#6559,#6560,#6561);
#6559 = CARTESIAN_POINT('',(25.887731775464,51.856743713487,0.));
#6560 = DIRECTION('',(0.,0.,1.));
#6561 = DIRECTION('',(1.,1.110223024625E-16,-0.));
#6562 = CYLINDRICAL_SURFACE('',#6563,0.55);
#6563 = AXIS2_PLACEMENT_3D('',#6564,#6565,#6566);
#6564 = CARTESIAN_POINT('',(25.887731775464,51.856743713487,0.));
#6565 = DIRECTION('',(-0.,-0.,-1.));
#6566 = DIRECTION('',(1.,1.110223024625E-16,-0.));
#6567 = ADVANCED_FACE('',(#6568),#6586,.F.);
#6568 = FACE_BOUND('',#6569,.T.);
#6569 = EDGE_LOOP('',(#6570,#6571,#6578,#6579));
#6570 = ORIENTED_EDGE('',*,*,#6548,.T.);
#6571 = ORIENTED_EDGE('',*,*,#6572,.T.);
#6572 = EDGE_CURVE('',#6540,#6532,#6573,.T.);
#6573 = CIRCLE('',#6574,0.55);
#6574 = AXIS2_PLACEMENT_3D('',#6575,#6576,#6577);
#6575 = CARTESIAN_POINT('',(25.887731775464,51.856743713487,
    1.600050800102));
#6576 = DIRECTION('',(0.,0.,1.));
#6577 = DIRECTION('',(-1.,-1.110223024625E-16,0.));
#6578 = ORIENTED_EDGE('',*,*,#6529,.F.);
#6579 = ORIENTED_EDGE('',*,*,#6580,.F.);
#6580 = EDGE_CURVE('',#6549,#6530,#6581,.T.);
#6581 = CIRCLE('',#6582,0.55);
#6582 = AXIS2_PLACEMENT_3D('',#6583,#6584,#6585);
#6583 = CARTESIAN_POINT('',(25.887731775464,51.856743713487,0.));
#6584 = DIRECTION('',(0.,0.,1.));
#6585 = DIRECTION('',(-1.,-1.110223024625E-16,0.));
#6586 = CYLINDRICAL_SURFACE('',#6587,0.55);
#6587 = AXIS2_PLACEMENT_3D('',#6588,#6589,#6590);
#6588 = CARTESIAN_POINT('',(25.887731775464,51.856743713487,0.));
#6589 = DIRECTION('',(-0.,-0.,-1.));
#6590 = DIRECTION('',(-1.,-1.110223024625E-16,0.));
#6591 = ADVANCED_FACE('',(#6592),#6628,.F.);
#6592 = FACE_BOUND('',#6593,.T.);
#6593 = EDGE_LOOP('',(#6594,#6604,#6613,#6621));
#6594 = ORIENTED_EDGE('',*,*,#6595,.T.);
#6595 = EDGE_CURVE('',#6596,#6598,#6600,.T.);
#6596 = VERTEX_POINT('',#6597);
#6597 = CARTESIAN_POINT('',(27.687426974854,56.012192024384,0.));
#6598 = VERTEX_POINT('',#6599);
#6599 = CARTESIAN_POINT('',(27.687426974854,56.012192024384,
    1.600050800102));
#6600 = LINE('',#6601,#6602);
#6601 = CARTESIAN_POINT('',(27.687426974854,56.012192024384,0.));
#6602 = VECTOR('',#6603,1.);
#6603 = DIRECTION('',(0.,0.,1.));
#6604 = ORIENTED_EDGE('',*,*,#6605,.T.);
#6605 = EDGE_CURVE('',#6598,#6606,#6608,.T.);
#6606 = VERTEX_POINT('',#6607);
#6607 = CARTESIAN_POINT('',(26.587401574803,56.012192024384,
    1.600050800102));
#6608 = CIRCLE('',#6609,0.550012700025);
#6609 = AXIS2_PLACEMENT_3D('',#6610,#6611,#6612);
#6610 = CARTESIAN_POINT('',(27.137414274829,56.012192024384,
    1.600050800102));
#6611 = DIRECTION('',(0.,0.,1.));
#6612 = DIRECTION('',(1.,1.110223024625E-16,-0.));
#6613 = ORIENTED_EDGE('',*,*,#6614,.F.);
#6614 = EDGE_CURVE('',#6615,#6606,#6617,.T.);
#6615 = VERTEX_POINT('',#6616);
#6616 = CARTESIAN_POINT('',(26.587401574803,56.012192024384,0.));
#6617 = LINE('',#6618,#6619);
#6618 = CARTESIAN_POINT('',(26.587401574803,56.012192024384,0.));
#6619 = VECTOR('',#6620,1.);
#6620 = DIRECTION('',(0.,0.,1.));
#6621 = ORIENTED_EDGE('',*,*,#6622,.F.);
#6622 = EDGE_CURVE('',#6596,#6615,#6623,.T.);
#6623 = CIRCLE('',#6624,0.550012700025);
#6624 = AXIS2_PLACEMENT_3D('',#6625,#6626,#6627);
#6625 = CARTESIAN_POINT('',(27.137414274829,56.012192024384,0.));
#6626 = DIRECTION('',(0.,0.,1.));
#6627 = DIRECTION('',(1.,1.110223024625E-16,-0.));
#6628 = CYLINDRICAL_SURFACE('',#6629,0.550012700025);
#6629 = AXIS2_PLACEMENT_3D('',#6630,#6631,#6632);
#6630 = CARTESIAN_POINT('',(27.137414274829,56.012192024384,0.));
#6631 = DIRECTION('',(-0.,-0.,-1.));
#6632 = DIRECTION('',(1.,1.110223024625E-16,-0.));
#6633 = ADVANCED_FACE('',(#6634),#6652,.F.);
#6634 = FACE_BOUND('',#6635,.T.);
#6635 = EDGE_LOOP('',(#6636,#6637,#6644,#6645));
#6636 = ORIENTED_EDGE('',*,*,#6614,.T.);
#6637 = ORIENTED_EDGE('',*,*,#6638,.T.);
#6638 = EDGE_CURVE('',#6606,#6598,#6639,.T.);
#6639 = CIRCLE('',#6640,0.550012700025);
#6640 = AXIS2_PLACEMENT_3D('',#6641,#6642,#6643);
#6641 = CARTESIAN_POINT('',(27.137414274829,56.012192024384,
    1.600050800102));
#6642 = DIRECTION('',(0.,0.,1.));
#6643 = DIRECTION('',(-1.,-1.110223024625E-16,0.));
#6644 = ORIENTED_EDGE('',*,*,#6595,.F.);
#6645 = ORIENTED_EDGE('',*,*,#6646,.F.);
#6646 = EDGE_CURVE('',#6615,#6596,#6647,.T.);
#6647 = CIRCLE('',#6648,0.550012700025);
#6648 = AXIS2_PLACEMENT_3D('',#6649,#6650,#6651);
#6649 = CARTESIAN_POINT('',(27.137414274829,56.012192024384,0.));
#6650 = DIRECTION('',(0.,0.,1.));
#6651 = DIRECTION('',(-1.,-1.110223024625E-16,0.));
#6652 = CYLINDRICAL_SURFACE('',#6653,0.550012700025);
#6653 = AXIS2_PLACEMENT_3D('',#6654,#6655,#6656);
#6654 = CARTESIAN_POINT('',(27.137414274829,56.012192024384,0.));
#6655 = DIRECTION('',(-0.,-0.,-1.));
#6656 = DIRECTION('',(-1.,-1.110223024625E-16,0.));
#6657 = ADVANCED_FACE('',(#6658),#6694,.F.);
#6658 = FACE_BOUND('',#6659,.T.);
#6659 = EDGE_LOOP('',(#6660,#6670,#6679,#6687));
#6660 = ORIENTED_EDGE('',*,*,#6661,.T.);
#6661 = EDGE_CURVE('',#6662,#6664,#6666,.T.);
#6662 = VERTEX_POINT('',#6663);
#6663 = CARTESIAN_POINT('',(27.687426974854,58.552197104394,0.));
#6664 = VERTEX_POINT('',#6665);
#6665 = CARTESIAN_POINT('',(27.687426974854,58.552197104394,
    1.600050800102));
#6666 = LINE('',#6667,#6668);
#6667 = CARTESIAN_POINT('',(27.687426974854,58.552197104394,0.));
#6668 = VECTOR('',#6669,1.);
#6669 = DIRECTION('',(0.,0.,1.));
#6670 = ORIENTED_EDGE('',*,*,#6671,.T.);
#6671 = EDGE_CURVE('',#6664,#6672,#6674,.T.);
#6672 = VERTEX_POINT('',#6673);
#6673 = CARTESIAN_POINT('',(26.587401574803,58.552197104394,
    1.600050800102));
#6674 = CIRCLE('',#6675,0.550012700025);
#6675 = AXIS2_PLACEMENT_3D('',#6676,#6677,#6678);
#6676 = CARTESIAN_POINT('',(27.137414274829,58.552197104394,
    1.600050800102));
#6677 = DIRECTION('',(0.,0.,1.));
#6678 = DIRECTION('',(1.,1.110223024625E-16,-0.));
#6679 = ORIENTED_EDGE('',*,*,#6680,.F.);
#6680 = EDGE_CURVE('',#6681,#6672,#6683,.T.);
#6681 = VERTEX_POINT('',#6682);
#6682 = CARTESIAN_POINT('',(26.587401574803,58.552197104394,0.));
#6683 = LINE('',#6684,#6685);
#6684 = CARTESIAN_POINT('',(26.587401574803,58.552197104394,0.));
#6685 = VECTOR('',#6686,1.);
#6686 = DIRECTION('',(0.,0.,1.));
#6687 = ORIENTED_EDGE('',*,*,#6688,.F.);
#6688 = EDGE_CURVE('',#6662,#6681,#6689,.T.);
#6689 = CIRCLE('',#6690,0.550012700025);
#6690 = AXIS2_PLACEMENT_3D('',#6691,#6692,#6693);
#6691 = CARTESIAN_POINT('',(27.137414274829,58.552197104394,0.));
#6692 = DIRECTION('',(0.,0.,1.));
#6693 = DIRECTION('',(1.,1.110223024625E-16,-0.));
#6694 = CYLINDRICAL_SURFACE('',#6695,0.550012700025);
#6695 = AXIS2_PLACEMENT_3D('',#6696,#6697,#6698);
#6696 = CARTESIAN_POINT('',(27.137414274829,58.552197104394,0.));
#6697 = DIRECTION('',(-0.,-0.,-1.));
#6698 = DIRECTION('',(1.,1.110223024625E-16,-0.));
#6699 = ADVANCED_FACE('',(#6700),#6718,.F.);
#6700 = FACE_BOUND('',#6701,.T.);
#6701 = EDGE_LOOP('',(#6702,#6703,#6710,#6711));
#6702 = ORIENTED_EDGE('',*,*,#6680,.T.);
#6703 = ORIENTED_EDGE('',*,*,#6704,.T.);
#6704 = EDGE_CURVE('',#6672,#6664,#6705,.T.);
#6705 = CIRCLE('',#6706,0.550012700025);
#6706 = AXIS2_PLACEMENT_3D('',#6707,#6708,#6709);
#6707 = CARTESIAN_POINT('',(27.137414274829,58.552197104394,
    1.600050800102));
#6708 = DIRECTION('',(0.,0.,1.));
#6709 = DIRECTION('',(-1.,-1.110223024625E-16,0.));
#6710 = ORIENTED_EDGE('',*,*,#6661,.F.);
#6711 = ORIENTED_EDGE('',*,*,#6712,.F.);
#6712 = EDGE_CURVE('',#6681,#6662,#6713,.T.);
#6713 = CIRCLE('',#6714,0.550012700025);
#6714 = AXIS2_PLACEMENT_3D('',#6715,#6716,#6717);
#6715 = CARTESIAN_POINT('',(27.137414274829,58.552197104394,0.));
#6716 = DIRECTION('',(0.,0.,1.));
#6717 = DIRECTION('',(-1.,-1.110223024625E-16,0.));
#6718 = CYLINDRICAL_SURFACE('',#6719,0.550012700025);
#6719 = AXIS2_PLACEMENT_3D('',#6720,#6721,#6722);
#6720 = CARTESIAN_POINT('',(27.137414274829,58.552197104394,0.));
#6721 = DIRECTION('',(-0.,-0.,-1.));
#6722 = DIRECTION('',(-1.,-1.110223024625E-16,0.));
#6723 = ADVANCED_FACE('',(#6724),#6760,.F.);
#6724 = FACE_BOUND('',#6725,.T.);
#6725 = EDGE_LOOP('',(#6726,#6736,#6745,#6753));
#6726 = ORIENTED_EDGE('',*,*,#6727,.T.);
#6727 = EDGE_CURVE('',#6728,#6730,#6732,.T.);
#6728 = VERTEX_POINT('',#6729);
#6729 = CARTESIAN_POINT('',(27.305689611379,5.288290576581,0.));
#6730 = VERTEX_POINT('',#6731);
#6731 = CARTESIAN_POINT('',(27.305689611379,5.288290576581,
    1.600050800102));
#6732 = LINE('',#6733,#6734);
#6733 = CARTESIAN_POINT('',(27.305689611379,5.288290576581,0.));
#6734 = VECTOR('',#6735,1.);
#6735 = DIRECTION('',(0.,0.,1.));
#6736 = ORIENTED_EDGE('',*,*,#6737,.T.);
#6737 = EDGE_CURVE('',#6730,#6738,#6740,.T.);
#6738 = VERTEX_POINT('',#6739);
#6739 = CARTESIAN_POINT('',(26.655702311405,5.288290576581,
    1.600050800102));
#6740 = CIRCLE('',#6741,0.324993649987);
#6741 = AXIS2_PLACEMENT_3D('',#6742,#6743,#6744);
#6742 = CARTESIAN_POINT('',(26.980695961392,5.288290576581,
    1.600050800102));
#6743 = DIRECTION('',(0.,0.,1.));
#6744 = DIRECTION('',(1.,1.110223024625E-16,-0.));
#6745 = ORIENTED_EDGE('',*,*,#6746,.F.);
#6746 = EDGE_CURVE('',#6747,#6738,#6749,.T.);
#6747 = VERTEX_POINT('',#6748);
#6748 = CARTESIAN_POINT('',(26.655702311405,5.288290576581,0.));
#6749 = LINE('',#6750,#6751);
#6750 = CARTESIAN_POINT('',(26.655702311405,5.288290576581,0.));
#6751 = VECTOR('',#6752,1.);
#6752 = DIRECTION('',(0.,0.,1.));
#6753 = ORIENTED_EDGE('',*,*,#6754,.F.);
#6754 = EDGE_CURVE('',#6728,#6747,#6755,.T.);
#6755 = CIRCLE('',#6756,0.324993649987);
#6756 = AXIS2_PLACEMENT_3D('',#6757,#6758,#6759);
#6757 = CARTESIAN_POINT('',(26.980695961392,5.288290576581,0.));
#6758 = DIRECTION('',(0.,0.,1.));
#6759 = DIRECTION('',(1.,1.110223024625E-16,-0.));
#6760 = CYLINDRICAL_SURFACE('',#6761,0.324993649987);
#6761 = AXIS2_PLACEMENT_3D('',#6762,#6763,#6764);
#6762 = CARTESIAN_POINT('',(26.980695961392,5.288290576581,0.));
#6763 = DIRECTION('',(-0.,-0.,-1.));
#6764 = DIRECTION('',(1.,1.110223024625E-16,-0.));
#6765 = ADVANCED_FACE('',(#6766),#6784,.F.);
#6766 = FACE_BOUND('',#6767,.T.);
#6767 = EDGE_LOOP('',(#6768,#6769,#6776,#6777));
#6768 = ORIENTED_EDGE('',*,*,#6746,.T.);
#6769 = ORIENTED_EDGE('',*,*,#6770,.T.);
#6770 = EDGE_CURVE('',#6738,#6730,#6771,.T.);
#6771 = CIRCLE('',#6772,0.324993649987);
#6772 = AXIS2_PLACEMENT_3D('',#6773,#6774,#6775);
#6773 = CARTESIAN_POINT('',(26.980695961392,5.288290576581,
    1.600050800102));
#6774 = DIRECTION('',(0.,0.,1.));
#6775 = DIRECTION('',(-1.,-1.110223024625E-16,0.));
#6776 = ORIENTED_EDGE('',*,*,#6727,.F.);
#6777 = ORIENTED_EDGE('',*,*,#6778,.F.);
#6778 = EDGE_CURVE('',#6747,#6728,#6779,.T.);
#6779 = CIRCLE('',#6780,0.324993649987);
#6780 = AXIS2_PLACEMENT_3D('',#6781,#6782,#6783);
#6781 = CARTESIAN_POINT('',(26.980695961392,5.288290576581,0.));
#6782 = DIRECTION('',(0.,0.,1.));
#6783 = DIRECTION('',(-1.,-1.110223024625E-16,0.));
#6784 = CYLINDRICAL_SURFACE('',#6785,0.324993649987);
#6785 = AXIS2_PLACEMENT_3D('',#6786,#6787,#6788);
#6786 = CARTESIAN_POINT('',(26.980695961392,5.288290576581,0.));
#6787 = DIRECTION('',(-0.,-0.,-1.));
#6788 = DIRECTION('',(-1.,-1.110223024625E-16,0.));
#6789 = ADVANCED_FACE('',(#6790),#6826,.F.);
#6790 = FACE_BOUND('',#6791,.T.);
#6791 = EDGE_LOOP('',(#6792,#6802,#6811,#6819));
#6792 = ORIENTED_EDGE('',*,*,#6793,.T.);
#6793 = EDGE_CURVE('',#6794,#6796,#6798,.T.);
#6794 = VERTEX_POINT('',#6795);
#6795 = CARTESIAN_POINT('',(28.02349504699,36.911353822708,0.));
#6796 = VERTEX_POINT('',#6797);
#6797 = CARTESIAN_POINT('',(28.02349504699,36.911353822708,
    1.600050800102));
#6798 = LINE('',#6799,#6800);
#6799 = CARTESIAN_POINT('',(28.02349504699,36.911353822708,0.));
#6800 = VECTOR('',#6801,1.);
#6801 = DIRECTION('',(0.,0.,1.));
#6802 = ORIENTED_EDGE('',*,*,#6803,.T.);
#6803 = EDGE_CURVE('',#6796,#6804,#6806,.T.);
#6804 = VERTEX_POINT('',#6805);
#6805 = CARTESIAN_POINT('',(27.02349504699,36.911353822708,
    1.600050800102));
#6806 = CIRCLE('',#6807,0.5);
#6807 = AXIS2_PLACEMENT_3D('',#6808,#6809,#6810);
#6808 = CARTESIAN_POINT('',(27.52349504699,36.911353822708,
    1.600050800102));
#6809 = DIRECTION('',(0.,0.,1.));
#6810 = DIRECTION('',(1.,1.110223024625E-16,-0.));
#6811 = ORIENTED_EDGE('',*,*,#6812,.F.);
#6812 = EDGE_CURVE('',#6813,#6804,#6815,.T.);
#6813 = VERTEX_POINT('',#6814);
#6814 = CARTESIAN_POINT('',(27.02349504699,36.911353822708,0.));
#6815 = LINE('',#6816,#6817);
#6816 = CARTESIAN_POINT('',(27.02349504699,36.911353822708,0.));
#6817 = VECTOR('',#6818,1.);
#6818 = DIRECTION('',(0.,0.,1.));
#6819 = ORIENTED_EDGE('',*,*,#6820,.F.);
#6820 = EDGE_CURVE('',#6794,#6813,#6821,.T.);
#6821 = CIRCLE('',#6822,0.5);
#6822 = AXIS2_PLACEMENT_3D('',#6823,#6824,#6825);
#6823 = CARTESIAN_POINT('',(27.52349504699,36.911353822708,0.));
#6824 = DIRECTION('',(0.,0.,1.));
#6825 = DIRECTION('',(1.,1.110223024625E-16,-0.));
#6826 = CYLINDRICAL_SURFACE('',#6827,0.5);
#6827 = AXIS2_PLACEMENT_3D('',#6828,#6829,#6830);
#6828 = CARTESIAN_POINT('',(27.52349504699,36.911353822708,0.));
#6829 = DIRECTION('',(-0.,-0.,-1.));
#6830 = DIRECTION('',(1.,1.110223024625E-16,-0.));
#6831 = ADVANCED_FACE('',(#6832),#6850,.F.);
#6832 = FACE_BOUND('',#6833,.T.);
#6833 = EDGE_LOOP('',(#6834,#6835,#6842,#6843));
#6834 = ORIENTED_EDGE('',*,*,#6812,.T.);
#6835 = ORIENTED_EDGE('',*,*,#6836,.T.);
#6836 = EDGE_CURVE('',#6804,#6796,#6837,.T.);
#6837 = CIRCLE('',#6838,0.5);
#6838 = AXIS2_PLACEMENT_3D('',#6839,#6840,#6841);
#6839 = CARTESIAN_POINT('',(27.52349504699,36.911353822708,
    1.600050800102));
#6840 = DIRECTION('',(0.,0.,1.));
#6841 = DIRECTION('',(-1.,-1.110223024625E-16,0.));
#6842 = ORIENTED_EDGE('',*,*,#6793,.F.);
#6843 = ORIENTED_EDGE('',*,*,#6844,.F.);
#6844 = EDGE_CURVE('',#6813,#6794,#6845,.T.);
#6845 = CIRCLE('',#6846,0.5);
#6846 = AXIS2_PLACEMENT_3D('',#6847,#6848,#6849);
#6847 = CARTESIAN_POINT('',(27.52349504699,36.911353822708,0.));
#6848 = DIRECTION('',(0.,0.,1.));
#6849 = DIRECTION('',(-1.,-1.110223024625E-16,0.));
#6850 = CYLINDRICAL_SURFACE('',#6851,0.5);
#6851 = AXIS2_PLACEMENT_3D('',#6852,#6853,#6854);
#6852 = CARTESIAN_POINT('',(27.52349504699,36.911353822708,0.));
#6853 = DIRECTION('',(-0.,-0.,-1.));
#6854 = DIRECTION('',(-1.,-1.110223024625E-16,0.));
#6855 = ADVANCED_FACE('',(#6856),#6892,.F.);
#6856 = FACE_BOUND('',#6857,.T.);
#6857 = EDGE_LOOP('',(#6858,#6868,#6877,#6885));
#6858 = ORIENTED_EDGE('',*,*,#6859,.T.);
#6859 = EDGE_CURVE('',#6860,#6862,#6864,.T.);
#6860 = VERTEX_POINT('',#6861);
#6861 = CARTESIAN_POINT('',(30.050266700533,25.459461518923,0.));
#6862 = VERTEX_POINT('',#6863);
#6863 = CARTESIAN_POINT('',(30.050266700533,25.459461518923,
    1.600050800102));
#6864 = LINE('',#6865,#6866);
#6865 = CARTESIAN_POINT('',(30.050266700533,25.459461518923,0.));
#6866 = VECTOR('',#6867,1.);
#6867 = DIRECTION('',(0.,0.,1.));
#6868 = ORIENTED_EDGE('',*,*,#6869,.T.);
#6869 = EDGE_CURVE('',#6862,#6870,#6872,.T.);
#6870 = VERTEX_POINT('',#6871);
#6871 = CARTESIAN_POINT('',(28.950241300483,25.459461518923,
    1.600050800102));
#6872 = CIRCLE('',#6873,0.550012700025);
#6873 = AXIS2_PLACEMENT_3D('',#6874,#6875,#6876);
#6874 = CARTESIAN_POINT('',(29.500254000508,25.459461518923,
    1.600050800102));
#6875 = DIRECTION('',(0.,0.,1.));
#6876 = DIRECTION('',(1.,1.110223024625E-16,-0.));
#6877 = ORIENTED_EDGE('',*,*,#6878,.F.);
#6878 = EDGE_CURVE('',#6879,#6870,#6881,.T.);
#6879 = VERTEX_POINT('',#6880);
#6880 = CARTESIAN_POINT('',(28.950241300483,25.459461518923,0.));
#6881 = LINE('',#6882,#6883);
#6882 = CARTESIAN_POINT('',(28.950241300483,25.459461518923,0.));
#6883 = VECTOR('',#6884,1.);
#6884 = DIRECTION('',(0.,0.,1.));
#6885 = ORIENTED_EDGE('',*,*,#6886,.F.);
#6886 = EDGE_CURVE('',#6860,#6879,#6887,.T.);
#6887 = CIRCLE('',#6888,0.550012700025);
#6888 = AXIS2_PLACEMENT_3D('',#6889,#6890,#6891);
#6889 = CARTESIAN_POINT('',(29.500254000508,25.459461518923,0.));
#6890 = DIRECTION('',(0.,0.,1.));
#6891 = DIRECTION('',(1.,1.110223024625E-16,-0.));
#6892 = CYLINDRICAL_SURFACE('',#6893,0.550012700025);
#6893 = AXIS2_PLACEMENT_3D('',#6894,#6895,#6896);
#6894 = CARTESIAN_POINT('',(29.500254000508,25.459461518923,0.));
#6895 = DIRECTION('',(-0.,-0.,-1.));
#6896 = DIRECTION('',(1.,1.110223024625E-16,-0.));
#6897 = ADVANCED_FACE('',(#6898),#6916,.F.);
#6898 = FACE_BOUND('',#6899,.T.);
#6899 = EDGE_LOOP('',(#6900,#6901,#6908,#6909));
#6900 = ORIENTED_EDGE('',*,*,#6878,.T.);
#6901 = ORIENTED_EDGE('',*,*,#6902,.T.);
#6902 = EDGE_CURVE('',#6870,#6862,#6903,.T.);
#6903 = CIRCLE('',#6904,0.550012700025);
#6904 = AXIS2_PLACEMENT_3D('',#6905,#6906,#6907);
#6905 = CARTESIAN_POINT('',(29.500254000508,25.459461518923,
    1.600050800102));
#6906 = DIRECTION('',(0.,0.,1.));
#6907 = DIRECTION('',(-1.,-1.110223024625E-16,0.));
#6908 = ORIENTED_EDGE('',*,*,#6859,.F.);
#6909 = ORIENTED_EDGE('',*,*,#6910,.F.);
#6910 = EDGE_CURVE('',#6879,#6860,#6911,.T.);
#6911 = CIRCLE('',#6912,0.550012700025);
#6912 = AXIS2_PLACEMENT_3D('',#6913,#6914,#6915);
#6913 = CARTESIAN_POINT('',(29.500254000508,25.459461518923,0.));
#6914 = DIRECTION('',(0.,0.,1.));
#6915 = DIRECTION('',(-1.,-1.110223024625E-16,0.));
#6916 = CYLINDRICAL_SURFACE('',#6917,0.550012700025);
#6917 = AXIS2_PLACEMENT_3D('',#6918,#6919,#6920);
#6918 = CARTESIAN_POINT('',(29.500254000508,25.459461518923,0.));
#6919 = DIRECTION('',(-0.,-0.,-1.));
#6920 = DIRECTION('',(-1.,-1.110223024625E-16,0.));
#6921 = ADVANCED_FACE('',(#6922),#6958,.F.);
#6922 = FACE_BOUND('',#6923,.T.);
#6923 = EDGE_LOOP('',(#6924,#6934,#6943,#6951));
#6924 = ORIENTED_EDGE('',*,*,#6925,.T.);
#6925 = EDGE_CURVE('',#6926,#6928,#6930,.T.);
#6926 = VERTEX_POINT('',#6927);
#6927 = CARTESIAN_POINT('',(30.050266700533,21.459461518923,0.));
#6928 = VERTEX_POINT('',#6929);
#6929 = CARTESIAN_POINT('',(30.050266700533,21.459461518923,
    1.600050800102));
#6930 = LINE('',#6931,#6932);
#6931 = CARTESIAN_POINT('',(30.050266700533,21.459461518923,0.));
#6932 = VECTOR('',#6933,1.);
#6933 = DIRECTION('',(0.,0.,1.));
#6934 = ORIENTED_EDGE('',*,*,#6935,.T.);
#6935 = EDGE_CURVE('',#6928,#6936,#6938,.T.);
#6936 = VERTEX_POINT('',#6937);
#6937 = CARTESIAN_POINT('',(28.950241300483,21.459461518923,
    1.600050800102));
#6938 = CIRCLE('',#6939,0.550012700025);
#6939 = AXIS2_PLACEMENT_3D('',#6940,#6941,#6942);
#6940 = CARTESIAN_POINT('',(29.500254000508,21.459461518923,
    1.600050800102));
#6941 = DIRECTION('',(0.,0.,1.));
#6942 = DIRECTION('',(1.,1.110223024625E-16,-0.));
#6943 = ORIENTED_EDGE('',*,*,#6944,.F.);
#6944 = EDGE_CURVE('',#6945,#6936,#6947,.T.);
#6945 = VERTEX_POINT('',#6946);
#6946 = CARTESIAN_POINT('',(28.950241300483,21.459461518923,0.));
#6947 = LINE('',#6948,#6949);
#6948 = CARTESIAN_POINT('',(28.950241300483,21.459461518923,0.));
#6949 = VECTOR('',#6950,1.);
#6950 = DIRECTION('',(0.,0.,1.));
#6951 = ORIENTED_EDGE('',*,*,#6952,.F.);
#6952 = EDGE_CURVE('',#6926,#6945,#6953,.T.);
#6953 = CIRCLE('',#6954,0.550012700025);
#6954 = AXIS2_PLACEMENT_3D('',#6955,#6956,#6957);
#6955 = CARTESIAN_POINT('',(29.500254000508,21.459461518923,0.));
#6956 = DIRECTION('',(0.,0.,1.));
#6957 = DIRECTION('',(1.,1.110223024625E-16,-0.));
#6958 = CYLINDRICAL_SURFACE('',#6959,0.550012700025);
#6959 = AXIS2_PLACEMENT_3D('',#6960,#6961,#6962);
#6960 = CARTESIAN_POINT('',(29.500254000508,21.459461518923,0.));
#6961 = DIRECTION('',(-0.,-0.,-1.));
#6962 = DIRECTION('',(1.,1.110223024625E-16,-0.));
#6963 = ADVANCED_FACE('',(#6964),#6982,.F.);
#6964 = FACE_BOUND('',#6965,.T.);
#6965 = EDGE_LOOP('',(#6966,#6967,#6974,#6975));
#6966 = ORIENTED_EDGE('',*,*,#6944,.T.);
#6967 = ORIENTED_EDGE('',*,*,#6968,.T.);
#6968 = EDGE_CURVE('',#6936,#6928,#6969,.T.);
#6969 = CIRCLE('',#6970,0.550012700025);
#6970 = AXIS2_PLACEMENT_3D('',#6971,#6972,#6973);
#6971 = CARTESIAN_POINT('',(29.500254000508,21.459461518923,
    1.600050800102));
#6972 = DIRECTION('',(0.,0.,1.));
#6973 = DIRECTION('',(-1.,-1.110223024625E-16,0.));
#6974 = ORIENTED_EDGE('',*,*,#6925,.F.);
#6975 = ORIENTED_EDGE('',*,*,#6976,.F.);
#6976 = EDGE_CURVE('',#6945,#6926,#6977,.T.);
#6977 = CIRCLE('',#6978,0.550012700025);
#6978 = AXIS2_PLACEMENT_3D('',#6979,#6980,#6981);
#6979 = CARTESIAN_POINT('',(29.500254000508,21.459461518923,0.));
#6980 = DIRECTION('',(0.,0.,1.));
#6981 = DIRECTION('',(-1.,-1.110223024625E-16,0.));
#6982 = CYLINDRICAL_SURFACE('',#6983,0.550012700025);
#6983 = AXIS2_PLACEMENT_3D('',#6984,#6985,#6986);
#6984 = CARTESIAN_POINT('',(29.500254000508,21.459461518923,0.));
#6985 = DIRECTION('',(-0.,-0.,-1.));
#6986 = DIRECTION('',(-1.,-1.110223024625E-16,0.));
#6987 = ADVANCED_FACE('',(#6988),#7024,.F.);
#6988 = FACE_BOUND('',#6989,.T.);
#6989 = EDGE_LOOP('',(#6990,#7000,#7009,#7017));
#6990 = ORIENTED_EDGE('',*,*,#6991,.T.);
#6991 = EDGE_CURVE('',#6992,#6994,#6996,.T.);
#6992 = VERTEX_POINT('',#6993);
#6993 = CARTESIAN_POINT('',(30.050266700533,23.459461518923,0.));
#6994 = VERTEX_POINT('',#6995);
#6995 = CARTESIAN_POINT('',(30.050266700533,23.459461518923,
    1.600050800102));
#6996 = LINE('',#6997,#6998);
#6997 = CARTESIAN_POINT('',(30.050266700533,23.459461518923,0.));
#6998 = VECTOR('',#6999,1.);
#6999 = DIRECTION('',(0.,0.,1.));
#7000 = ORIENTED_EDGE('',*,*,#7001,.T.);
#7001 = EDGE_CURVE('',#6994,#7002,#7004,.T.);
#7002 = VERTEX_POINT('',#7003);
#7003 = CARTESIAN_POINT('',(28.950241300483,23.459461518923,
    1.600050800102));
#7004 = CIRCLE('',#7005,0.550012700025);
#7005 = AXIS2_PLACEMENT_3D('',#7006,#7007,#7008);
#7006 = CARTESIAN_POINT('',(29.500254000508,23.459461518923,
    1.600050800102));
#7007 = DIRECTION('',(0.,0.,1.));
#7008 = DIRECTION('',(1.,1.110223024625E-16,-0.));
#7009 = ORIENTED_EDGE('',*,*,#7010,.F.);
#7010 = EDGE_CURVE('',#7011,#7002,#7013,.T.);
#7011 = VERTEX_POINT('',#7012);
#7012 = CARTESIAN_POINT('',(28.950241300483,23.459461518923,0.));
#7013 = LINE('',#7014,#7015);
#7014 = CARTESIAN_POINT('',(28.950241300483,23.459461518923,0.));
#7015 = VECTOR('',#7016,1.);
#7016 = DIRECTION('',(0.,0.,1.));
#7017 = ORIENTED_EDGE('',*,*,#7018,.F.);
#7018 = EDGE_CURVE('',#6992,#7011,#7019,.T.);
#7019 = CIRCLE('',#7020,0.550012700025);
#7020 = AXIS2_PLACEMENT_3D('',#7021,#7022,#7023);
#7021 = CARTESIAN_POINT('',(29.500254000508,23.459461518923,0.));
#7022 = DIRECTION('',(0.,0.,1.));
#7023 = DIRECTION('',(1.,1.110223024625E-16,-0.));
#7024 = CYLINDRICAL_SURFACE('',#7025,0.550012700025);
#7025 = AXIS2_PLACEMENT_3D('',#7026,#7027,#7028);
#7026 = CARTESIAN_POINT('',(29.500254000508,23.459461518923,0.));
#7027 = DIRECTION('',(-0.,-0.,-1.));
#7028 = DIRECTION('',(1.,1.110223024625E-16,-0.));
#7029 = ADVANCED_FACE('',(#7030),#7048,.F.);
#7030 = FACE_BOUND('',#7031,.T.);
#7031 = EDGE_LOOP('',(#7032,#7033,#7040,#7041));
#7032 = ORIENTED_EDGE('',*,*,#7010,.T.);
#7033 = ORIENTED_EDGE('',*,*,#7034,.T.);
#7034 = EDGE_CURVE('',#7002,#6994,#7035,.T.);
#7035 = CIRCLE('',#7036,0.550012700025);
#7036 = AXIS2_PLACEMENT_3D('',#7037,#7038,#7039);
#7037 = CARTESIAN_POINT('',(29.500254000508,23.459461518923,
    1.600050800102));
#7038 = DIRECTION('',(0.,0.,1.));
#7039 = DIRECTION('',(-1.,-1.110223024625E-16,0.));
#7040 = ORIENTED_EDGE('',*,*,#6991,.F.);
#7041 = ORIENTED_EDGE('',*,*,#7042,.F.);
#7042 = EDGE_CURVE('',#7011,#6992,#7043,.T.);
#7043 = CIRCLE('',#7044,0.550012700025);
#7044 = AXIS2_PLACEMENT_3D('',#7045,#7046,#7047);
#7045 = CARTESIAN_POINT('',(29.500254000508,23.459461518923,0.));
#7046 = DIRECTION('',(0.,0.,1.));
#7047 = DIRECTION('',(-1.,-1.110223024625E-16,0.));
#7048 = CYLINDRICAL_SURFACE('',#7049,0.550012700025);
#7049 = AXIS2_PLACEMENT_3D('',#7050,#7051,#7052);
#7050 = CARTESIAN_POINT('',(29.500254000508,23.459461518923,0.));
#7051 = DIRECTION('',(-0.,-0.,-1.));
#7052 = DIRECTION('',(-1.,-1.110223024625E-16,0.));
#7053 = ADVANCED_FACE('',(#7054),#7090,.F.);
#7054 = FACE_BOUND('',#7055,.T.);
#7055 = EDGE_LOOP('',(#7056,#7066,#7075,#7083));
#7056 = ORIENTED_EDGE('',*,*,#7057,.T.);
#7057 = EDGE_CURVE('',#7058,#7060,#7062,.T.);
#7058 = VERTEX_POINT('',#7059);
#7059 = CARTESIAN_POINT('',(30.157861315723,33.07556515113,0.));
#7060 = VERTEX_POINT('',#7061);
#7061 = CARTESIAN_POINT('',(30.157861315723,33.07556515113,
    1.600050800102));
#7062 = LINE('',#7063,#7064);
#7063 = CARTESIAN_POINT('',(30.157861315723,33.07556515113,0.));
#7064 = VECTOR('',#7065,1.);
#7065 = DIRECTION('',(0.,0.,1.));
#7066 = ORIENTED_EDGE('',*,*,#7067,.T.);
#7067 = EDGE_CURVE('',#7060,#7068,#7070,.T.);
#7068 = VERTEX_POINT('',#7069);
#7069 = CARTESIAN_POINT('',(29.057835915672,33.07556515113,
    1.600050800102));
#7070 = CIRCLE('',#7071,0.550012700025);
#7071 = AXIS2_PLACEMENT_3D('',#7072,#7073,#7074);
#7072 = CARTESIAN_POINT('',(29.607848615697,33.07556515113,
    1.600050800102));
#7073 = DIRECTION('',(0.,0.,1.));
#7074 = DIRECTION('',(1.,1.110223024625E-16,-0.));
#7075 = ORIENTED_EDGE('',*,*,#7076,.F.);
#7076 = EDGE_CURVE('',#7077,#7068,#7079,.T.);
#7077 = VERTEX_POINT('',#7078);
#7078 = CARTESIAN_POINT('',(29.057835915672,33.07556515113,0.));
#7079 = LINE('',#7080,#7081);
#7080 = CARTESIAN_POINT('',(29.057835915672,33.07556515113,0.));
#7081 = VECTOR('',#7082,1.);
#7082 = DIRECTION('',(0.,0.,1.));
#7083 = ORIENTED_EDGE('',*,*,#7084,.F.);
#7084 = EDGE_CURVE('',#7058,#7077,#7085,.T.);
#7085 = CIRCLE('',#7086,0.550012700025);
#7086 = AXIS2_PLACEMENT_3D('',#7087,#7088,#7089);
#7087 = CARTESIAN_POINT('',(29.607848615697,33.07556515113,0.));
#7088 = DIRECTION('',(0.,0.,1.));
#7089 = DIRECTION('',(1.,1.110223024625E-16,-0.));
#7090 = CYLINDRICAL_SURFACE('',#7091,0.550012700025);
#7091 = AXIS2_PLACEMENT_3D('',#7092,#7093,#7094);
#7092 = CARTESIAN_POINT('',(29.607848615697,33.07556515113,0.));
#7093 = DIRECTION('',(-0.,-0.,-1.));
#7094 = DIRECTION('',(1.,1.110223024625E-16,-0.));
#7095 = ADVANCED_FACE('',(#7096),#7114,.F.);
#7096 = FACE_BOUND('',#7097,.T.);
#7097 = EDGE_LOOP('',(#7098,#7099,#7106,#7107));
#7098 = ORIENTED_EDGE('',*,*,#7076,.T.);
#7099 = ORIENTED_EDGE('',*,*,#7100,.T.);
#7100 = EDGE_CURVE('',#7068,#7060,#7101,.T.);
#7101 = CIRCLE('',#7102,0.550012700025);
#7102 = AXIS2_PLACEMENT_3D('',#7103,#7104,#7105);
#7103 = CARTESIAN_POINT('',(29.607848615697,33.07556515113,
    1.600050800102));
#7104 = DIRECTION('',(0.,0.,1.));
#7105 = DIRECTION('',(-1.,-1.110223024625E-16,0.));
#7106 = ORIENTED_EDGE('',*,*,#7057,.F.);
#7107 = ORIENTED_EDGE('',*,*,#7108,.F.);
#7108 = EDGE_CURVE('',#7077,#7058,#7109,.T.);
#7109 = CIRCLE('',#7110,0.550012700025);
#7110 = AXIS2_PLACEMENT_3D('',#7111,#7112,#7113);
#7111 = CARTESIAN_POINT('',(29.607848615697,33.07556515113,0.));
#7112 = DIRECTION('',(0.,0.,1.));
#7113 = DIRECTION('',(-1.,-1.110223024625E-16,0.));
#7114 = CYLINDRICAL_SURFACE('',#7115,0.550012700025);
#7115 = AXIS2_PLACEMENT_3D('',#7116,#7117,#7118);
#7116 = CARTESIAN_POINT('',(29.607848615697,33.07556515113,0.));
#7117 = DIRECTION('',(-0.,-0.,-1.));
#7118 = DIRECTION('',(-1.,-1.110223024625E-16,0.));
#7119 = ADVANCED_FACE('',(#7120),#7156,.F.);
#7120 = FACE_BOUND('',#7121,.T.);
#7121 = EDGE_LOOP('',(#7122,#7132,#7141,#7149));
#7122 = ORIENTED_EDGE('',*,*,#7123,.T.);
#7123 = EDGE_CURVE('',#7124,#7126,#7128,.T.);
#7124 = VERTEX_POINT('',#7125);
#7125 = CARTESIAN_POINT('',(30.157861315723,28.575692151384,0.));
#7126 = VERTEX_POINT('',#7127);
#7127 = CARTESIAN_POINT('',(30.157861315723,28.575692151384,
    1.600050800102));
#7128 = LINE('',#7129,#7130);
#7129 = CARTESIAN_POINT('',(30.157861315723,28.575692151384,0.));
#7130 = VECTOR('',#7131,1.);
#7131 = DIRECTION('',(0.,0.,1.));
#7132 = ORIENTED_EDGE('',*,*,#7133,.T.);
#7133 = EDGE_CURVE('',#7126,#7134,#7136,.T.);
#7134 = VERTEX_POINT('',#7135);
#7135 = CARTESIAN_POINT('',(29.057835915672,28.575692151384,
    1.600050800102));
#7136 = CIRCLE('',#7137,0.550012700025);
#7137 = AXIS2_PLACEMENT_3D('',#7138,#7139,#7140);
#7138 = CARTESIAN_POINT('',(29.607848615697,28.575692151384,
    1.600050800102));
#7139 = DIRECTION('',(0.,0.,1.));
#7140 = DIRECTION('',(1.,1.110223024625E-16,-0.));
#7141 = ORIENTED_EDGE('',*,*,#7142,.F.);
#7142 = EDGE_CURVE('',#7143,#7134,#7145,.T.);
#7143 = VERTEX_POINT('',#7144);
#7144 = CARTESIAN_POINT('',(29.057835915672,28.575692151384,0.));
#7145 = LINE('',#7146,#7147);
#7146 = CARTESIAN_POINT('',(29.057835915672,28.575692151384,0.));
#7147 = VECTOR('',#7148,1.);
#7148 = DIRECTION('',(0.,0.,1.));
#7149 = ORIENTED_EDGE('',*,*,#7150,.F.);
#7150 = EDGE_CURVE('',#7124,#7143,#7151,.T.);
#7151 = CIRCLE('',#7152,0.550012700025);
#7152 = AXIS2_PLACEMENT_3D('',#7153,#7154,#7155);
#7153 = CARTESIAN_POINT('',(29.607848615697,28.575692151384,0.));
#7154 = DIRECTION('',(0.,0.,1.));
#7155 = DIRECTION('',(1.,1.110223024625E-16,-0.));
#7156 = CYLINDRICAL_SURFACE('',#7157,0.550012700025);
#7157 = AXIS2_PLACEMENT_3D('',#7158,#7159,#7160);
#7158 = CARTESIAN_POINT('',(29.607848615697,28.575692151384,0.));
#7159 = DIRECTION('',(-0.,-0.,-1.));
#7160 = DIRECTION('',(1.,1.110223024625E-16,-0.));
#7161 = ADVANCED_FACE('',(#7162),#7180,.F.);
#7162 = FACE_BOUND('',#7163,.T.);
#7163 = EDGE_LOOP('',(#7164,#7165,#7172,#7173));
#7164 = ORIENTED_EDGE('',*,*,#7142,.T.);
#7165 = ORIENTED_EDGE('',*,*,#7166,.T.);
#7166 = EDGE_CURVE('',#7134,#7126,#7167,.T.);
#7167 = CIRCLE('',#7168,0.550012700025);
#7168 = AXIS2_PLACEMENT_3D('',#7169,#7170,#7171);
#7169 = CARTESIAN_POINT('',(29.607848615697,28.575692151384,
    1.600050800102));
#7170 = DIRECTION('',(0.,0.,1.));
#7171 = DIRECTION('',(-1.,-1.110223024625E-16,0.));
#7172 = ORIENTED_EDGE('',*,*,#7123,.F.);
#7173 = ORIENTED_EDGE('',*,*,#7174,.F.);
#7174 = EDGE_CURVE('',#7143,#7124,#7175,.T.);
#7175 = CIRCLE('',#7176,0.550012700025);
#7176 = AXIS2_PLACEMENT_3D('',#7177,#7178,#7179);
#7177 = CARTESIAN_POINT('',(29.607848615697,28.575692151384,0.));
#7178 = DIRECTION('',(0.,0.,1.));
#7179 = DIRECTION('',(-1.,-1.110223024625E-16,0.));
#7180 = CYLINDRICAL_SURFACE('',#7181,0.550012700025);
#7181 = AXIS2_PLACEMENT_3D('',#7182,#7183,#7184);
#7182 = CARTESIAN_POINT('',(29.607848615697,28.575692151384,0.));
#7183 = DIRECTION('',(-0.,-0.,-1.));
#7184 = DIRECTION('',(-1.,-1.110223024625E-16,0.));
#7185 = ADVANCED_FACE('',(#7186),#7222,.F.);
#7186 = FACE_BOUND('',#7187,.T.);
#7187 = EDGE_LOOP('',(#7188,#7198,#7207,#7215));
#7188 = ORIENTED_EDGE('',*,*,#7189,.T.);
#7189 = EDGE_CURVE('',#7190,#7192,#7194,.T.);
#7190 = VERTEX_POINT('',#7191);
#7191 = CARTESIAN_POINT('',(30.227432054864,58.552197104394,0.));
#7192 = VERTEX_POINT('',#7193);
#7193 = CARTESIAN_POINT('',(30.227432054864,58.552197104394,
    1.600050800102));
#7194 = LINE('',#7195,#7196);
#7195 = CARTESIAN_POINT('',(30.227432054864,58.552197104394,0.));
#7196 = VECTOR('',#7197,1.);
#7197 = DIRECTION('',(0.,0.,1.));
#7198 = ORIENTED_EDGE('',*,*,#7199,.T.);
#7199 = EDGE_CURVE('',#7192,#7200,#7202,.T.);
#7200 = VERTEX_POINT('',#7201);
#7201 = CARTESIAN_POINT('',(29.127406654813,58.552197104394,
    1.600050800102));
#7202 = CIRCLE('',#7203,0.550012700025);
#7203 = AXIS2_PLACEMENT_3D('',#7204,#7205,#7206);
#7204 = CARTESIAN_POINT('',(29.677419354839,58.552197104394,
    1.600050800102));
#7205 = DIRECTION('',(0.,0.,1.));
#7206 = DIRECTION('',(1.,1.110223024625E-16,-0.));
#7207 = ORIENTED_EDGE('',*,*,#7208,.F.);
#7208 = EDGE_CURVE('',#7209,#7200,#7211,.T.);
#7209 = VERTEX_POINT('',#7210);
#7210 = CARTESIAN_POINT('',(29.127406654813,58.552197104394,0.));
#7211 = LINE('',#7212,#7213);
#7212 = CARTESIAN_POINT('',(29.127406654813,58.552197104394,0.));
#7213 = VECTOR('',#7214,1.);
#7214 = DIRECTION('',(0.,0.,1.));
#7215 = ORIENTED_EDGE('',*,*,#7216,.F.);
#7216 = EDGE_CURVE('',#7190,#7209,#7217,.T.);
#7217 = CIRCLE('',#7218,0.550012700025);
#7218 = AXIS2_PLACEMENT_3D('',#7219,#7220,#7221);
#7219 = CARTESIAN_POINT('',(29.677419354839,58.552197104394,0.));
#7220 = DIRECTION('',(0.,0.,1.));
#7221 = DIRECTION('',(1.,1.110223024625E-16,-0.));
#7222 = CYLINDRICAL_SURFACE('',#7223,0.550012700025);
#7223 = AXIS2_PLACEMENT_3D('',#7224,#7225,#7226);
#7224 = CARTESIAN_POINT('',(29.677419354839,58.552197104394,0.));
#7225 = DIRECTION('',(-0.,-0.,-1.));
#7226 = DIRECTION('',(1.,1.110223024625E-16,-0.));
#7227 = ADVANCED_FACE('',(#7228),#7246,.F.);
#7228 = FACE_BOUND('',#7229,.T.);
#7229 = EDGE_LOOP('',(#7230,#7231,#7238,#7239));
#7230 = ORIENTED_EDGE('',*,*,#7208,.T.);
#7231 = ORIENTED_EDGE('',*,*,#7232,.T.);
#7232 = EDGE_CURVE('',#7200,#7192,#7233,.T.);
#7233 = CIRCLE('',#7234,0.550012700025);
#7234 = AXIS2_PLACEMENT_3D('',#7235,#7236,#7237);
#7235 = CARTESIAN_POINT('',(29.677419354839,58.552197104394,
    1.600050800102));
#7236 = DIRECTION('',(0.,0.,1.));
#7237 = DIRECTION('',(-1.,-1.110223024625E-16,0.));
#7238 = ORIENTED_EDGE('',*,*,#7189,.F.);
#7239 = ORIENTED_EDGE('',*,*,#7240,.F.);
#7240 = EDGE_CURVE('',#7209,#7190,#7241,.T.);
#7241 = CIRCLE('',#7242,0.550012700025);
#7242 = AXIS2_PLACEMENT_3D('',#7243,#7244,#7245);
#7243 = CARTESIAN_POINT('',(29.677419354839,58.552197104394,0.));
#7244 = DIRECTION('',(0.,0.,1.));
#7245 = DIRECTION('',(-1.,-1.110223024625E-16,0.));
#7246 = CYLINDRICAL_SURFACE('',#7247,0.550012700025);
#7247 = AXIS2_PLACEMENT_3D('',#7248,#7249,#7250);
#7248 = CARTESIAN_POINT('',(29.677419354839,58.552197104394,0.));
#7249 = DIRECTION('',(-0.,-0.,-1.));
#7250 = DIRECTION('',(-1.,-1.110223024625E-16,0.));
#7251 = ADVANCED_FACE('',(#7252),#7288,.F.);
#7252 = FACE_BOUND('',#7253,.T.);
#7253 = EDGE_LOOP('',(#7254,#7264,#7273,#7281));
#7254 = ORIENTED_EDGE('',*,*,#7255,.T.);
#7255 = EDGE_CURVE('',#7256,#7258,#7260,.T.);
#7256 = VERTEX_POINT('',#7257);
#7257 = CARTESIAN_POINT('',(30.227432054864,56.012192024384,0.));
#7258 = VERTEX_POINT('',#7259);
#7259 = CARTESIAN_POINT('',(30.227432054864,56.012192024384,
    1.600050800102));
#7260 = LINE('',#7261,#7262);
#7261 = CARTESIAN_POINT('',(30.227432054864,56.012192024384,0.));
#7262 = VECTOR('',#7263,1.);
#7263 = DIRECTION('',(0.,0.,1.));
#7264 = ORIENTED_EDGE('',*,*,#7265,.T.);
#7265 = EDGE_CURVE('',#7258,#7266,#7268,.T.);
#7266 = VERTEX_POINT('',#7267);
#7267 = CARTESIAN_POINT('',(29.127406654813,56.012192024384,
    1.600050800102));
#7268 = CIRCLE('',#7269,0.550012700025);
#7269 = AXIS2_PLACEMENT_3D('',#7270,#7271,#7272);
#7270 = CARTESIAN_POINT('',(29.677419354839,56.012192024384,
    1.600050800102));
#7271 = DIRECTION('',(0.,0.,1.));
#7272 = DIRECTION('',(1.,1.110223024625E-16,-0.));
#7273 = ORIENTED_EDGE('',*,*,#7274,.F.);
#7274 = EDGE_CURVE('',#7275,#7266,#7277,.T.);
#7275 = VERTEX_POINT('',#7276);
#7276 = CARTESIAN_POINT('',(29.127406654813,56.012192024384,0.));
#7277 = LINE('',#7278,#7279);
#7278 = CARTESIAN_POINT('',(29.127406654813,56.012192024384,0.));
#7279 = VECTOR('',#7280,1.);
#7280 = DIRECTION('',(0.,0.,1.));
#7281 = ORIENTED_EDGE('',*,*,#7282,.F.);
#7282 = EDGE_CURVE('',#7256,#7275,#7283,.T.);
#7283 = CIRCLE('',#7284,0.550012700025);
#7284 = AXIS2_PLACEMENT_3D('',#7285,#7286,#7287);
#7285 = CARTESIAN_POINT('',(29.677419354839,56.012192024384,0.));
#7286 = DIRECTION('',(0.,0.,1.));
#7287 = DIRECTION('',(1.,1.110223024625E-16,-0.));
#7288 = CYLINDRICAL_SURFACE('',#7289,0.550012700025);
#7289 = AXIS2_PLACEMENT_3D('',#7290,#7291,#7292);
#7290 = CARTESIAN_POINT('',(29.677419354839,56.012192024384,0.));
#7291 = DIRECTION('',(-0.,-0.,-1.));
#7292 = DIRECTION('',(1.,1.110223024625E-16,-0.));
#7293 = ADVANCED_FACE('',(#7294),#7312,.F.);
#7294 = FACE_BOUND('',#7295,.T.);
#7295 = EDGE_LOOP('',(#7296,#7297,#7304,#7305));
#7296 = ORIENTED_EDGE('',*,*,#7274,.T.);
#7297 = ORIENTED_EDGE('',*,*,#7298,.T.);
#7298 = EDGE_CURVE('',#7266,#7258,#7299,.T.);
#7299 = CIRCLE('',#7300,0.550012700025);
#7300 = AXIS2_PLACEMENT_3D('',#7301,#7302,#7303);
#7301 = CARTESIAN_POINT('',(29.677419354839,56.012192024384,
    1.600050800102));
#7302 = DIRECTION('',(0.,0.,1.));
#7303 = DIRECTION('',(-1.,-1.110223024625E-16,0.));
#7304 = ORIENTED_EDGE('',*,*,#7255,.F.);
#7305 = ORIENTED_EDGE('',*,*,#7306,.F.);
#7306 = EDGE_CURVE('',#7275,#7256,#7307,.T.);
#7307 = CIRCLE('',#7308,0.550012700025);
#7308 = AXIS2_PLACEMENT_3D('',#7309,#7310,#7311);
#7309 = CARTESIAN_POINT('',(29.677419354839,56.012192024384,0.));
#7310 = DIRECTION('',(0.,0.,1.));
#7311 = DIRECTION('',(-1.,-1.110223024625E-16,0.));
#7312 = CYLINDRICAL_SURFACE('',#7313,0.550012700025);
#7313 = AXIS2_PLACEMENT_3D('',#7314,#7315,#7316);
#7314 = CARTESIAN_POINT('',(29.677419354839,56.012192024384,0.));
#7315 = DIRECTION('',(-0.,-0.,-1.));
#7316 = DIRECTION('',(-1.,-1.110223024625E-16,0.));
#7317 = ADVANCED_FACE('',(#7318),#7354,.F.);
#7318 = FACE_BOUND('',#7319,.T.);
#7319 = EDGE_LOOP('',(#7320,#7330,#7339,#7347));
#7320 = ORIENTED_EDGE('',*,*,#7321,.T.);
#7321 = EDGE_CURVE('',#7322,#7324,#7326,.T.);
#7322 = VERTEX_POINT('',#7323);
#7323 = CARTESIAN_POINT('',(31.935102870206,37.063754127508,0.));
#7324 = VERTEX_POINT('',#7325);
#7325 = CARTESIAN_POINT('',(31.935102870206,37.063754127508,
    1.600050800102));
#7326 = LINE('',#7327,#7328);
#7327 = CARTESIAN_POINT('',(31.935102870206,37.063754127508,0.));
#7328 = VECTOR('',#7329,1.);
#7329 = DIRECTION('',(0.,0.,1.));
#7330 = ORIENTED_EDGE('',*,*,#7331,.T.);
#7331 = EDGE_CURVE('',#7324,#7332,#7334,.T.);
#7332 = VERTEX_POINT('',#7333);
#7333 = CARTESIAN_POINT('',(30.935102870206,37.063754127508,
    1.600050800102));
#7334 = CIRCLE('',#7335,0.5);
#7335 = AXIS2_PLACEMENT_3D('',#7336,#7337,#7338);
#7336 = CARTESIAN_POINT('',(31.435102870206,37.063754127508,
    1.600050800102));
#7337 = DIRECTION('',(0.,0.,1.));
#7338 = DIRECTION('',(1.,1.110223024625E-16,-0.));
#7339 = ORIENTED_EDGE('',*,*,#7340,.F.);
#7340 = EDGE_CURVE('',#7341,#7332,#7343,.T.);
#7341 = VERTEX_POINT('',#7342);
#7342 = CARTESIAN_POINT('',(30.935102870206,37.063754127508,0.));
#7343 = LINE('',#7344,#7345);
#7344 = CARTESIAN_POINT('',(30.935102870206,37.063754127508,0.));
#7345 = VECTOR('',#7346,1.);
#7346 = DIRECTION('',(0.,0.,1.));
#7347 = ORIENTED_EDGE('',*,*,#7348,.F.);
#7348 = EDGE_CURVE('',#7322,#7341,#7349,.T.);
#7349 = CIRCLE('',#7350,0.5);
#7350 = AXIS2_PLACEMENT_3D('',#7351,#7352,#7353);
#7351 = CARTESIAN_POINT('',(31.435102870206,37.063754127508,0.));
#7352 = DIRECTION('',(0.,0.,1.));
#7353 = DIRECTION('',(1.,1.110223024625E-16,-0.));
#7354 = CYLINDRICAL_SURFACE('',#7355,0.5);
#7355 = AXIS2_PLACEMENT_3D('',#7356,#7357,#7358);
#7356 = CARTESIAN_POINT('',(31.435102870206,37.063754127508,0.));
#7357 = DIRECTION('',(-0.,-0.,-1.));
#7358 = DIRECTION('',(1.,1.110223024625E-16,-0.));
#7359 = ADVANCED_FACE('',(#7360),#7378,.F.);
#7360 = FACE_BOUND('',#7361,.T.);
#7361 = EDGE_LOOP('',(#7362,#7363,#7370,#7371));
#7362 = ORIENTED_EDGE('',*,*,#7340,.T.);
#7363 = ORIENTED_EDGE('',*,*,#7364,.T.);
#7364 = EDGE_CURVE('',#7332,#7324,#7365,.T.);
#7365 = CIRCLE('',#7366,0.5);
#7366 = AXIS2_PLACEMENT_3D('',#7367,#7368,#7369);
#7367 = CARTESIAN_POINT('',(31.435102870206,37.063754127508,
    1.600050800102));
#7368 = DIRECTION('',(0.,0.,1.));
#7369 = DIRECTION('',(-1.,-1.110223024625E-16,0.));
#7370 = ORIENTED_EDGE('',*,*,#7321,.F.);
#7371 = ORIENTED_EDGE('',*,*,#7372,.F.);
#7372 = EDGE_CURVE('',#7341,#7322,#7373,.T.);
#7373 = CIRCLE('',#7374,0.5);
#7374 = AXIS2_PLACEMENT_3D('',#7375,#7376,#7377);
#7375 = CARTESIAN_POINT('',(31.435102870206,37.063754127508,0.));
#7376 = DIRECTION('',(0.,0.,1.));
#7377 = DIRECTION('',(-1.,-1.110223024625E-16,0.));
#7378 = CYLINDRICAL_SURFACE('',#7379,0.5);
#7379 = AXIS2_PLACEMENT_3D('',#7380,#7381,#7382);
#7380 = CARTESIAN_POINT('',(31.435102870206,37.063754127508,0.));
#7381 = DIRECTION('',(-0.,-0.,-1.));
#7382 = DIRECTION('',(-1.,-1.110223024625E-16,0.));
#7383 = ADVANCED_FACE('',(#7384),#7420,.F.);
#7384 = FACE_BOUND('',#7385,.T.);
#7385 = EDGE_LOOP('',(#7386,#7396,#7405,#7413));
#7386 = ORIENTED_EDGE('',*,*,#7387,.T.);
#7387 = EDGE_CURVE('',#7388,#7390,#7392,.T.);
#7388 = VERTEX_POINT('',#7389);
#7389 = CARTESIAN_POINT('',(32.157861315723,28.575692151384,0.));
#7390 = VERTEX_POINT('',#7391);
#7391 = CARTESIAN_POINT('',(32.157861315723,28.575692151384,
    1.600050800102));
#7392 = LINE('',#7393,#7394);
#7393 = CARTESIAN_POINT('',(32.157861315723,28.575692151384,0.));
#7394 = VECTOR('',#7395,1.);
#7395 = DIRECTION('',(0.,0.,1.));
#7396 = ORIENTED_EDGE('',*,*,#7397,.T.);
#7397 = EDGE_CURVE('',#7390,#7398,#7400,.T.);
#7398 = VERTEX_POINT('',#7399);
#7399 = CARTESIAN_POINT('',(31.057835915672,28.575692151384,
    1.600050800102));
#7400 = CIRCLE('',#7401,0.550012700025);
#7401 = AXIS2_PLACEMENT_3D('',#7402,#7403,#7404);
#7402 = CARTESIAN_POINT('',(31.607848615697,28.575692151384,
    1.600050800102));
#7403 = DIRECTION('',(0.,0.,1.));
#7404 = DIRECTION('',(1.,1.110223024625E-16,-0.));
#7405 = ORIENTED_EDGE('',*,*,#7406,.F.);
#7406 = EDGE_CURVE('',#7407,#7398,#7409,.T.);
#7407 = VERTEX_POINT('',#7408);
#7408 = CARTESIAN_POINT('',(31.057835915672,28.575692151384,0.));
#7409 = LINE('',#7410,#7411);
#7410 = CARTESIAN_POINT('',(31.057835915672,28.575692151384,0.));
#7411 = VECTOR('',#7412,1.);
#7412 = DIRECTION('',(0.,0.,1.));
#7413 = ORIENTED_EDGE('',*,*,#7414,.F.);
#7414 = EDGE_CURVE('',#7388,#7407,#7415,.T.);
#7415 = CIRCLE('',#7416,0.550012700025);
#7416 = AXIS2_PLACEMENT_3D('',#7417,#7418,#7419);
#7417 = CARTESIAN_POINT('',(31.607848615697,28.575692151384,0.));
#7418 = DIRECTION('',(0.,0.,1.));
#7419 = DIRECTION('',(1.,1.110223024625E-16,-0.));
#7420 = CYLINDRICAL_SURFACE('',#7421,0.550012700025);
#7421 = AXIS2_PLACEMENT_3D('',#7422,#7423,#7424);
#7422 = CARTESIAN_POINT('',(31.607848615697,28.575692151384,0.));
#7423 = DIRECTION('',(-0.,-0.,-1.));
#7424 = DIRECTION('',(1.,1.110223024625E-16,-0.));
#7425 = ADVANCED_FACE('',(#7426),#7444,.F.);
#7426 = FACE_BOUND('',#7427,.T.);
#7427 = EDGE_LOOP('',(#7428,#7429,#7436,#7437));
#7428 = ORIENTED_EDGE('',*,*,#7406,.T.);
#7429 = ORIENTED_EDGE('',*,*,#7430,.T.);
#7430 = EDGE_CURVE('',#7398,#7390,#7431,.T.);
#7431 = CIRCLE('',#7432,0.550012700025);
#7432 = AXIS2_PLACEMENT_3D('',#7433,#7434,#7435);
#7433 = CARTESIAN_POINT('',(31.607848615697,28.575692151384,
    1.600050800102));
#7434 = DIRECTION('',(0.,0.,1.));
#7435 = DIRECTION('',(-1.,-1.110223024625E-16,0.));
#7436 = ORIENTED_EDGE('',*,*,#7387,.F.);
#7437 = ORIENTED_EDGE('',*,*,#7438,.F.);
#7438 = EDGE_CURVE('',#7407,#7388,#7439,.T.);
#7439 = CIRCLE('',#7440,0.550012700025);
#7440 = AXIS2_PLACEMENT_3D('',#7441,#7442,#7443);
#7441 = CARTESIAN_POINT('',(31.607848615697,28.575692151384,0.));
#7442 = DIRECTION('',(0.,0.,1.));
#7443 = DIRECTION('',(-1.,-1.110223024625E-16,0.));
#7444 = CYLINDRICAL_SURFACE('',#7445,0.550012700025);
#7445 = AXIS2_PLACEMENT_3D('',#7446,#7447,#7448);
#7446 = CARTESIAN_POINT('',(31.607848615697,28.575692151384,0.));
#7447 = DIRECTION('',(-0.,-0.,-1.));
#7448 = DIRECTION('',(-1.,-1.110223024625E-16,0.));
#7449 = ADVANCED_FACE('',(#7450),#7486,.F.);
#7450 = FACE_BOUND('',#7451,.T.);
#7451 = EDGE_LOOP('',(#7452,#7462,#7471,#7479));
#7452 = ORIENTED_EDGE('',*,*,#7453,.T.);
#7453 = EDGE_CURVE('',#7454,#7456,#7458,.T.);
#7454 = VERTEX_POINT('',#7455);
#7455 = CARTESIAN_POINT('',(32.157861315723,33.07556515113,0.));
#7456 = VERTEX_POINT('',#7457);
#7457 = CARTESIAN_POINT('',(32.157861315723,33.07556515113,
    1.600050800102));
#7458 = LINE('',#7459,#7460);
#7459 = CARTESIAN_POINT('',(32.157861315723,33.07556515113,0.));
#7460 = VECTOR('',#7461,1.);
#7461 = DIRECTION('',(0.,0.,1.));
#7462 = ORIENTED_EDGE('',*,*,#7463,.T.);
#7463 = EDGE_CURVE('',#7456,#7464,#7466,.T.);
#7464 = VERTEX_POINT('',#7465);
#7465 = CARTESIAN_POINT('',(31.057835915672,33.07556515113,
    1.600050800102));
#7466 = CIRCLE('',#7467,0.550012700025);
#7467 = AXIS2_PLACEMENT_3D('',#7468,#7469,#7470);
#7468 = CARTESIAN_POINT('',(31.607848615697,33.07556515113,
    1.600050800102));
#7469 = DIRECTION('',(0.,0.,1.));
#7470 = DIRECTION('',(1.,1.110223024625E-16,-0.));
#7471 = ORIENTED_EDGE('',*,*,#7472,.F.);
#7472 = EDGE_CURVE('',#7473,#7464,#7475,.T.);
#7473 = VERTEX_POINT('',#7474);
#7474 = CARTESIAN_POINT('',(31.057835915672,33.07556515113,0.));
#7475 = LINE('',#7476,#7477);
#7476 = CARTESIAN_POINT('',(31.057835915672,33.07556515113,0.));
#7477 = VECTOR('',#7478,1.);
#7478 = DIRECTION('',(0.,0.,1.));
#7479 = ORIENTED_EDGE('',*,*,#7480,.F.);
#7480 = EDGE_CURVE('',#7454,#7473,#7481,.T.);
#7481 = CIRCLE('',#7482,0.550012700025);
#7482 = AXIS2_PLACEMENT_3D('',#7483,#7484,#7485);
#7483 = CARTESIAN_POINT('',(31.607848615697,33.07556515113,0.));
#7484 = DIRECTION('',(0.,0.,1.));
#7485 = DIRECTION('',(1.,1.110223024625E-16,-0.));
#7486 = CYLINDRICAL_SURFACE('',#7487,0.550012700025);
#7487 = AXIS2_PLACEMENT_3D('',#7488,#7489,#7490);
#7488 = CARTESIAN_POINT('',(31.607848615697,33.07556515113,0.));
#7489 = DIRECTION('',(-0.,-0.,-1.));
#7490 = DIRECTION('',(1.,1.110223024625E-16,-0.));
#7491 = ADVANCED_FACE('',(#7492),#7510,.F.);
#7492 = FACE_BOUND('',#7493,.T.);
#7493 = EDGE_LOOP('',(#7494,#7495,#7502,#7503));
#7494 = ORIENTED_EDGE('',*,*,#7472,.T.);
#7495 = ORIENTED_EDGE('',*,*,#7496,.T.);
#7496 = EDGE_CURVE('',#7464,#7456,#7497,.T.);
#7497 = CIRCLE('',#7498,0.550012700025);
#7498 = AXIS2_PLACEMENT_3D('',#7499,#7500,#7501);
#7499 = CARTESIAN_POINT('',(31.607848615697,33.07556515113,
    1.600050800102));
#7500 = DIRECTION('',(0.,0.,1.));
#7501 = DIRECTION('',(-1.,-1.110223024625E-16,0.));
#7502 = ORIENTED_EDGE('',*,*,#7453,.F.);
#7503 = ORIENTED_EDGE('',*,*,#7504,.F.);
#7504 = EDGE_CURVE('',#7473,#7454,#7505,.T.);
#7505 = CIRCLE('',#7506,0.550012700025);
#7506 = AXIS2_PLACEMENT_3D('',#7507,#7508,#7509);
#7507 = CARTESIAN_POINT('',(31.607848615697,33.07556515113,0.));
#7508 = DIRECTION('',(0.,0.,1.));
#7509 = DIRECTION('',(-1.,-1.110223024625E-16,0.));
#7510 = CYLINDRICAL_SURFACE('',#7511,0.550012700025);
#7511 = AXIS2_PLACEMENT_3D('',#7512,#7513,#7514);
#7512 = CARTESIAN_POINT('',(31.607848615697,33.07556515113,0.));
#7513 = DIRECTION('',(-0.,-0.,-1.));
#7514 = DIRECTION('',(-1.,-1.110223024625E-16,0.));
#7515 = ADVANCED_FACE('',(#7516),#7552,.F.);
#7516 = FACE_BOUND('',#7517,.T.);
#7517 = EDGE_LOOP('',(#7518,#7528,#7537,#7545));
#7518 = ORIENTED_EDGE('',*,*,#7519,.T.);
#7519 = EDGE_CURVE('',#7520,#7522,#7524,.T.);
#7520 = VERTEX_POINT('',#7521);
#7521 = CARTESIAN_POINT('',(33.105537211074,5.288290576581,0.));
#7522 = VERTEX_POINT('',#7523);
#7523 = CARTESIAN_POINT('',(33.105537211074,5.288290576581,
    1.600050800102));
#7524 = LINE('',#7525,#7526);
#7525 = CARTESIAN_POINT('',(33.105537211074,5.288290576581,0.));
#7526 = VECTOR('',#7527,1.);
#7527 = DIRECTION('',(0.,0.,1.));
#7528 = ORIENTED_EDGE('',*,*,#7529,.T.);
#7529 = EDGE_CURVE('',#7522,#7530,#7532,.T.);
#7530 = VERTEX_POINT('',#7531);
#7531 = CARTESIAN_POINT('',(32.4555499111,5.288290576581,1.600050800102)
  );
#7532 = CIRCLE('',#7533,0.324993649987);
#7533 = AXIS2_PLACEMENT_3D('',#7534,#7535,#7536);
#7534 = CARTESIAN_POINT('',(32.780543561087,5.288290576581,
    1.600050800102));
#7535 = DIRECTION('',(0.,0.,1.));
#7536 = DIRECTION('',(1.,1.110223024625E-16,-0.));
#7537 = ORIENTED_EDGE('',*,*,#7538,.F.);
#7538 = EDGE_CURVE('',#7539,#7530,#7541,.T.);
#7539 = VERTEX_POINT('',#7540);
#7540 = CARTESIAN_POINT('',(32.4555499111,5.288290576581,0.));
#7541 = LINE('',#7542,#7543);
#7542 = CARTESIAN_POINT('',(32.4555499111,5.288290576581,0.));
#7543 = VECTOR('',#7544,1.);
#7544 = DIRECTION('',(0.,0.,1.));
#7545 = ORIENTED_EDGE('',*,*,#7546,.F.);
#7546 = EDGE_CURVE('',#7520,#7539,#7547,.T.);
#7547 = CIRCLE('',#7548,0.324993649987);
#7548 = AXIS2_PLACEMENT_3D('',#7549,#7550,#7551);
#7549 = CARTESIAN_POINT('',(32.780543561087,5.288290576581,0.));
#7550 = DIRECTION('',(0.,0.,1.));
#7551 = DIRECTION('',(1.,1.110223024625E-16,-0.));
#7552 = CYLINDRICAL_SURFACE('',#7553,0.324993649987);
#7553 = AXIS2_PLACEMENT_3D('',#7554,#7555,#7556);
#7554 = CARTESIAN_POINT('',(32.780543561087,5.288290576581,0.));
#7555 = DIRECTION('',(-0.,-0.,-1.));
#7556 = DIRECTION('',(1.,1.110223024625E-16,-0.));
#7557 = ADVANCED_FACE('',(#7558),#7576,.F.);
#7558 = FACE_BOUND('',#7559,.T.);
#7559 = EDGE_LOOP('',(#7560,#7561,#7568,#7569));
#7560 = ORIENTED_EDGE('',*,*,#7538,.T.);
#7561 = ORIENTED_EDGE('',*,*,#7562,.T.);
#7562 = EDGE_CURVE('',#7530,#7522,#7563,.T.);
#7563 = CIRCLE('',#7564,0.324993649987);
#7564 = AXIS2_PLACEMENT_3D('',#7565,#7566,#7567);
#7565 = CARTESIAN_POINT('',(32.780543561087,5.288290576581,
    1.600050800102));
#7566 = DIRECTION('',(0.,0.,1.));
#7567 = DIRECTION('',(-1.,-1.110223024625E-16,0.));
#7568 = ORIENTED_EDGE('',*,*,#7519,.F.);
#7569 = ORIENTED_EDGE('',*,*,#7570,.F.);
#7570 = EDGE_CURVE('',#7539,#7520,#7571,.T.);
#7571 = CIRCLE('',#7572,0.324993649987);
#7572 = AXIS2_PLACEMENT_3D('',#7573,#7574,#7575);
#7573 = CARTESIAN_POINT('',(32.780543561087,5.288290576581,0.));
#7574 = DIRECTION('',(0.,0.,1.));
#7575 = DIRECTION('',(-1.,-1.110223024625E-16,0.));
#7576 = CYLINDRICAL_SURFACE('',#7577,0.324993649987);
#7577 = AXIS2_PLACEMENT_3D('',#7578,#7579,#7580);
#7578 = CARTESIAN_POINT('',(32.780543561087,5.288290576581,0.));
#7579 = DIRECTION('',(-0.,-0.,-1.));
#7580 = DIRECTION('',(-1.,-1.110223024625E-16,0.));
#7581 = ADVANCED_FACE('',(#7582),#7618,.F.);
#7582 = FACE_BOUND('',#7583,.T.);
#7583 = EDGE_LOOP('',(#7584,#7594,#7603,#7611));
#7584 = ORIENTED_EDGE('',*,*,#7585,.T.);
#7585 = EDGE_CURVE('',#7586,#7588,#7590,.T.);
#7586 = VERTEX_POINT('',#7587);
#7587 = CARTESIAN_POINT('',(34.157861315723,33.07556515113,0.));
#7588 = VERTEX_POINT('',#7589);
#7589 = CARTESIAN_POINT('',(34.157861315723,33.07556515113,
    1.600050800102));
#7590 = LINE('',#7591,#7592);
#7591 = CARTESIAN_POINT('',(34.157861315723,33.07556515113,0.));
#7592 = VECTOR('',#7593,1.);
#7593 = DIRECTION('',(0.,0.,1.));
#7594 = ORIENTED_EDGE('',*,*,#7595,.T.);
#7595 = EDGE_CURVE('',#7588,#7596,#7598,.T.);
#7596 = VERTEX_POINT('',#7597);
#7597 = CARTESIAN_POINT('',(33.057835915672,33.07556515113,
    1.600050800102));
#7598 = CIRCLE('',#7599,0.550012700025);
#7599 = AXIS2_PLACEMENT_3D('',#7600,#7601,#7602);
#7600 = CARTESIAN_POINT('',(33.607848615697,33.07556515113,
    1.600050800102));
#7601 = DIRECTION('',(0.,0.,1.));
#7602 = DIRECTION('',(1.,1.110223024625E-16,-0.));
#7603 = ORIENTED_EDGE('',*,*,#7604,.F.);
#7604 = EDGE_CURVE('',#7605,#7596,#7607,.T.);
#7605 = VERTEX_POINT('',#7606);
#7606 = CARTESIAN_POINT('',(33.057835915672,33.07556515113,0.));
#7607 = LINE('',#7608,#7609);
#7608 = CARTESIAN_POINT('',(33.057835915672,33.07556515113,0.));
#7609 = VECTOR('',#7610,1.);
#7610 = DIRECTION('',(0.,0.,1.));
#7611 = ORIENTED_EDGE('',*,*,#7612,.F.);
#7612 = EDGE_CURVE('',#7586,#7605,#7613,.T.);
#7613 = CIRCLE('',#7614,0.550012700025);
#7614 = AXIS2_PLACEMENT_3D('',#7615,#7616,#7617);
#7615 = CARTESIAN_POINT('',(33.607848615697,33.07556515113,0.));
#7616 = DIRECTION('',(0.,0.,1.));
#7617 = DIRECTION('',(1.,1.110223024625E-16,-0.));
#7618 = CYLINDRICAL_SURFACE('',#7619,0.550012700025);
#7619 = AXIS2_PLACEMENT_3D('',#7620,#7621,#7622);
#7620 = CARTESIAN_POINT('',(33.607848615697,33.07556515113,0.));
#7621 = DIRECTION('',(-0.,-0.,-1.));
#7622 = DIRECTION('',(1.,1.110223024625E-16,-0.));
#7623 = ADVANCED_FACE('',(#7624),#7642,.F.);
#7624 = FACE_BOUND('',#7625,.T.);
#7625 = EDGE_LOOP('',(#7626,#7627,#7634,#7635));
#7626 = ORIENTED_EDGE('',*,*,#7604,.T.);
#7627 = ORIENTED_EDGE('',*,*,#7628,.T.);
#7628 = EDGE_CURVE('',#7596,#7588,#7629,.T.);
#7629 = CIRCLE('',#7630,0.550012700025);
#7630 = AXIS2_PLACEMENT_3D('',#7631,#7632,#7633);
#7631 = CARTESIAN_POINT('',(33.607848615697,33.07556515113,
    1.600050800102));
#7632 = DIRECTION('',(0.,0.,1.));
#7633 = DIRECTION('',(-1.,-1.110223024625E-16,0.));
#7634 = ORIENTED_EDGE('',*,*,#7585,.F.);
#7635 = ORIENTED_EDGE('',*,*,#7636,.F.);
#7636 = EDGE_CURVE('',#7605,#7586,#7637,.T.);
#7637 = CIRCLE('',#7638,0.550012700025);
#7638 = AXIS2_PLACEMENT_3D('',#7639,#7640,#7641);
#7639 = CARTESIAN_POINT('',(33.607848615697,33.07556515113,0.));
#7640 = DIRECTION('',(0.,0.,1.));
#7641 = DIRECTION('',(-1.,-1.110223024625E-16,0.));
#7642 = CYLINDRICAL_SURFACE('',#7643,0.550012700025);
#7643 = AXIS2_PLACEMENT_3D('',#7644,#7645,#7646);
#7644 = CARTESIAN_POINT('',(33.607848615697,33.07556515113,0.));
#7645 = DIRECTION('',(-0.,-0.,-1.));
#7646 = DIRECTION('',(-1.,-1.110223024625E-16,0.));
#7647 = ADVANCED_FACE('',(#7648),#7684,.F.);
#7648 = FACE_BOUND('',#7649,.T.);
#7649 = EDGE_LOOP('',(#7650,#7660,#7669,#7677));
#7650 = ORIENTED_EDGE('',*,*,#7651,.T.);
#7651 = EDGE_CURVE('',#7652,#7654,#7656,.T.);
#7652 = VERTEX_POINT('',#7653);
#7653 = CARTESIAN_POINT('',(34.157861315723,28.575692151384,0.));
#7654 = VERTEX_POINT('',#7655);
#7655 = CARTESIAN_POINT('',(34.157861315723,28.575692151384,
    1.600050800102));
#7656 = LINE('',#7657,#7658);
#7657 = CARTESIAN_POINT('',(34.157861315723,28.575692151384,0.));
#7658 = VECTOR('',#7659,1.);
#7659 = DIRECTION('',(0.,0.,1.));
#7660 = ORIENTED_EDGE('',*,*,#7661,.T.);
#7661 = EDGE_CURVE('',#7654,#7662,#7664,.T.);
#7662 = VERTEX_POINT('',#7663);
#7663 = CARTESIAN_POINT('',(33.057835915672,28.575692151384,
    1.600050800102));
#7664 = CIRCLE('',#7665,0.550012700025);
#7665 = AXIS2_PLACEMENT_3D('',#7666,#7667,#7668);
#7666 = CARTESIAN_POINT('',(33.607848615697,28.575692151384,
    1.600050800102));
#7667 = DIRECTION('',(0.,0.,1.));
#7668 = DIRECTION('',(1.,1.110223024625E-16,-0.));
#7669 = ORIENTED_EDGE('',*,*,#7670,.F.);
#7670 = EDGE_CURVE('',#7671,#7662,#7673,.T.);
#7671 = VERTEX_POINT('',#7672);
#7672 = CARTESIAN_POINT('',(33.057835915672,28.575692151384,0.));
#7673 = LINE('',#7674,#7675);
#7674 = CARTESIAN_POINT('',(33.057835915672,28.575692151384,0.));
#7675 = VECTOR('',#7676,1.);
#7676 = DIRECTION('',(0.,0.,1.));
#7677 = ORIENTED_EDGE('',*,*,#7678,.F.);
#7678 = EDGE_CURVE('',#7652,#7671,#7679,.T.);
#7679 = CIRCLE('',#7680,0.550012700025);
#7680 = AXIS2_PLACEMENT_3D('',#7681,#7682,#7683);
#7681 = CARTESIAN_POINT('',(33.607848615697,28.575692151384,0.));
#7682 = DIRECTION('',(0.,0.,1.));
#7683 = DIRECTION('',(1.,1.110223024625E-16,-0.));
#7684 = CYLINDRICAL_SURFACE('',#7685,0.550012700025);
#7685 = AXIS2_PLACEMENT_3D('',#7686,#7687,#7688);
#7686 = CARTESIAN_POINT('',(33.607848615697,28.575692151384,0.));
#7687 = DIRECTION('',(-0.,-0.,-1.));
#7688 = DIRECTION('',(1.,1.110223024625E-16,-0.));
#7689 = ADVANCED_FACE('',(#7690),#7708,.F.);
#7690 = FACE_BOUND('',#7691,.T.);
#7691 = EDGE_LOOP('',(#7692,#7693,#7700,#7701));
#7692 = ORIENTED_EDGE('',*,*,#7670,.T.);
#7693 = ORIENTED_EDGE('',*,*,#7694,.T.);
#7694 = EDGE_CURVE('',#7662,#7654,#7695,.T.);
#7695 = CIRCLE('',#7696,0.550012700025);
#7696 = AXIS2_PLACEMENT_3D('',#7697,#7698,#7699);
#7697 = CARTESIAN_POINT('',(33.607848615697,28.575692151384,
    1.600050800102));
#7698 = DIRECTION('',(0.,0.,1.));
#7699 = DIRECTION('',(-1.,-1.110223024625E-16,0.));
#7700 = ORIENTED_EDGE('',*,*,#7651,.F.);
#7701 = ORIENTED_EDGE('',*,*,#7702,.F.);
#7702 = EDGE_CURVE('',#7671,#7652,#7703,.T.);
#7703 = CIRCLE('',#7704,0.550012700025);
#7704 = AXIS2_PLACEMENT_3D('',#7705,#7706,#7707);
#7705 = CARTESIAN_POINT('',(33.607848615697,28.575692151384,0.));
#7706 = DIRECTION('',(0.,0.,1.));
#7707 = DIRECTION('',(-1.,-1.110223024625E-16,0.));
#7708 = CYLINDRICAL_SURFACE('',#7709,0.550012700025);
#7709 = AXIS2_PLACEMENT_3D('',#7710,#7711,#7712);
#7710 = CARTESIAN_POINT('',(33.607848615697,28.575692151384,0.));
#7711 = DIRECTION('',(-0.,-0.,-1.));
#7712 = DIRECTION('',(-1.,-1.110223024625E-16,0.));
#7713 = ADVANCED_FACE('',(#7714),#7750,.F.);
#7714 = FACE_BOUND('',#7715,.T.);
#7715 = EDGE_LOOP('',(#7716,#7726,#7735,#7743));
#7716 = ORIENTED_EDGE('',*,*,#7717,.T.);
#7717 = EDGE_CURVE('',#7718,#7720,#7722,.T.);
#7718 = VERTEX_POINT('',#7719);
#7719 = CARTESIAN_POINT('',(34.550139700279,23.459461518923,0.));
#7720 = VERTEX_POINT('',#7721);
#7721 = CARTESIAN_POINT('',(34.550139700279,23.459461518923,
    1.600050800102));
#7722 = LINE('',#7723,#7724);
#7723 = CARTESIAN_POINT('',(34.550139700279,23.459461518923,0.));
#7724 = VECTOR('',#7725,1.);
#7725 = DIRECTION('',(0.,0.,1.));
#7726 = ORIENTED_EDGE('',*,*,#7727,.T.);
#7727 = EDGE_CURVE('',#7720,#7728,#7730,.T.);
#7728 = VERTEX_POINT('',#7729);
#7729 = CARTESIAN_POINT('',(33.450114300229,23.459461518923,
    1.600050800102));
#7730 = CIRCLE('',#7731,0.550012700025);
#7731 = AXIS2_PLACEMENT_3D('',#7732,#7733,#7734);
#7732 = CARTESIAN_POINT('',(34.000127000254,23.459461518923,
    1.600050800102));
#7733 = DIRECTION('',(0.,0.,1.));
#7734 = DIRECTION('',(1.,1.110223024625E-16,-0.));
#7735 = ORIENTED_EDGE('',*,*,#7736,.F.);
#7736 = EDGE_CURVE('',#7737,#7728,#7739,.T.);
#7737 = VERTEX_POINT('',#7738);
#7738 = CARTESIAN_POINT('',(33.450114300229,23.459461518923,0.));
#7739 = LINE('',#7740,#7741);
#7740 = CARTESIAN_POINT('',(33.450114300229,23.459461518923,0.));
#7741 = VECTOR('',#7742,1.);
#7742 = DIRECTION('',(0.,0.,1.));
#7743 = ORIENTED_EDGE('',*,*,#7744,.F.);
#7744 = EDGE_CURVE('',#7718,#7737,#7745,.T.);
#7745 = CIRCLE('',#7746,0.550012700025);
#7746 = AXIS2_PLACEMENT_3D('',#7747,#7748,#7749);
#7747 = CARTESIAN_POINT('',(34.000127000254,23.459461518923,0.));
#7748 = DIRECTION('',(0.,0.,1.));
#7749 = DIRECTION('',(1.,1.110223024625E-16,-0.));
#7750 = CYLINDRICAL_SURFACE('',#7751,0.550012700025);
#7751 = AXIS2_PLACEMENT_3D('',#7752,#7753,#7754);
#7752 = CARTESIAN_POINT('',(34.000127000254,23.459461518923,0.));
#7753 = DIRECTION('',(-0.,-0.,-1.));
#7754 = DIRECTION('',(1.,1.110223024625E-16,-0.));
#7755 = ADVANCED_FACE('',(#7756),#7774,.F.);
#7756 = FACE_BOUND('',#7757,.T.);
#7757 = EDGE_LOOP('',(#7758,#7759,#7766,#7767));
#7758 = ORIENTED_EDGE('',*,*,#7736,.T.);
#7759 = ORIENTED_EDGE('',*,*,#7760,.T.);
#7760 = EDGE_CURVE('',#7728,#7720,#7761,.T.);
#7761 = CIRCLE('',#7762,0.550012700025);
#7762 = AXIS2_PLACEMENT_3D('',#7763,#7764,#7765);
#7763 = CARTESIAN_POINT('',(34.000127000254,23.459461518923,
    1.600050800102));
#7764 = DIRECTION('',(0.,0.,1.));
#7765 = DIRECTION('',(-1.,-1.110223024625E-16,0.));
#7766 = ORIENTED_EDGE('',*,*,#7717,.F.);
#7767 = ORIENTED_EDGE('',*,*,#7768,.F.);
#7768 = EDGE_CURVE('',#7737,#7718,#7769,.T.);
#7769 = CIRCLE('',#7770,0.550012700025);
#7770 = AXIS2_PLACEMENT_3D('',#7771,#7772,#7773);
#7771 = CARTESIAN_POINT('',(34.000127000254,23.459461518923,0.));
#7772 = DIRECTION('',(0.,0.,1.));
#7773 = DIRECTION('',(-1.,-1.110223024625E-16,0.));
#7774 = CYLINDRICAL_SURFACE('',#7775,0.550012700025);
#7775 = AXIS2_PLACEMENT_3D('',#7776,#7777,#7778);
#7776 = CARTESIAN_POINT('',(34.000127000254,23.459461518923,0.));
#7777 = DIRECTION('',(-0.,-0.,-1.));
#7778 = DIRECTION('',(-1.,-1.110223024625E-16,0.));
#7779 = ADVANCED_FACE('',(#7780),#7816,.F.);
#7780 = FACE_BOUND('',#7781,.T.);
#7781 = EDGE_LOOP('',(#7782,#7792,#7801,#7809));
#7782 = ORIENTED_EDGE('',*,*,#7783,.T.);
#7783 = EDGE_CURVE('',#7784,#7786,#7788,.T.);
#7784 = VERTEX_POINT('',#7785);
#7785 = CARTESIAN_POINT('',(34.550139700279,21.459461518923,0.));
#7786 = VERTEX_POINT('',#7787);
#7787 = CARTESIAN_POINT('',(34.550139700279,21.459461518923,
    1.600050800102));
#7788 = LINE('',#7789,#7790);
#7789 = CARTESIAN_POINT('',(34.550139700279,21.459461518923,0.));
#7790 = VECTOR('',#7791,1.);
#7791 = DIRECTION('',(0.,0.,1.));
#7792 = ORIENTED_EDGE('',*,*,#7793,.T.);
#7793 = EDGE_CURVE('',#7786,#7794,#7796,.T.);
#7794 = VERTEX_POINT('',#7795);
#7795 = CARTESIAN_POINT('',(33.450114300229,21.459461518923,
    1.600050800102));
#7796 = CIRCLE('',#7797,0.550012700025);
#7797 = AXIS2_PLACEMENT_3D('',#7798,#7799,#7800);
#7798 = CARTESIAN_POINT('',(34.000127000254,21.459461518923,
    1.600050800102));
#7799 = DIRECTION('',(0.,0.,1.));
#7800 = DIRECTION('',(1.,1.110223024625E-16,-0.));
#7801 = ORIENTED_EDGE('',*,*,#7802,.F.);
#7802 = EDGE_CURVE('',#7803,#7794,#7805,.T.);
#7803 = VERTEX_POINT('',#7804);
#7804 = CARTESIAN_POINT('',(33.450114300229,21.459461518923,0.));
#7805 = LINE('',#7806,#7807);
#7806 = CARTESIAN_POINT('',(33.450114300229,21.459461518923,0.));
#7807 = VECTOR('',#7808,1.);
#7808 = DIRECTION('',(0.,0.,1.));
#7809 = ORIENTED_EDGE('',*,*,#7810,.F.);
#7810 = EDGE_CURVE('',#7784,#7803,#7811,.T.);
#7811 = CIRCLE('',#7812,0.550012700025);
#7812 = AXIS2_PLACEMENT_3D('',#7813,#7814,#7815);
#7813 = CARTESIAN_POINT('',(34.000127000254,21.459461518923,0.));
#7814 = DIRECTION('',(0.,0.,1.));
#7815 = DIRECTION('',(1.,1.110223024625E-16,-0.));
#7816 = CYLINDRICAL_SURFACE('',#7817,0.550012700025);
#7817 = AXIS2_PLACEMENT_3D('',#7818,#7819,#7820);
#7818 = CARTESIAN_POINT('',(34.000127000254,21.459461518923,0.));
#7819 = DIRECTION('',(-0.,-0.,-1.));
#7820 = DIRECTION('',(1.,1.110223024625E-16,-0.));
#7821 = ADVANCED_FACE('',(#7822),#7840,.F.);
#7822 = FACE_BOUND('',#7823,.T.);
#7823 = EDGE_LOOP('',(#7824,#7825,#7832,#7833));
#7824 = ORIENTED_EDGE('',*,*,#7802,.T.);
#7825 = ORIENTED_EDGE('',*,*,#7826,.T.);
#7826 = EDGE_CURVE('',#7794,#7786,#7827,.T.);
#7827 = CIRCLE('',#7828,0.550012700025);
#7828 = AXIS2_PLACEMENT_3D('',#7829,#7830,#7831);
#7829 = CARTESIAN_POINT('',(34.000127000254,21.459461518923,
    1.600050800102));
#7830 = DIRECTION('',(0.,0.,1.));
#7831 = DIRECTION('',(-1.,-1.110223024625E-16,0.));
#7832 = ORIENTED_EDGE('',*,*,#7783,.F.);
#7833 = ORIENTED_EDGE('',*,*,#7834,.F.);
#7834 = EDGE_CURVE('',#7803,#7784,#7835,.T.);
#7835 = CIRCLE('',#7836,0.550012700025);
#7836 = AXIS2_PLACEMENT_3D('',#7837,#7838,#7839);
#7837 = CARTESIAN_POINT('',(34.000127000254,21.459461518923,0.));
#7838 = DIRECTION('',(0.,0.,1.));
#7839 = DIRECTION('',(-1.,-1.110223024625E-16,0.));
#7840 = CYLINDRICAL_SURFACE('',#7841,0.550012700025);
#7841 = AXIS2_PLACEMENT_3D('',#7842,#7843,#7844);
#7842 = CARTESIAN_POINT('',(34.000127000254,21.459461518923,0.));
#7843 = DIRECTION('',(-0.,-0.,-1.));
#7844 = DIRECTION('',(-1.,-1.110223024625E-16,0.));
#7845 = ADVANCED_FACE('',(#7846),#7882,.F.);
#7846 = FACE_BOUND('',#7847,.T.);
#7847 = EDGE_LOOP('',(#7848,#7858,#7867,#7875));
#7848 = ORIENTED_EDGE('',*,*,#7849,.T.);
#7849 = EDGE_CURVE('',#7850,#7852,#7854,.T.);
#7850 = VERTEX_POINT('',#7851);
#7851 = CARTESIAN_POINT('',(34.550139700279,25.459461518923,0.));
#7852 = VERTEX_POINT('',#7853);
#7853 = CARTESIAN_POINT('',(34.550139700279,25.459461518923,
    1.600050800102));
#7854 = LINE('',#7855,#7856);
#7855 = CARTESIAN_POINT('',(34.550139700279,25.459461518923,0.));
#7856 = VECTOR('',#7857,1.);
#7857 = DIRECTION('',(0.,0.,1.));
#7858 = ORIENTED_EDGE('',*,*,#7859,.T.);
#7859 = EDGE_CURVE('',#7852,#7860,#7862,.T.);
#7860 = VERTEX_POINT('',#7861);
#7861 = CARTESIAN_POINT('',(33.450114300229,25.459461518923,
    1.600050800102));
#7862 = CIRCLE('',#7863,0.550012700025);
#7863 = AXIS2_PLACEMENT_3D('',#7864,#7865,#7866);
#7864 = CARTESIAN_POINT('',(34.000127000254,25.459461518923,
    1.600050800102));
#7865 = DIRECTION('',(0.,0.,1.));
#7866 = DIRECTION('',(1.,1.110223024625E-16,-0.));
#7867 = ORIENTED_EDGE('',*,*,#7868,.F.);
#7868 = EDGE_CURVE('',#7869,#7860,#7871,.T.);
#7869 = VERTEX_POINT('',#7870);
#7870 = CARTESIAN_POINT('',(33.450114300229,25.459461518923,0.));
#7871 = LINE('',#7872,#7873);
#7872 = CARTESIAN_POINT('',(33.450114300229,25.459461518923,0.));
#7873 = VECTOR('',#7874,1.);
#7874 = DIRECTION('',(0.,0.,1.));
#7875 = ORIENTED_EDGE('',*,*,#7876,.F.);
#7876 = EDGE_CURVE('',#7850,#7869,#7877,.T.);
#7877 = CIRCLE('',#7878,0.550012700025);
#7878 = AXIS2_PLACEMENT_3D('',#7879,#7880,#7881);
#7879 = CARTESIAN_POINT('',(34.000127000254,25.459461518923,0.));
#7880 = DIRECTION('',(0.,0.,1.));
#7881 = DIRECTION('',(1.,1.110223024625E-16,-0.));
#7882 = CYLINDRICAL_SURFACE('',#7883,0.550012700025);
#7883 = AXIS2_PLACEMENT_3D('',#7884,#7885,#7886);
#7884 = CARTESIAN_POINT('',(34.000127000254,25.459461518923,0.));
#7885 = DIRECTION('',(-0.,-0.,-1.));
#7886 = DIRECTION('',(1.,1.110223024625E-16,-0.));
#7887 = ADVANCED_FACE('',(#7888),#7906,.F.);
#7888 = FACE_BOUND('',#7889,.T.);
#7889 = EDGE_LOOP('',(#7890,#7891,#7898,#7899));
#7890 = ORIENTED_EDGE('',*,*,#7868,.T.);
#7891 = ORIENTED_EDGE('',*,*,#7892,.T.);
#7892 = EDGE_CURVE('',#7860,#7852,#7893,.T.);
#7893 = CIRCLE('',#7894,0.550012700025);
#7894 = AXIS2_PLACEMENT_3D('',#7895,#7896,#7897);
#7895 = CARTESIAN_POINT('',(34.000127000254,25.459461518923,
    1.600050800102));
#7896 = DIRECTION('',(0.,0.,1.));
#7897 = DIRECTION('',(-1.,-1.110223024625E-16,0.));
#7898 = ORIENTED_EDGE('',*,*,#7849,.F.);
#7899 = ORIENTED_EDGE('',*,*,#7900,.F.);
#7900 = EDGE_CURVE('',#7869,#7850,#7901,.T.);
#7901 = CIRCLE('',#7902,0.550012700025);
#7902 = AXIS2_PLACEMENT_3D('',#7903,#7904,#7905);
#7903 = CARTESIAN_POINT('',(34.000127000254,25.459461518923,0.));
#7904 = DIRECTION('',(0.,0.,1.));
#7905 = DIRECTION('',(-1.,-1.110223024625E-16,0.));
#7906 = CYLINDRICAL_SURFACE('',#7907,0.550012700025);
#7907 = AXIS2_PLACEMENT_3D('',#7908,#7909,#7910);
#7908 = CARTESIAN_POINT('',(34.000127000254,25.459461518923,0.));
#7909 = DIRECTION('',(-0.,-0.,-1.));
#7910 = DIRECTION('',(-1.,-1.110223024625E-16,0.));
#7911 = ADVANCED_FACE('',(#7912),#7948,.F.);
#7912 = FACE_BOUND('',#7913,.T.);
#7913 = EDGE_LOOP('',(#7914,#7924,#7933,#7941));
#7914 = ORIENTED_EDGE('',*,*,#7915,.T.);
#7915 = EDGE_CURVE('',#7916,#7918,#7920,.T.);
#7916 = VERTEX_POINT('',#7917);
#7917 = CARTESIAN_POINT('',(34.475107950216,37.063754127508,0.));
#7918 = VERTEX_POINT('',#7919);
#7919 = CARTESIAN_POINT('',(34.475107950216,37.063754127508,
    1.600050800102));
#7920 = LINE('',#7921,#7922);
#7921 = CARTESIAN_POINT('',(34.475107950216,37.063754127508,0.));
#7922 = VECTOR('',#7923,1.);
#7923 = DIRECTION('',(0.,0.,1.));
#7924 = ORIENTED_EDGE('',*,*,#7925,.T.);
#7925 = EDGE_CURVE('',#7918,#7926,#7928,.T.);
#7926 = VERTEX_POINT('',#7927);
#7927 = CARTESIAN_POINT('',(33.475107950216,37.063754127508,
    1.600050800102));
#7928 = CIRCLE('',#7929,0.5);
#7929 = AXIS2_PLACEMENT_3D('',#7930,#7931,#7932);
#7930 = CARTESIAN_POINT('',(33.975107950216,37.063754127508,
    1.600050800102));
#7931 = DIRECTION('',(0.,0.,1.));
#7932 = DIRECTION('',(1.,1.110223024625E-16,-0.));
#7933 = ORIENTED_EDGE('',*,*,#7934,.F.);
#7934 = EDGE_CURVE('',#7935,#7926,#7937,.T.);
#7935 = VERTEX_POINT('',#7936);
#7936 = CARTESIAN_POINT('',(33.475107950216,37.063754127508,0.));
#7937 = LINE('',#7938,#7939);
#7938 = CARTESIAN_POINT('',(33.475107950216,37.063754127508,0.));
#7939 = VECTOR('',#7940,1.);
#7940 = DIRECTION('',(0.,0.,1.));
#7941 = ORIENTED_EDGE('',*,*,#7942,.F.);
#7942 = EDGE_CURVE('',#7916,#7935,#7943,.T.);
#7943 = CIRCLE('',#7944,0.5);
#7944 = AXIS2_PLACEMENT_3D('',#7945,#7946,#7947);
#7945 = CARTESIAN_POINT('',(33.975107950216,37.063754127508,0.));
#7946 = DIRECTION('',(0.,0.,1.));
#7947 = DIRECTION('',(1.,1.110223024625E-16,-0.));
#7948 = CYLINDRICAL_SURFACE('',#7949,0.5);
#7949 = AXIS2_PLACEMENT_3D('',#7950,#7951,#7952);
#7950 = CARTESIAN_POINT('',(33.975107950216,37.063754127508,0.));
#7951 = DIRECTION('',(-0.,-0.,-1.));
#7952 = DIRECTION('',(1.,1.110223024625E-16,-0.));
#7953 = ADVANCED_FACE('',(#7954),#7972,.F.);
#7954 = FACE_BOUND('',#7955,.T.);
#7955 = EDGE_LOOP('',(#7956,#7957,#7964,#7965));
#7956 = ORIENTED_EDGE('',*,*,#7934,.T.);
#7957 = ORIENTED_EDGE('',*,*,#7958,.T.);
#7958 = EDGE_CURVE('',#7926,#7918,#7959,.T.);
#7959 = CIRCLE('',#7960,0.5);
#7960 = AXIS2_PLACEMENT_3D('',#7961,#7962,#7963);
#7961 = CARTESIAN_POINT('',(33.975107950216,37.063754127508,
    1.600050800102));
#7962 = DIRECTION('',(0.,0.,1.));
#7963 = DIRECTION('',(-1.,-1.110223024625E-16,0.));
#7964 = ORIENTED_EDGE('',*,*,#7915,.F.);
#7965 = ORIENTED_EDGE('',*,*,#7966,.F.);
#7966 = EDGE_CURVE('',#7935,#7916,#7967,.T.);
#7967 = CIRCLE('',#7968,0.5);
#7968 = AXIS2_PLACEMENT_3D('',#7969,#7970,#7971);
#7969 = CARTESIAN_POINT('',(33.975107950216,37.063754127508,0.));
#7970 = DIRECTION('',(0.,0.,1.));
#7971 = DIRECTION('',(-1.,-1.110223024625E-16,0.));
#7972 = CYLINDRICAL_SURFACE('',#7973,0.5);
#7973 = AXIS2_PLACEMENT_3D('',#7974,#7975,#7976);
#7974 = CARTESIAN_POINT('',(33.975107950216,37.063754127508,0.));
#7975 = DIRECTION('',(-0.,-0.,-1.));
#7976 = DIRECTION('',(-1.,-1.110223024625E-16,0.));
#7977 = ADVANCED_FACE('',(#7978),#8012,.T.);
#7978 = FACE_BOUND('',#7979,.T.);
#7979 = EDGE_LOOP('',(#7980,#7990,#7998,#8006));
#7980 = ORIENTED_EDGE('',*,*,#7981,.T.);
#7981 = EDGE_CURVE('',#7982,#7984,#7986,.T.);
#7982 = VERTEX_POINT('',#7983);
#7983 = CARTESIAN_POINT('',(33.88064516129,2.012928625857,0.));
#7984 = VERTEX_POINT('',#7985);
#7985 = CARTESIAN_POINT('',(33.88064516129,2.012928625857,1.600050800102
    ));
#7986 = LINE('',#7987,#7988);
#7987 = CARTESIAN_POINT('',(33.88064516129,2.012928625857,0.));
#7988 = VECTOR('',#7989,1.);
#7989 = DIRECTION('',(0.,0.,1.));
#7990 = ORIENTED_EDGE('',*,*,#7991,.T.);
#7991 = EDGE_CURVE('',#7984,#7992,#7994,.T.);
#7992 = VERTEX_POINT('',#7993);
#7993 = CARTESIAN_POINT('',(33.88064516129,1.262915925832,1.600050800102
    ));
#7994 = LINE('',#7995,#7996);
#7995 = CARTESIAN_POINT('',(33.88064516129,2.012928625857,1.600050800102
    ));
#7996 = VECTOR('',#7997,1.);
#7997 = DIRECTION('',(0.,-1.,0.));
#7998 = ORIENTED_EDGE('',*,*,#7999,.F.);
#7999 = EDGE_CURVE('',#8000,#7992,#8002,.T.);
#8000 = VERTEX_POINT('',#8001);
#8001 = CARTESIAN_POINT('',(33.88064516129,1.262915925832,0.));
#8002 = LINE('',#8003,#8004);
#8003 = CARTESIAN_POINT('',(33.88064516129,1.262915925832,0.));
#8004 = VECTOR('',#8005,1.);
#8005 = DIRECTION('',(0.,0.,1.));
#8006 = ORIENTED_EDGE('',*,*,#8007,.F.);
#8007 = EDGE_CURVE('',#7982,#8000,#8008,.T.);
#8008 = LINE('',#8009,#8010);
#8009 = CARTESIAN_POINT('',(33.88064516129,2.012928625857,0.));
#8010 = VECTOR('',#8011,1.);
#8011 = DIRECTION('',(0.,-1.,0.));
#8012 = PLANE('',#8013);
#8013 = AXIS2_PLACEMENT_3D('',#8014,#8015,#8016);
#8014 = CARTESIAN_POINT('',(33.88064516129,2.012928625857,0.));
#8015 = DIRECTION('',(1.,0.,-0.));
#8016 = DIRECTION('',(0.,-1.,0.));
#8017 = ADVANCED_FACE('',(#8018),#8045,.F.);
#8018 = FACE_BOUND('',#8019,.T.);
#8019 = EDGE_LOOP('',(#8020,#8021,#8030,#8038));
#8020 = ORIENTED_EDGE('',*,*,#7999,.T.);
#8021 = ORIENTED_EDGE('',*,*,#8022,.T.);
#8022 = EDGE_CURVE('',#7992,#8023,#8025,.T.);
#8023 = VERTEX_POINT('',#8024);
#8024 = CARTESIAN_POINT('',(34.530632461265,1.262915925832,
    1.600050800102));
#8025 = CIRCLE('',#8026,0.324993649987);
#8026 = AXIS2_PLACEMENT_3D('',#8027,#8028,#8029);
#8027 = CARTESIAN_POINT('',(34.205638811278,1.262915925832,
    1.600050800102));
#8028 = DIRECTION('',(0.,0.,1.));
#8029 = DIRECTION('',(-1.,-1.110223024625E-16,0.));
#8030 = ORIENTED_EDGE('',*,*,#8031,.F.);
#8031 = EDGE_CURVE('',#8032,#8023,#8034,.T.);
#8032 = VERTEX_POINT('',#8033);
#8033 = CARTESIAN_POINT('',(34.530632461265,1.262915925832,0.));
#8034 = LINE('',#8035,#8036);
#8035 = CARTESIAN_POINT('',(34.530632461265,1.262915925832,0.));
#8036 = VECTOR('',#8037,1.);
#8037 = DIRECTION('',(0.,0.,1.));
#8038 = ORIENTED_EDGE('',*,*,#8039,.F.);
#8039 = EDGE_CURVE('',#8000,#8032,#8040,.T.);
#8040 = CIRCLE('',#8041,0.324993649987);
#8041 = AXIS2_PLACEMENT_3D('',#8042,#8043,#8044);
#8042 = CARTESIAN_POINT('',(34.205638811278,1.262915925832,0.));
#8043 = DIRECTION('',(0.,0.,1.));
#8044 = DIRECTION('',(-1.,-1.110223024625E-16,0.));
#8045 = CYLINDRICAL_SURFACE('',#8046,0.324993649987);
#8046 = AXIS2_PLACEMENT_3D('',#8047,#8048,#8049);
#8047 = CARTESIAN_POINT('',(34.205638811278,1.262915925832,0.));
#8048 = DIRECTION('',(-0.,-0.,-1.));
#8049 = DIRECTION('',(-1.,-1.110223024625E-16,0.));
#8050 = ADVANCED_FACE('',(#8051),#8076,.T.);
#8051 = FACE_BOUND('',#8052,.T.);
#8052 = EDGE_LOOP('',(#8053,#8054,#8062,#8070));
#8053 = ORIENTED_EDGE('',*,*,#8031,.T.);
#8054 = ORIENTED_EDGE('',*,*,#8055,.T.);
#8055 = EDGE_CURVE('',#8023,#8056,#8058,.T.);
#8056 = VERTEX_POINT('',#8057);
#8057 = CARTESIAN_POINT('',(34.530632461265,2.012928625857,
    1.600050800102));
#8058 = LINE('',#8059,#8060);
#8059 = CARTESIAN_POINT('',(34.530632461265,1.262915925832,
    1.600050800102));
#8060 = VECTOR('',#8061,1.);
#8061 = DIRECTION('',(9.473742721104E-15,1.,0.));
#8062 = ORIENTED_EDGE('',*,*,#8063,.F.);
#8063 = EDGE_CURVE('',#8064,#8056,#8066,.T.);
#8064 = VERTEX_POINT('',#8065);
#8065 = CARTESIAN_POINT('',(34.530632461265,2.012928625857,0.));
#8066 = LINE('',#8067,#8068);
#8067 = CARTESIAN_POINT('',(34.530632461265,2.012928625857,0.));
#8068 = VECTOR('',#8069,1.);
#8069 = DIRECTION('',(0.,0.,1.));
#8070 = ORIENTED_EDGE('',*,*,#8071,.F.);
#8071 = EDGE_CURVE('',#8032,#8064,#8072,.T.);
#8072 = LINE('',#8073,#8074);
#8073 = CARTESIAN_POINT('',(34.530632461265,1.262915925832,0.));
#8074 = VECTOR('',#8075,1.);
#8075 = DIRECTION('',(9.473742721104E-15,1.,0.));
#8076 = PLANE('',#8077);
#8077 = AXIS2_PLACEMENT_3D('',#8078,#8079,#8080);
#8078 = CARTESIAN_POINT('',(34.530632461265,1.262915925832,0.));
#8079 = DIRECTION('',(-1.,9.473742721104E-15,0.));
#8080 = DIRECTION('',(9.473742721104E-15,1.,0.));
#8081 = ADVANCED_FACE('',(#8082),#8100,.F.);
#8082 = FACE_BOUND('',#8083,.T.);
#8083 = EDGE_LOOP('',(#8084,#8085,#8092,#8093));
#8084 = ORIENTED_EDGE('',*,*,#8063,.T.);
#8085 = ORIENTED_EDGE('',*,*,#8086,.T.);
#8086 = EDGE_CURVE('',#8056,#7984,#8087,.T.);
#8087 = CIRCLE('',#8088,0.324993649987);
#8088 = AXIS2_PLACEMENT_3D('',#8089,#8090,#8091);
#8089 = CARTESIAN_POINT('',(34.205638811278,2.012928625857,
    1.600050800102));
#8090 = DIRECTION('',(0.,0.,1.));
#8091 = DIRECTION('',(1.,1.110223024625E-16,-0.));
#8092 = ORIENTED_EDGE('',*,*,#7981,.F.);
#8093 = ORIENTED_EDGE('',*,*,#8094,.F.);
#8094 = EDGE_CURVE('',#8064,#7982,#8095,.T.);
#8095 = CIRCLE('',#8096,0.324993649987);
#8096 = AXIS2_PLACEMENT_3D('',#8097,#8098,#8099);
#8097 = CARTESIAN_POINT('',(34.205638811278,2.012928625857,0.));
#8098 = DIRECTION('',(0.,0.,1.));
#8099 = DIRECTION('',(1.,1.110223024625E-16,-0.));
#8100 = CYLINDRICAL_SURFACE('',#8101,0.324993649987);
#8101 = AXIS2_PLACEMENT_3D('',#8102,#8103,#8104);
#8102 = CARTESIAN_POINT('',(34.205638811278,2.012928625857,0.));
#8103 = DIRECTION('',(-0.,-0.,-1.));
#8104 = DIRECTION('',(1.,1.110223024625E-16,-0.));
#8105 = ADVANCED_FACE('',(#8106),#8140,.T.);
#8106 = FACE_BOUND('',#8107,.T.);
#8107 = EDGE_LOOP('',(#8108,#8118,#8126,#8134));
#8108 = ORIENTED_EDGE('',*,*,#8109,.T.);
#8109 = EDGE_CURVE('',#8110,#8112,#8114,.T.);
#8110 = VERTEX_POINT('',#8111);
#8111 = CARTESIAN_POINT('',(33.88064516129,6.363246126492,0.));
#8112 = VERTEX_POINT('',#8113);
#8113 = CARTESIAN_POINT('',(33.88064516129,6.363246126492,1.600050800102
    ));
#8114 = LINE('',#8115,#8116);
#8115 = CARTESIAN_POINT('',(33.88064516129,6.363246126492,0.));
#8116 = VECTOR('',#8117,1.);
#8117 = DIRECTION('',(0.,0.,1.));
#8118 = ORIENTED_EDGE('',*,*,#8119,.T.);
#8119 = EDGE_CURVE('',#8112,#8120,#8122,.T.);
#8120 = VERTEX_POINT('',#8121);
#8121 = CARTESIAN_POINT('',(33.88064516129,5.313208026416,1.600050800102
    ));
#8122 = LINE('',#8123,#8124);
#8123 = CARTESIAN_POINT('',(33.88064516129,6.363246126492,1.600050800102
    ));
#8124 = VECTOR('',#8125,1.);
#8125 = DIRECTION('',(0.,-1.,0.));
#8126 = ORIENTED_EDGE('',*,*,#8127,.F.);
#8127 = EDGE_CURVE('',#8128,#8120,#8130,.T.);
#8128 = VERTEX_POINT('',#8129);
#8129 = CARTESIAN_POINT('',(33.88064516129,5.313208026416,0.));
#8130 = LINE('',#8131,#8132);
#8131 = CARTESIAN_POINT('',(33.88064516129,5.313208026416,0.));
#8132 = VECTOR('',#8133,1.);
#8133 = DIRECTION('',(0.,0.,1.));
#8134 = ORIENTED_EDGE('',*,*,#8135,.F.);
#8135 = EDGE_CURVE('',#8110,#8128,#8136,.T.);
#8136 = LINE('',#8137,#8138);
#8137 = CARTESIAN_POINT('',(33.88064516129,6.363246126492,0.));
#8138 = VECTOR('',#8139,1.);
#8139 = DIRECTION('',(0.,-1.,0.));
#8140 = PLANE('',#8141);
#8141 = AXIS2_PLACEMENT_3D('',#8142,#8143,#8144);
#8142 = CARTESIAN_POINT('',(33.88064516129,6.363246126492,0.));
#8143 = DIRECTION('',(1.,0.,-0.));
#8144 = DIRECTION('',(0.,-1.,0.));
#8145 = ADVANCED_FACE('',(#8146),#8173,.F.);
#8146 = FACE_BOUND('',#8147,.T.);
#8147 = EDGE_LOOP('',(#8148,#8149,#8158,#8166));
#8148 = ORIENTED_EDGE('',*,*,#8127,.T.);
#8149 = ORIENTED_EDGE('',*,*,#8150,.T.);
#8150 = EDGE_CURVE('',#8120,#8151,#8153,.T.);
#8151 = VERTEX_POINT('',#8152);
#8152 = CARTESIAN_POINT('',(34.530632461265,5.313208026416,
    1.600050800102));
#8153 = CIRCLE('',#8154,0.324993649987);
#8154 = AXIS2_PLACEMENT_3D('',#8155,#8156,#8157);
#8155 = CARTESIAN_POINT('',(34.205638811278,5.313208026416,
    1.600050800102));
#8156 = DIRECTION('',(0.,0.,1.));
#8157 = DIRECTION('',(-1.,-1.110223024625E-16,0.));
#8158 = ORIENTED_EDGE('',*,*,#8159,.F.);
#8159 = EDGE_CURVE('',#8160,#8151,#8162,.T.);
#8160 = VERTEX_POINT('',#8161);
#8161 = CARTESIAN_POINT('',(34.530632461265,5.313208026416,0.));
#8162 = LINE('',#8163,#8164);
#8163 = CARTESIAN_POINT('',(34.530632461265,5.313208026416,0.));
#8164 = VECTOR('',#8165,1.);
#8165 = DIRECTION('',(0.,0.,1.));
#8166 = ORIENTED_EDGE('',*,*,#8167,.F.);
#8167 = EDGE_CURVE('',#8128,#8160,#8168,.T.);
#8168 = CIRCLE('',#8169,0.324993649987);
#8169 = AXIS2_PLACEMENT_3D('',#8170,#8171,#8172);
#8170 = CARTESIAN_POINT('',(34.205638811278,5.313208026416,0.));
#8171 = DIRECTION('',(0.,0.,1.));
#8172 = DIRECTION('',(-1.,-1.110223024625E-16,0.));
#8173 = CYLINDRICAL_SURFACE('',#8174,0.324993649987);
#8174 = AXIS2_PLACEMENT_3D('',#8175,#8176,#8177);
#8175 = CARTESIAN_POINT('',(34.205638811278,5.313208026416,0.));
#8176 = DIRECTION('',(-0.,-0.,-1.));
#8177 = DIRECTION('',(-1.,-1.110223024625E-16,0.));
#8178 = ADVANCED_FACE('',(#8179),#8204,.T.);
#8179 = FACE_BOUND('',#8180,.T.);
#8180 = EDGE_LOOP('',(#8181,#8182,#8190,#8198));
#8181 = ORIENTED_EDGE('',*,*,#8159,.T.);
#8182 = ORIENTED_EDGE('',*,*,#8183,.T.);
#8183 = EDGE_CURVE('',#8151,#8184,#8186,.T.);
#8184 = VERTEX_POINT('',#8185);
#8185 = CARTESIAN_POINT('',(34.530632461265,6.363246126492,
    1.600050800102));
#8186 = LINE('',#8187,#8188);
#8187 = CARTESIAN_POINT('',(34.530632461265,5.313208026416,
    1.600050800102));
#8188 = VECTOR('',#8189,1.);
#8189 = DIRECTION('',(6.766828134222E-15,1.,0.));
#8190 = ORIENTED_EDGE('',*,*,#8191,.F.);
#8191 = EDGE_CURVE('',#8192,#8184,#8194,.T.);
#8192 = VERTEX_POINT('',#8193);
#8193 = CARTESIAN_POINT('',(34.530632461265,6.363246126492,0.));
#8194 = LINE('',#8195,#8196);
#8195 = CARTESIAN_POINT('',(34.530632461265,6.363246126492,0.));
#8196 = VECTOR('',#8197,1.);
#8197 = DIRECTION('',(0.,0.,1.));
#8198 = ORIENTED_EDGE('',*,*,#8199,.F.);
#8199 = EDGE_CURVE('',#8160,#8192,#8200,.T.);
#8200 = LINE('',#8201,#8202);
#8201 = CARTESIAN_POINT('',(34.530632461265,5.313208026416,0.));
#8202 = VECTOR('',#8203,1.);
#8203 = DIRECTION('',(6.766828134222E-15,1.,0.));
#8204 = PLANE('',#8205);
#8205 = AXIS2_PLACEMENT_3D('',#8206,#8207,#8208);
#8206 = CARTESIAN_POINT('',(34.530632461265,5.313208026416,0.));
#8207 = DIRECTION('',(-1.,6.766828134222E-15,0.));
#8208 = DIRECTION('',(6.766828134222E-15,1.,0.));
#8209 = ADVANCED_FACE('',(#8210),#8228,.F.);
#8210 = FACE_BOUND('',#8211,.T.);
#8211 = EDGE_LOOP('',(#8212,#8213,#8220,#8221));
#8212 = ORIENTED_EDGE('',*,*,#8191,.T.);
#8213 = ORIENTED_EDGE('',*,*,#8214,.T.);
#8214 = EDGE_CURVE('',#8184,#8112,#8215,.T.);
#8215 = CIRCLE('',#8216,0.324993649987);
#8216 = AXIS2_PLACEMENT_3D('',#8217,#8218,#8219);
#8217 = CARTESIAN_POINT('',(34.205638811278,6.363246126492,
    1.600050800102));
#8218 = DIRECTION('',(0.,0.,1.));
#8219 = DIRECTION('',(1.,1.110223024625E-16,-0.));
#8220 = ORIENTED_EDGE('',*,*,#8109,.F.);
#8221 = ORIENTED_EDGE('',*,*,#8222,.F.);
#8222 = EDGE_CURVE('',#8192,#8110,#8223,.T.);
#8223 = CIRCLE('',#8224,0.324993649987);
#8224 = AXIS2_PLACEMENT_3D('',#8225,#8226,#8227);
#8225 = CARTESIAN_POINT('',(34.205638811278,6.363246126492,0.));
#8226 = DIRECTION('',(0.,0.,1.));
#8227 = DIRECTION('',(1.,1.110223024625E-16,-0.));
#8228 = CYLINDRICAL_SURFACE('',#8229,0.324993649987);
#8229 = AXIS2_PLACEMENT_3D('',#8230,#8231,#8232);
#8230 = CARTESIAN_POINT('',(34.205638811278,6.363246126492,0.));
#8231 = DIRECTION('',(-0.,-0.,-1.));
#8232 = DIRECTION('',(1.,1.110223024625E-16,-0.));
#8233 = ADVANCED_FACE('',(#8234),#8270,.F.);
#8234 = FACE_BOUND('',#8235,.T.);
#8235 = EDGE_LOOP('',(#8236,#8246,#8255,#8263));
#8236 = ORIENTED_EDGE('',*,*,#8237,.T.);
#8237 = EDGE_CURVE('',#8238,#8240,#8242,.T.);
#8238 = VERTEX_POINT('',#8239);
#8239 = CARTESIAN_POINT('',(37.330073660147,29.630058420117,0.));
#8240 = VERTEX_POINT('',#8241);
#8241 = CARTESIAN_POINT('',(37.330073660147,29.630058420117,
    1.600050800102));
#8242 = LINE('',#8243,#8244);
#8243 = CARTESIAN_POINT('',(37.330073660147,29.630058420117,0.));
#8244 = VECTOR('',#8245,1.);
#8245 = DIRECTION('',(0.,0.,1.));
#8246 = ORIENTED_EDGE('',*,*,#8247,.T.);
#8247 = EDGE_CURVE('',#8240,#8248,#8250,.T.);
#8248 = VERTEX_POINT('',#8249);
#8249 = CARTESIAN_POINT('',(36.330073660147,29.630058420117,
    1.600050800102));
#8250 = CIRCLE('',#8251,0.5);
#8251 = AXIS2_PLACEMENT_3D('',#8252,#8253,#8254);
#8252 = CARTESIAN_POINT('',(36.830073660147,29.630058420117,
    1.600050800102));
#8253 = DIRECTION('',(0.,0.,1.));
#8254 = DIRECTION('',(1.,1.110223024625E-16,-0.));
#8255 = ORIENTED_EDGE('',*,*,#8256,.F.);
#8256 = EDGE_CURVE('',#8257,#8248,#8259,.T.);
#8257 = VERTEX_POINT('',#8258);
#8258 = CARTESIAN_POINT('',(36.330073660147,29.630058420117,0.));
#8259 = LINE('',#8260,#8261);
#8260 = CARTESIAN_POINT('',(36.330073660147,29.630058420117,0.));
#8261 = VECTOR('',#8262,1.);
#8262 = DIRECTION('',(0.,0.,1.));
#8263 = ORIENTED_EDGE('',*,*,#8264,.F.);
#8264 = EDGE_CURVE('',#8238,#8257,#8265,.T.);
#8265 = CIRCLE('',#8266,0.5);
#8266 = AXIS2_PLACEMENT_3D('',#8267,#8268,#8269);
#8267 = CARTESIAN_POINT('',(36.830073660147,29.630058420117,0.));
#8268 = DIRECTION('',(0.,0.,1.));
#8269 = DIRECTION('',(1.,1.110223024625E-16,-0.));
#8270 = CYLINDRICAL_SURFACE('',#8271,0.5);
#8271 = AXIS2_PLACEMENT_3D('',#8272,#8273,#8274);
#8272 = CARTESIAN_POINT('',(36.830073660147,29.630058420117,0.));
#8273 = DIRECTION('',(-0.,-0.,-1.));
#8274 = DIRECTION('',(1.,1.110223024625E-16,-0.));
#8275 = ADVANCED_FACE('',(#8276),#8294,.F.);
#8276 = FACE_BOUND('',#8277,.T.);
#8277 = EDGE_LOOP('',(#8278,#8279,#8286,#8287));
#8278 = ORIENTED_EDGE('',*,*,#8256,.T.);
#8279 = ORIENTED_EDGE('',*,*,#8280,.T.);
#8280 = EDGE_CURVE('',#8248,#8240,#8281,.T.);
#8281 = CIRCLE('',#8282,0.5);
#8282 = AXIS2_PLACEMENT_3D('',#8283,#8284,#8285);
#8283 = CARTESIAN_POINT('',(36.830073660147,29.630058420117,
    1.600050800102));
#8284 = DIRECTION('',(0.,0.,1.));
#8285 = DIRECTION('',(-1.,-1.110223024625E-16,0.));
#8286 = ORIENTED_EDGE('',*,*,#8237,.F.);
#8287 = ORIENTED_EDGE('',*,*,#8288,.F.);
#8288 = EDGE_CURVE('',#8257,#8238,#8289,.T.);
#8289 = CIRCLE('',#8290,0.5);
#8290 = AXIS2_PLACEMENT_3D('',#8291,#8292,#8293);
#8291 = CARTESIAN_POINT('',(36.830073660147,29.630058420117,0.));
#8292 = DIRECTION('',(0.,0.,1.));
#8293 = DIRECTION('',(-1.,-1.110223024625E-16,0.));
#8294 = CYLINDRICAL_SURFACE('',#8295,0.5);
#8295 = AXIS2_PLACEMENT_3D('',#8296,#8297,#8298);
#8296 = CARTESIAN_POINT('',(36.830073660147,29.630058420117,0.));
#8297 = DIRECTION('',(-0.,-0.,-1.));
#8298 = DIRECTION('',(-1.,-1.110223024625E-16,0.));
#8299 = ADVANCED_FACE('',(#8300),#8336,.F.);
#8300 = FACE_BOUND('',#8301,.T.);
#8301 = EDGE_LOOP('',(#8302,#8312,#8321,#8329));
#8302 = ORIENTED_EDGE('',*,*,#8303,.T.);
#8303 = EDGE_CURVE('',#8304,#8306,#8308,.T.);
#8304 = VERTEX_POINT('',#8305);
#8305 = CARTESIAN_POINT('',(37.330073660147,32.170063500127,0.));
#8306 = VERTEX_POINT('',#8307);
#8307 = CARTESIAN_POINT('',(37.330073660147,32.170063500127,
    1.600050800102));
#8308 = LINE('',#8309,#8310);
#8309 = CARTESIAN_POINT('',(37.330073660147,32.170063500127,0.));
#8310 = VECTOR('',#8311,1.);
#8311 = DIRECTION('',(0.,0.,1.));
#8312 = ORIENTED_EDGE('',*,*,#8313,.T.);
#8313 = EDGE_CURVE('',#8306,#8314,#8316,.T.);
#8314 = VERTEX_POINT('',#8315);
#8315 = CARTESIAN_POINT('',(36.330073660147,32.170063500127,
    1.600050800102));
#8316 = CIRCLE('',#8317,0.5);
#8317 = AXIS2_PLACEMENT_3D('',#8318,#8319,#8320);
#8318 = CARTESIAN_POINT('',(36.830073660147,32.170063500127,
    1.600050800102));
#8319 = DIRECTION('',(0.,0.,1.));
#8320 = DIRECTION('',(1.,1.110223024625E-16,-0.));
#8321 = ORIENTED_EDGE('',*,*,#8322,.F.);
#8322 = EDGE_CURVE('',#8323,#8314,#8325,.T.);
#8323 = VERTEX_POINT('',#8324);
#8324 = CARTESIAN_POINT('',(36.330073660147,32.170063500127,0.));
#8325 = LINE('',#8326,#8327);
#8326 = CARTESIAN_POINT('',(36.330073660147,32.170063500127,0.));
#8327 = VECTOR('',#8328,1.);
#8328 = DIRECTION('',(0.,0.,1.));
#8329 = ORIENTED_EDGE('',*,*,#8330,.F.);
#8330 = EDGE_CURVE('',#8304,#8323,#8331,.T.);
#8331 = CIRCLE('',#8332,0.5);
#8332 = AXIS2_PLACEMENT_3D('',#8333,#8334,#8335);
#8333 = CARTESIAN_POINT('',(36.830073660147,32.170063500127,0.));
#8334 = DIRECTION('',(0.,0.,1.));
#8335 = DIRECTION('',(1.,1.110223024625E-16,-0.));
#8336 = CYLINDRICAL_SURFACE('',#8337,0.5);
#8337 = AXIS2_PLACEMENT_3D('',#8338,#8339,#8340);
#8338 = CARTESIAN_POINT('',(36.830073660147,32.170063500127,0.));
#8339 = DIRECTION('',(-0.,-0.,-1.));
#8340 = DIRECTION('',(1.,1.110223024625E-16,-0.));
#8341 = ADVANCED_FACE('',(#8342),#8360,.F.);
#8342 = FACE_BOUND('',#8343,.T.);
#8343 = EDGE_LOOP('',(#8344,#8345,#8352,#8353));
#8344 = ORIENTED_EDGE('',*,*,#8322,.T.);
#8345 = ORIENTED_EDGE('',*,*,#8346,.T.);
#8346 = EDGE_CURVE('',#8314,#8306,#8347,.T.);
#8347 = CIRCLE('',#8348,0.5);
#8348 = AXIS2_PLACEMENT_3D('',#8349,#8350,#8351);
#8349 = CARTESIAN_POINT('',(36.830073660147,32.170063500127,
    1.600050800102));
#8350 = DIRECTION('',(0.,0.,1.));
#8351 = DIRECTION('',(-1.,-1.110223024625E-16,0.));
#8352 = ORIENTED_EDGE('',*,*,#8303,.F.);
#8353 = ORIENTED_EDGE('',*,*,#8354,.F.);
#8354 = EDGE_CURVE('',#8323,#8304,#8355,.T.);
#8355 = CIRCLE('',#8356,0.5);
#8356 = AXIS2_PLACEMENT_3D('',#8357,#8358,#8359);
#8357 = CARTESIAN_POINT('',(36.830073660147,32.170063500127,0.));
#8358 = DIRECTION('',(0.,0.,1.));
#8359 = DIRECTION('',(-1.,-1.110223024625E-16,0.));
#8360 = CYLINDRICAL_SURFACE('',#8361,0.5);
#8361 = AXIS2_PLACEMENT_3D('',#8362,#8363,#8364);
#8362 = CARTESIAN_POINT('',(36.830073660147,32.170063500127,0.));
#8363 = DIRECTION('',(-0.,-0.,-1.));
#8364 = DIRECTION('',(-1.,-1.110223024625E-16,0.));
#8365 = ADVANCED_FACE('',(#8366),#8402,.F.);
#8366 = FACE_BOUND('',#8367,.T.);
#8367 = EDGE_LOOP('',(#8368,#8378,#8387,#8395));
#8368 = ORIENTED_EDGE('',*,*,#8369,.T.);
#8369 = EDGE_CURVE('',#8370,#8372,#8374,.T.);
#8370 = VERTEX_POINT('',#8371);
#8371 = CARTESIAN_POINT('',(37.330073660147,27.090053340107,0.));
#8372 = VERTEX_POINT('',#8373);
#8373 = CARTESIAN_POINT('',(37.330073660147,27.090053340107,
    1.600050800102));
#8374 = LINE('',#8375,#8376);
#8375 = CARTESIAN_POINT('',(37.330073660147,27.090053340107,0.));
#8376 = VECTOR('',#8377,1.);
#8377 = DIRECTION('',(0.,0.,1.));
#8378 = ORIENTED_EDGE('',*,*,#8379,.T.);
#8379 = EDGE_CURVE('',#8372,#8380,#8382,.T.);
#8380 = VERTEX_POINT('',#8381);
#8381 = CARTESIAN_POINT('',(36.330073660147,27.090053340107,
    1.600050800102));
#8382 = CIRCLE('',#8383,0.5);
#8383 = AXIS2_PLACEMENT_3D('',#8384,#8385,#8386);
#8384 = CARTESIAN_POINT('',(36.830073660147,27.090053340107,
    1.600050800102));
#8385 = DIRECTION('',(0.,0.,1.));
#8386 = DIRECTION('',(1.,1.110223024625E-16,-0.));
#8387 = ORIENTED_EDGE('',*,*,#8388,.F.);
#8388 = EDGE_CURVE('',#8389,#8380,#8391,.T.);
#8389 = VERTEX_POINT('',#8390);
#8390 = CARTESIAN_POINT('',(36.330073660147,27.090053340107,0.));
#8391 = LINE('',#8392,#8393);
#8392 = CARTESIAN_POINT('',(36.330073660147,27.090053340107,0.));
#8393 = VECTOR('',#8394,1.);
#8394 = DIRECTION('',(0.,0.,1.));
#8395 = ORIENTED_EDGE('',*,*,#8396,.F.);
#8396 = EDGE_CURVE('',#8370,#8389,#8397,.T.);
#8397 = CIRCLE('',#8398,0.5);
#8398 = AXIS2_PLACEMENT_3D('',#8399,#8400,#8401);
#8399 = CARTESIAN_POINT('',(36.830073660147,27.090053340107,0.));
#8400 = DIRECTION('',(0.,0.,1.));
#8401 = DIRECTION('',(1.,1.110223024625E-16,-0.));
#8402 = CYLINDRICAL_SURFACE('',#8403,0.5);
#8403 = AXIS2_PLACEMENT_3D('',#8404,#8405,#8406);
#8404 = CARTESIAN_POINT('',(36.830073660147,27.090053340107,0.));
#8405 = DIRECTION('',(-0.,-0.,-1.));
#8406 = DIRECTION('',(1.,1.110223024625E-16,-0.));
#8407 = ADVANCED_FACE('',(#8408),#8426,.F.);
#8408 = FACE_BOUND('',#8409,.T.);
#8409 = EDGE_LOOP('',(#8410,#8411,#8418,#8419));
#8410 = ORIENTED_EDGE('',*,*,#8388,.T.);
#8411 = ORIENTED_EDGE('',*,*,#8412,.T.);
#8412 = EDGE_CURVE('',#8380,#8372,#8413,.T.);
#8413 = CIRCLE('',#8414,0.5);
#8414 = AXIS2_PLACEMENT_3D('',#8415,#8416,#8417);
#8415 = CARTESIAN_POINT('',(36.830073660147,27.090053340107,
    1.600050800102));
#8416 = DIRECTION('',(0.,0.,1.));
#8417 = DIRECTION('',(-1.,-1.110223024625E-16,0.));
#8418 = ORIENTED_EDGE('',*,*,#8369,.F.);
#8419 = ORIENTED_EDGE('',*,*,#8420,.F.);
#8420 = EDGE_CURVE('',#8389,#8370,#8421,.T.);
#8421 = CIRCLE('',#8422,0.5);
#8422 = AXIS2_PLACEMENT_3D('',#8423,#8424,#8425);
#8423 = CARTESIAN_POINT('',(36.830073660147,27.090053340107,0.));
#8424 = DIRECTION('',(0.,0.,1.));
#8425 = DIRECTION('',(-1.,-1.110223024625E-16,0.));
#8426 = CYLINDRICAL_SURFACE('',#8427,0.5);
#8427 = AXIS2_PLACEMENT_3D('',#8428,#8429,#8430);
#8428 = CARTESIAN_POINT('',(36.830073660147,27.090053340107,0.));
#8429 = DIRECTION('',(-0.,-0.,-1.));
#8430 = DIRECTION('',(-1.,-1.110223024625E-16,0.));
#8431 = ADVANCED_FACE('',(#8432),#8468,.F.);
#8432 = FACE_BOUND('',#8433,.T.);
#8433 = EDGE_LOOP('',(#8434,#8444,#8453,#8461));
#8434 = ORIENTED_EDGE('',*,*,#8435,.T.);
#8435 = EDGE_CURVE('',#8436,#8438,#8440,.T.);
#8436 = VERTEX_POINT('',#8437);
#8437 = CARTESIAN_POINT('',(37.330073660147,16.930033020066,0.));
#8438 = VERTEX_POINT('',#8439);
#8439 = CARTESIAN_POINT('',(37.330073660147,16.930033020066,
    1.600050800102));
#8440 = LINE('',#8441,#8442);
#8441 = CARTESIAN_POINT('',(37.330073660147,16.930033020066,0.));
#8442 = VECTOR('',#8443,1.);
#8443 = DIRECTION('',(0.,0.,1.));
#8444 = ORIENTED_EDGE('',*,*,#8445,.T.);
#8445 = EDGE_CURVE('',#8438,#8446,#8448,.T.);
#8446 = VERTEX_POINT('',#8447);
#8447 = CARTESIAN_POINT('',(36.330073660147,16.930033020066,
    1.600050800102));
#8448 = CIRCLE('',#8449,0.5);
#8449 = AXIS2_PLACEMENT_3D('',#8450,#8451,#8452);
#8450 = CARTESIAN_POINT('',(36.830073660147,16.930033020066,
    1.600050800102));
#8451 = DIRECTION('',(0.,0.,1.));
#8452 = DIRECTION('',(1.,1.110223024625E-16,-0.));
#8453 = ORIENTED_EDGE('',*,*,#8454,.F.);
#8454 = EDGE_CURVE('',#8455,#8446,#8457,.T.);
#8455 = VERTEX_POINT('',#8456);
#8456 = CARTESIAN_POINT('',(36.330073660147,16.930033020066,0.));
#8457 = LINE('',#8458,#8459);
#8458 = CARTESIAN_POINT('',(36.330073660147,16.930033020066,0.));
#8459 = VECTOR('',#8460,1.);
#8460 = DIRECTION('',(0.,0.,1.));
#8461 = ORIENTED_EDGE('',*,*,#8462,.F.);
#8462 = EDGE_CURVE('',#8436,#8455,#8463,.T.);
#8463 = CIRCLE('',#8464,0.5);
#8464 = AXIS2_PLACEMENT_3D('',#8465,#8466,#8467);
#8465 = CARTESIAN_POINT('',(36.830073660147,16.930033020066,0.));
#8466 = DIRECTION('',(0.,0.,1.));
#8467 = DIRECTION('',(1.,1.110223024625E-16,-0.));
#8468 = CYLINDRICAL_SURFACE('',#8469,0.5);
#8469 = AXIS2_PLACEMENT_3D('',#8470,#8471,#8472);
#8470 = CARTESIAN_POINT('',(36.830073660147,16.930033020066,0.));
#8471 = DIRECTION('',(-0.,-0.,-1.));
#8472 = DIRECTION('',(1.,1.110223024625E-16,-0.));
#8473 = ADVANCED_FACE('',(#8474),#8492,.F.);
#8474 = FACE_BOUND('',#8475,.T.);
#8475 = EDGE_LOOP('',(#8476,#8477,#8484,#8485));
#8476 = ORIENTED_EDGE('',*,*,#8454,.T.);
#8477 = ORIENTED_EDGE('',*,*,#8478,.T.);
#8478 = EDGE_CURVE('',#8446,#8438,#8479,.T.);
#8479 = CIRCLE('',#8480,0.5);
#8480 = AXIS2_PLACEMENT_3D('',#8481,#8482,#8483);
#8481 = CARTESIAN_POINT('',(36.830073660147,16.930033020066,
    1.600050800102));
#8482 = DIRECTION('',(0.,0.,1.));
#8483 = DIRECTION('',(-1.,-1.110223024625E-16,0.));
#8484 = ORIENTED_EDGE('',*,*,#8435,.F.);
#8485 = ORIENTED_EDGE('',*,*,#8486,.F.);
#8486 = EDGE_CURVE('',#8455,#8436,#8487,.T.);
#8487 = CIRCLE('',#8488,0.5);
#8488 = AXIS2_PLACEMENT_3D('',#8489,#8490,#8491);
#8489 = CARTESIAN_POINT('',(36.830073660147,16.930033020066,0.));
#8490 = DIRECTION('',(0.,0.,1.));
#8491 = DIRECTION('',(-1.,-1.110223024625E-16,0.));
#8492 = CYLINDRICAL_SURFACE('',#8493,0.5);
#8493 = AXIS2_PLACEMENT_3D('',#8494,#8495,#8496);
#8494 = CARTESIAN_POINT('',(36.830073660147,16.930033020066,0.));
#8495 = DIRECTION('',(-0.,-0.,-1.));
#8496 = DIRECTION('',(-1.,-1.110223024625E-16,0.));
#8497 = ADVANCED_FACE('',(#8498),#8534,.F.);
#8498 = FACE_BOUND('',#8499,.T.);
#8499 = EDGE_LOOP('',(#8500,#8510,#8519,#8527));
#8500 = ORIENTED_EDGE('',*,*,#8501,.T.);
#8501 = EDGE_CURVE('',#8502,#8504,#8506,.T.);
#8502 = VERTEX_POINT('',#8503);
#8503 = CARTESIAN_POINT('',(37.330073660147,19.470038100076,0.));
#8504 = VERTEX_POINT('',#8505);
#8505 = CARTESIAN_POINT('',(37.330073660147,19.470038100076,
    1.600050800102));
#8506 = LINE('',#8507,#8508);
#8507 = CARTESIAN_POINT('',(37.330073660147,19.470038100076,0.));
#8508 = VECTOR('',#8509,1.);
#8509 = DIRECTION('',(0.,0.,1.));
#8510 = ORIENTED_EDGE('',*,*,#8511,.T.);
#8511 = EDGE_CURVE('',#8504,#8512,#8514,.T.);
#8512 = VERTEX_POINT('',#8513);
#8513 = CARTESIAN_POINT('',(36.330073660147,19.470038100076,
    1.600050800102));
#8514 = CIRCLE('',#8515,0.5);
#8515 = AXIS2_PLACEMENT_3D('',#8516,#8517,#8518);
#8516 = CARTESIAN_POINT('',(36.830073660147,19.470038100076,
    1.600050800102));
#8517 = DIRECTION('',(0.,0.,1.));
#8518 = DIRECTION('',(1.,1.110223024625E-16,-0.));
#8519 = ORIENTED_EDGE('',*,*,#8520,.F.);
#8520 = EDGE_CURVE('',#8521,#8512,#8523,.T.);
#8521 = VERTEX_POINT('',#8522);
#8522 = CARTESIAN_POINT('',(36.330073660147,19.470038100076,0.));
#8523 = LINE('',#8524,#8525);
#8524 = CARTESIAN_POINT('',(36.330073660147,19.470038100076,0.));
#8525 = VECTOR('',#8526,1.);
#8526 = DIRECTION('',(0.,0.,1.));
#8527 = ORIENTED_EDGE('',*,*,#8528,.F.);
#8528 = EDGE_CURVE('',#8502,#8521,#8529,.T.);
#8529 = CIRCLE('',#8530,0.5);
#8530 = AXIS2_PLACEMENT_3D('',#8531,#8532,#8533);
#8531 = CARTESIAN_POINT('',(36.830073660147,19.470038100076,0.));
#8532 = DIRECTION('',(0.,0.,1.));
#8533 = DIRECTION('',(1.,1.110223024625E-16,-0.));
#8534 = CYLINDRICAL_SURFACE('',#8535,0.5);
#8535 = AXIS2_PLACEMENT_3D('',#8536,#8537,#8538);
#8536 = CARTESIAN_POINT('',(36.830073660147,19.470038100076,0.));
#8537 = DIRECTION('',(-0.,-0.,-1.));
#8538 = DIRECTION('',(1.,1.110223024625E-16,-0.));
#8539 = ADVANCED_FACE('',(#8540),#8558,.F.);
#8540 = FACE_BOUND('',#8541,.T.);
#8541 = EDGE_LOOP('',(#8542,#8543,#8550,#8551));
#8542 = ORIENTED_EDGE('',*,*,#8520,.T.);
#8543 = ORIENTED_EDGE('',*,*,#8544,.T.);
#8544 = EDGE_CURVE('',#8512,#8504,#8545,.T.);
#8545 = CIRCLE('',#8546,0.5);
#8546 = AXIS2_PLACEMENT_3D('',#8547,#8548,#8549);
#8547 = CARTESIAN_POINT('',(36.830073660147,19.470038100076,
    1.600050800102));
#8548 = DIRECTION('',(0.,0.,1.));
#8549 = DIRECTION('',(-1.,-1.110223024625E-16,0.));
#8550 = ORIENTED_EDGE('',*,*,#8501,.F.);
#8551 = ORIENTED_EDGE('',*,*,#8552,.F.);
#8552 = EDGE_CURVE('',#8521,#8502,#8553,.T.);
#8553 = CIRCLE('',#8554,0.5);
#8554 = AXIS2_PLACEMENT_3D('',#8555,#8556,#8557);
#8555 = CARTESIAN_POINT('',(36.830073660147,19.470038100076,0.));
#8556 = DIRECTION('',(0.,0.,1.));
#8557 = DIRECTION('',(-1.,-1.110223024625E-16,0.));
#8558 = CYLINDRICAL_SURFACE('',#8559,0.5);
#8559 = AXIS2_PLACEMENT_3D('',#8560,#8561,#8562);
#8560 = CARTESIAN_POINT('',(36.830073660147,19.470038100076,0.));
#8561 = DIRECTION('',(-0.,-0.,-1.));
#8562 = DIRECTION('',(-1.,-1.110223024625E-16,0.));
#8563 = ADVANCED_FACE('',(#8564),#8600,.F.);
#8564 = FACE_BOUND('',#8565,.T.);
#8565 = EDGE_LOOP('',(#8566,#8576,#8585,#8593));
#8566 = ORIENTED_EDGE('',*,*,#8567,.T.);
#8567 = EDGE_CURVE('',#8568,#8570,#8572,.T.);
#8568 = VERTEX_POINT('',#8569);
#8569 = CARTESIAN_POINT('',(37.330073660147,22.010043180086,0.));
#8570 = VERTEX_POINT('',#8571);
#8571 = CARTESIAN_POINT('',(37.330073660147,22.010043180086,
    1.600050800102));
#8572 = LINE('',#8573,#8574);
#8573 = CARTESIAN_POINT('',(37.330073660147,22.010043180086,0.));
#8574 = VECTOR('',#8575,1.);
#8575 = DIRECTION('',(0.,0.,1.));
#8576 = ORIENTED_EDGE('',*,*,#8577,.T.);
#8577 = EDGE_CURVE('',#8570,#8578,#8580,.T.);
#8578 = VERTEX_POINT('',#8579);
#8579 = CARTESIAN_POINT('',(36.330073660147,22.010043180086,
    1.600050800102));
#8580 = CIRCLE('',#8581,0.5);
#8581 = AXIS2_PLACEMENT_3D('',#8582,#8583,#8584);
#8582 = CARTESIAN_POINT('',(36.830073660147,22.010043180086,
    1.600050800102));
#8583 = DIRECTION('',(0.,0.,1.));
#8584 = DIRECTION('',(1.,1.110223024625E-16,-0.));
#8585 = ORIENTED_EDGE('',*,*,#8586,.F.);
#8586 = EDGE_CURVE('',#8587,#8578,#8589,.T.);
#8587 = VERTEX_POINT('',#8588);
#8588 = CARTESIAN_POINT('',(36.330073660147,22.010043180086,0.));
#8589 = LINE('',#8590,#8591);
#8590 = CARTESIAN_POINT('',(36.330073660147,22.010043180086,0.));
#8591 = VECTOR('',#8592,1.);
#8592 = DIRECTION('',(0.,0.,1.));
#8593 = ORIENTED_EDGE('',*,*,#8594,.F.);
#8594 = EDGE_CURVE('',#8568,#8587,#8595,.T.);
#8595 = CIRCLE('',#8596,0.5);
#8596 = AXIS2_PLACEMENT_3D('',#8597,#8598,#8599);
#8597 = CARTESIAN_POINT('',(36.830073660147,22.010043180086,0.));
#8598 = DIRECTION('',(0.,0.,1.));
#8599 = DIRECTION('',(1.,1.110223024625E-16,-0.));
#8600 = CYLINDRICAL_SURFACE('',#8601,0.5);
#8601 = AXIS2_PLACEMENT_3D('',#8602,#8603,#8604);
#8602 = CARTESIAN_POINT('',(36.830073660147,22.010043180086,0.));
#8603 = DIRECTION('',(-0.,-0.,-1.));
#8604 = DIRECTION('',(1.,1.110223024625E-16,-0.));
#8605 = ADVANCED_FACE('',(#8606),#8624,.F.);
#8606 = FACE_BOUND('',#8607,.T.);
#8607 = EDGE_LOOP('',(#8608,#8609,#8616,#8617));
#8608 = ORIENTED_EDGE('',*,*,#8586,.T.);
#8609 = ORIENTED_EDGE('',*,*,#8610,.T.);
#8610 = EDGE_CURVE('',#8578,#8570,#8611,.T.);
#8611 = CIRCLE('',#8612,0.5);
#8612 = AXIS2_PLACEMENT_3D('',#8613,#8614,#8615);
#8613 = CARTESIAN_POINT('',(36.830073660147,22.010043180086,
    1.600050800102));
#8614 = DIRECTION('',(0.,0.,1.));
#8615 = DIRECTION('',(-1.,-1.110223024625E-16,0.));
#8616 = ORIENTED_EDGE('',*,*,#8567,.F.);
#8617 = ORIENTED_EDGE('',*,*,#8618,.F.);
#8618 = EDGE_CURVE('',#8587,#8568,#8619,.T.);
#8619 = CIRCLE('',#8620,0.5);
#8620 = AXIS2_PLACEMENT_3D('',#8621,#8622,#8623);
#8621 = CARTESIAN_POINT('',(36.830073660147,22.010043180086,0.));
#8622 = DIRECTION('',(0.,0.,1.));
#8623 = DIRECTION('',(-1.,-1.110223024625E-16,0.));
#8624 = CYLINDRICAL_SURFACE('',#8625,0.5);
#8625 = AXIS2_PLACEMENT_3D('',#8626,#8627,#8628);
#8626 = CARTESIAN_POINT('',(36.830073660147,22.010043180086,0.));
#8627 = DIRECTION('',(-0.,-0.,-1.));
#8628 = DIRECTION('',(-1.,-1.110223024625E-16,0.));
#8629 = ADVANCED_FACE('',(#8630),#8666,.F.);
#8630 = FACE_BOUND('',#8631,.T.);
#8631 = EDGE_LOOP('',(#8632,#8642,#8651,#8659));
#8632 = ORIENTED_EDGE('',*,*,#8633,.T.);
#8633 = EDGE_CURVE('',#8634,#8636,#8638,.T.);
#8634 = VERTEX_POINT('',#8635);
#8635 = CARTESIAN_POINT('',(37.330073660147,24.550048260097,0.));
#8636 = VERTEX_POINT('',#8637);
#8637 = CARTESIAN_POINT('',(37.330073660147,24.550048260097,
    1.600050800102));
#8638 = LINE('',#8639,#8640);
#8639 = CARTESIAN_POINT('',(37.330073660147,24.550048260097,0.));
#8640 = VECTOR('',#8641,1.);
#8641 = DIRECTION('',(0.,0.,1.));
#8642 = ORIENTED_EDGE('',*,*,#8643,.T.);
#8643 = EDGE_CURVE('',#8636,#8644,#8646,.T.);
#8644 = VERTEX_POINT('',#8645);
#8645 = CARTESIAN_POINT('',(36.330073660147,24.550048260097,
    1.600050800102));
#8646 = CIRCLE('',#8647,0.5);
#8647 = AXIS2_PLACEMENT_3D('',#8648,#8649,#8650);
#8648 = CARTESIAN_POINT('',(36.830073660147,24.550048260097,
    1.600050800102));
#8649 = DIRECTION('',(0.,0.,1.));
#8650 = DIRECTION('',(1.,1.110223024625E-16,-0.));
#8651 = ORIENTED_EDGE('',*,*,#8652,.F.);
#8652 = EDGE_CURVE('',#8653,#8644,#8655,.T.);
#8653 = VERTEX_POINT('',#8654);
#8654 = CARTESIAN_POINT('',(36.330073660147,24.550048260097,0.));
#8655 = LINE('',#8656,#8657);
#8656 = CARTESIAN_POINT('',(36.330073660147,24.550048260097,0.));
#8657 = VECTOR('',#8658,1.);
#8658 = DIRECTION('',(0.,0.,1.));
#8659 = ORIENTED_EDGE('',*,*,#8660,.F.);
#8660 = EDGE_CURVE('',#8634,#8653,#8661,.T.);
#8661 = CIRCLE('',#8662,0.5);
#8662 = AXIS2_PLACEMENT_3D('',#8663,#8664,#8665);
#8663 = CARTESIAN_POINT('',(36.830073660147,24.550048260097,0.));
#8664 = DIRECTION('',(0.,0.,1.));
#8665 = DIRECTION('',(1.,1.110223024625E-16,-0.));
#8666 = CYLINDRICAL_SURFACE('',#8667,0.5);
#8667 = AXIS2_PLACEMENT_3D('',#8668,#8669,#8670);
#8668 = CARTESIAN_POINT('',(36.830073660147,24.550048260097,0.));
#8669 = DIRECTION('',(-0.,-0.,-1.));
#8670 = DIRECTION('',(1.,1.110223024625E-16,-0.));
#8671 = ADVANCED_FACE('',(#8672),#8690,.F.);
#8672 = FACE_BOUND('',#8673,.T.);
#8673 = EDGE_LOOP('',(#8674,#8675,#8682,#8683));
#8674 = ORIENTED_EDGE('',*,*,#8652,.T.);
#8675 = ORIENTED_EDGE('',*,*,#8676,.T.);
#8676 = EDGE_CURVE('',#8644,#8636,#8677,.T.);
#8677 = CIRCLE('',#8678,0.5);
#8678 = AXIS2_PLACEMENT_3D('',#8679,#8680,#8681);
#8679 = CARTESIAN_POINT('',(36.830073660147,24.550048260097,
    1.600050800102));
#8680 = DIRECTION('',(0.,0.,1.));
#8681 = DIRECTION('',(-1.,-1.110223024625E-16,0.));
#8682 = ORIENTED_EDGE('',*,*,#8633,.F.);
#8683 = ORIENTED_EDGE('',*,*,#8684,.F.);
#8684 = EDGE_CURVE('',#8653,#8634,#8685,.T.);
#8685 = CIRCLE('',#8686,0.5);
#8686 = AXIS2_PLACEMENT_3D('',#8687,#8688,#8689);
#8687 = CARTESIAN_POINT('',(36.830073660147,24.550048260097,0.));
#8688 = DIRECTION('',(0.,0.,1.));
#8689 = DIRECTION('',(-1.,-1.110223024625E-16,0.));
#8690 = CYLINDRICAL_SURFACE('',#8691,0.5);
#8691 = AXIS2_PLACEMENT_3D('',#8692,#8693,#8694);
#8692 = CARTESIAN_POINT('',(36.830073660147,24.550048260097,0.));
#8693 = DIRECTION('',(-0.,-0.,-1.));
#8694 = DIRECTION('',(-1.,-1.110223024625E-16,0.));
#8695 = ADVANCED_FACE('',(#8696),#8732,.F.);
#8696 = FACE_BOUND('',#8697,.T.);
#8697 = EDGE_LOOP('',(#8698,#8708,#8717,#8725));
#8698 = ORIENTED_EDGE('',*,*,#8699,.T.);
#8699 = EDGE_CURVE('',#8700,#8702,#8704,.T.);
#8700 = VERTEX_POINT('',#8701);
#8701 = CARTESIAN_POINT('',(37.330073660147,14.390027940056,0.));
#8702 = VERTEX_POINT('',#8703);
#8703 = CARTESIAN_POINT('',(37.330073660147,14.390027940056,
    1.600050800102));
#8704 = LINE('',#8705,#8706);
#8705 = CARTESIAN_POINT('',(37.330073660147,14.390027940056,0.));
#8706 = VECTOR('',#8707,1.);
#8707 = DIRECTION('',(0.,0.,1.));
#8708 = ORIENTED_EDGE('',*,*,#8709,.T.);
#8709 = EDGE_CURVE('',#8702,#8710,#8712,.T.);
#8710 = VERTEX_POINT('',#8711);
#8711 = CARTESIAN_POINT('',(36.330073660147,14.390027940056,
    1.600050800102));
#8712 = CIRCLE('',#8713,0.5);
#8713 = AXIS2_PLACEMENT_3D('',#8714,#8715,#8716);
#8714 = CARTESIAN_POINT('',(36.830073660147,14.390027940056,
    1.600050800102));
#8715 = DIRECTION('',(0.,0.,1.));
#8716 = DIRECTION('',(1.,1.110223024625E-16,-0.));
#8717 = ORIENTED_EDGE('',*,*,#8718,.F.);
#8718 = EDGE_CURVE('',#8719,#8710,#8721,.T.);
#8719 = VERTEX_POINT('',#8720);
#8720 = CARTESIAN_POINT('',(36.330073660147,14.390027940056,0.));
#8721 = LINE('',#8722,#8723);
#8722 = CARTESIAN_POINT('',(36.330073660147,14.390027940056,0.));
#8723 = VECTOR('',#8724,1.);
#8724 = DIRECTION('',(0.,0.,1.));
#8725 = ORIENTED_EDGE('',*,*,#8726,.F.);
#8726 = EDGE_CURVE('',#8700,#8719,#8727,.T.);
#8727 = CIRCLE('',#8728,0.5);
#8728 = AXIS2_PLACEMENT_3D('',#8729,#8730,#8731);
#8729 = CARTESIAN_POINT('',(36.830073660147,14.390027940056,0.));
#8730 = DIRECTION('',(0.,0.,1.));
#8731 = DIRECTION('',(1.,1.110223024625E-16,-0.));
#8732 = CYLINDRICAL_SURFACE('',#8733,0.5);
#8733 = AXIS2_PLACEMENT_3D('',#8734,#8735,#8736);
#8734 = CARTESIAN_POINT('',(36.830073660147,14.390027940056,0.));
#8735 = DIRECTION('',(-0.,-0.,-1.));
#8736 = DIRECTION('',(1.,1.110223024625E-16,-0.));
#8737 = ADVANCED_FACE('',(#8738),#8756,.F.);
#8738 = FACE_BOUND('',#8739,.T.);
#8739 = EDGE_LOOP('',(#8740,#8741,#8748,#8749));
#8740 = ORIENTED_EDGE('',*,*,#8718,.T.);
#8741 = ORIENTED_EDGE('',*,*,#8742,.T.);
#8742 = EDGE_CURVE('',#8710,#8702,#8743,.T.);
#8743 = CIRCLE('',#8744,0.5);
#8744 = AXIS2_PLACEMENT_3D('',#8745,#8746,#8747);
#8745 = CARTESIAN_POINT('',(36.830073660147,14.390027940056,
    1.600050800102));
#8746 = DIRECTION('',(0.,0.,1.));
#8747 = DIRECTION('',(-1.,-1.110223024625E-16,0.));
#8748 = ORIENTED_EDGE('',*,*,#8699,.F.);
#8749 = ORIENTED_EDGE('',*,*,#8750,.F.);
#8750 = EDGE_CURVE('',#8719,#8700,#8751,.T.);
#8751 = CIRCLE('',#8752,0.5);
#8752 = AXIS2_PLACEMENT_3D('',#8753,#8754,#8755);
#8753 = CARTESIAN_POINT('',(36.830073660147,14.390027940056,0.));
#8754 = DIRECTION('',(0.,0.,1.));
#8755 = DIRECTION('',(-1.,-1.110223024625E-16,0.));
#8756 = CYLINDRICAL_SURFACE('',#8757,0.5);
#8757 = AXIS2_PLACEMENT_3D('',#8758,#8759,#8760);
#8758 = CARTESIAN_POINT('',(36.830073660147,14.390027940056,0.));
#8759 = DIRECTION('',(-0.,-0.,-1.));
#8760 = DIRECTION('',(-1.,-1.110223024625E-16,0.));
#8761 = ADVANCED_FACE('',(#8762),#8798,.F.);
#8762 = FACE_BOUND('',#8763,.T.);
#8763 = EDGE_LOOP('',(#8764,#8774,#8783,#8791));
#8764 = ORIENTED_EDGE('',*,*,#8765,.T.);
#8765 = EDGE_CURVE('',#8766,#8768,#8770,.T.);
#8766 = VERTEX_POINT('',#8767);
#8767 = CARTESIAN_POINT('',(37.330073660147,6.770012700025,0.));
#8768 = VERTEX_POINT('',#8769);
#8769 = CARTESIAN_POINT('',(37.330073660147,6.770012700025,
    1.600050800102));
#8770 = LINE('',#8771,#8772);
#8771 = CARTESIAN_POINT('',(37.330073660147,6.770012700025,0.));
#8772 = VECTOR('',#8773,1.);
#8773 = DIRECTION('',(0.,0.,1.));
#8774 = ORIENTED_EDGE('',*,*,#8775,.T.);
#8775 = EDGE_CURVE('',#8768,#8776,#8778,.T.);
#8776 = VERTEX_POINT('',#8777);
#8777 = CARTESIAN_POINT('',(36.330073660147,6.770012700025,
    1.600050800102));
#8778 = CIRCLE('',#8779,0.5);
#8779 = AXIS2_PLACEMENT_3D('',#8780,#8781,#8782);
#8780 = CARTESIAN_POINT('',(36.830073660147,6.770012700025,
    1.600050800102));
#8781 = DIRECTION('',(0.,0.,1.));
#8782 = DIRECTION('',(1.,1.110223024625E-16,-0.));
#8783 = ORIENTED_EDGE('',*,*,#8784,.F.);
#8784 = EDGE_CURVE('',#8785,#8776,#8787,.T.);
#8785 = VERTEX_POINT('',#8786);
#8786 = CARTESIAN_POINT('',(36.330073660147,6.770012700025,0.));
#8787 = LINE('',#8788,#8789);
#8788 = CARTESIAN_POINT('',(36.330073660147,6.770012700025,0.));
#8789 = VECTOR('',#8790,1.);
#8790 = DIRECTION('',(0.,0.,1.));
#8791 = ORIENTED_EDGE('',*,*,#8792,.F.);
#8792 = EDGE_CURVE('',#8766,#8785,#8793,.T.);
#8793 = CIRCLE('',#8794,0.5);
#8794 = AXIS2_PLACEMENT_3D('',#8795,#8796,#8797);
#8795 = CARTESIAN_POINT('',(36.830073660147,6.770012700025,0.));
#8796 = DIRECTION('',(0.,0.,1.));
#8797 = DIRECTION('',(1.,1.110223024625E-16,-0.));
#8798 = CYLINDRICAL_SURFACE('',#8799,0.5);
#8799 = AXIS2_PLACEMENT_3D('',#8800,#8801,#8802);
#8800 = CARTESIAN_POINT('',(36.830073660147,6.770012700025,0.));
#8801 = DIRECTION('',(-0.,-0.,-1.));
#8802 = DIRECTION('',(1.,1.110223024625E-16,-0.));
#8803 = ADVANCED_FACE('',(#8804),#8822,.F.);
#8804 = FACE_BOUND('',#8805,.T.);
#8805 = EDGE_LOOP('',(#8806,#8807,#8814,#8815));
#8806 = ORIENTED_EDGE('',*,*,#8784,.T.);
#8807 = ORIENTED_EDGE('',*,*,#8808,.T.);
#8808 = EDGE_CURVE('',#8776,#8768,#8809,.T.);
#8809 = CIRCLE('',#8810,0.5);
#8810 = AXIS2_PLACEMENT_3D('',#8811,#8812,#8813);
#8811 = CARTESIAN_POINT('',(36.830073660147,6.770012700025,
    1.600050800102));
#8812 = DIRECTION('',(0.,0.,1.));
#8813 = DIRECTION('',(-1.,-1.110223024625E-16,0.));
#8814 = ORIENTED_EDGE('',*,*,#8765,.F.);
#8815 = ORIENTED_EDGE('',*,*,#8816,.F.);
#8816 = EDGE_CURVE('',#8785,#8766,#8817,.T.);
#8817 = CIRCLE('',#8818,0.5);
#8818 = AXIS2_PLACEMENT_3D('',#8819,#8820,#8821);
#8819 = CARTESIAN_POINT('',(36.830073660147,6.770012700025,0.));
#8820 = DIRECTION('',(0.,0.,1.));
#8821 = DIRECTION('',(-1.,-1.110223024625E-16,0.));
#8822 = CYLINDRICAL_SURFACE('',#8823,0.5);
#8823 = AXIS2_PLACEMENT_3D('',#8824,#8825,#8826);
#8824 = CARTESIAN_POINT('',(36.830073660147,6.770012700025,0.));
#8825 = DIRECTION('',(-0.,-0.,-1.));
#8826 = DIRECTION('',(-1.,-1.110223024625E-16,0.));
#8827 = ADVANCED_FACE('',(#8828),#8864,.F.);
#8828 = FACE_BOUND('',#8829,.T.);
#8829 = EDGE_LOOP('',(#8830,#8840,#8849,#8857));
#8830 = ORIENTED_EDGE('',*,*,#8831,.T.);
#8831 = EDGE_CURVE('',#8832,#8834,#8836,.T.);
#8832 = VERTEX_POINT('',#8833);
#8833 = CARTESIAN_POINT('',(37.330073660147,9.310017780036,0.));
#8834 = VERTEX_POINT('',#8835);
#8835 = CARTESIAN_POINT('',(37.330073660147,9.310017780036,
    1.600050800102));
#8836 = LINE('',#8837,#8838);
#8837 = CARTESIAN_POINT('',(37.330073660147,9.310017780036,0.));
#8838 = VECTOR('',#8839,1.);
#8839 = DIRECTION('',(0.,0.,1.));
#8840 = ORIENTED_EDGE('',*,*,#8841,.T.);
#8841 = EDGE_CURVE('',#8834,#8842,#8844,.T.);
#8842 = VERTEX_POINT('',#8843);
#8843 = CARTESIAN_POINT('',(36.330073660147,9.310017780036,
    1.600050800102));
#8844 = CIRCLE('',#8845,0.5);
#8845 = AXIS2_PLACEMENT_3D('',#8846,#8847,#8848);
#8846 = CARTESIAN_POINT('',(36.830073660147,9.310017780036,
    1.600050800102));
#8847 = DIRECTION('',(0.,0.,1.));
#8848 = DIRECTION('',(1.,1.110223024625E-16,-0.));
#8849 = ORIENTED_EDGE('',*,*,#8850,.F.);
#8850 = EDGE_CURVE('',#8851,#8842,#8853,.T.);
#8851 = VERTEX_POINT('',#8852);
#8852 = CARTESIAN_POINT('',(36.330073660147,9.310017780036,0.));
#8853 = LINE('',#8854,#8855);
#8854 = CARTESIAN_POINT('',(36.330073660147,9.310017780036,0.));
#8855 = VECTOR('',#8856,1.);
#8856 = DIRECTION('',(0.,0.,1.));
#8857 = ORIENTED_EDGE('',*,*,#8858,.F.);
#8858 = EDGE_CURVE('',#8832,#8851,#8859,.T.);
#8859 = CIRCLE('',#8860,0.5);
#8860 = AXIS2_PLACEMENT_3D('',#8861,#8862,#8863);
#8861 = CARTESIAN_POINT('',(36.830073660147,9.310017780036,0.));
#8862 = DIRECTION('',(0.,0.,1.));
#8863 = DIRECTION('',(1.,1.110223024625E-16,-0.));
#8864 = CYLINDRICAL_SURFACE('',#8865,0.5);
#8865 = AXIS2_PLACEMENT_3D('',#8866,#8867,#8868);
#8866 = CARTESIAN_POINT('',(36.830073660147,9.310017780036,0.));
#8867 = DIRECTION('',(-0.,-0.,-1.));
#8868 = DIRECTION('',(1.,1.110223024625E-16,-0.));
#8869 = ADVANCED_FACE('',(#8870),#8888,.F.);
#8870 = FACE_BOUND('',#8871,.T.);
#8871 = EDGE_LOOP('',(#8872,#8873,#8880,#8881));
#8872 = ORIENTED_EDGE('',*,*,#8850,.T.);
#8873 = ORIENTED_EDGE('',*,*,#8874,.T.);
#8874 = EDGE_CURVE('',#8842,#8834,#8875,.T.);
#8875 = CIRCLE('',#8876,0.5);
#8876 = AXIS2_PLACEMENT_3D('',#8877,#8878,#8879);
#8877 = CARTESIAN_POINT('',(36.830073660147,9.310017780036,
    1.600050800102));
#8878 = DIRECTION('',(0.,0.,1.));
#8879 = DIRECTION('',(-1.,-1.110223024625E-16,0.));
#8880 = ORIENTED_EDGE('',*,*,#8831,.F.);
#8881 = ORIENTED_EDGE('',*,*,#8882,.F.);
#8882 = EDGE_CURVE('',#8851,#8832,#8883,.T.);
#8883 = CIRCLE('',#8884,0.5);
#8884 = AXIS2_PLACEMENT_3D('',#8885,#8886,#8887);
#8885 = CARTESIAN_POINT('',(36.830073660147,9.310017780036,0.));
#8886 = DIRECTION('',(0.,0.,1.));
#8887 = DIRECTION('',(-1.,-1.110223024625E-16,0.));
#8888 = CYLINDRICAL_SURFACE('',#8889,0.5);
#8889 = AXIS2_PLACEMENT_3D('',#8890,#8891,#8892);
#8890 = CARTESIAN_POINT('',(36.830073660147,9.310017780036,0.));
#8891 = DIRECTION('',(-0.,-0.,-1.));
#8892 = DIRECTION('',(-1.,-1.110223024625E-16,0.));
#8893 = ADVANCED_FACE('',(#8894),#8930,.F.);
#8894 = FACE_BOUND('',#8895,.T.);
#8895 = EDGE_LOOP('',(#8896,#8906,#8915,#8923));
#8896 = ORIENTED_EDGE('',*,*,#8897,.T.);
#8897 = EDGE_CURVE('',#8898,#8900,#8902,.T.);
#8898 = VERTEX_POINT('',#8899);
#8899 = CARTESIAN_POINT('',(37.330073660147,11.850022860046,0.));
#8900 = VERTEX_POINT('',#8901);
#8901 = CARTESIAN_POINT('',(37.330073660147,11.850022860046,
    1.600050800102));
#8902 = LINE('',#8903,#8904);
#8903 = CARTESIAN_POINT('',(37.330073660147,11.850022860046,0.));
#8904 = VECTOR('',#8905,1.);
#8905 = DIRECTION('',(0.,0.,1.));
#8906 = ORIENTED_EDGE('',*,*,#8907,.T.);
#8907 = EDGE_CURVE('',#8900,#8908,#8910,.T.);
#8908 = VERTEX_POINT('',#8909);
#8909 = CARTESIAN_POINT('',(36.330073660147,11.850022860046,
    1.600050800102));
#8910 = CIRCLE('',#8911,0.5);
#8911 = AXIS2_PLACEMENT_3D('',#8912,#8913,#8914);
#8912 = CARTESIAN_POINT('',(36.830073660147,11.850022860046,
    1.600050800102));
#8913 = DIRECTION('',(0.,0.,1.));
#8914 = DIRECTION('',(1.,1.110223024625E-16,-0.));
#8915 = ORIENTED_EDGE('',*,*,#8916,.F.);
#8916 = EDGE_CURVE('',#8917,#8908,#8919,.T.);
#8917 = VERTEX_POINT('',#8918);
#8918 = CARTESIAN_POINT('',(36.330073660147,11.850022860046,0.));
#8919 = LINE('',#8920,#8921);
#8920 = CARTESIAN_POINT('',(36.330073660147,11.850022860046,0.));
#8921 = VECTOR('',#8922,1.);
#8922 = DIRECTION('',(0.,0.,1.));
#8923 = ORIENTED_EDGE('',*,*,#8924,.F.);
#8924 = EDGE_CURVE('',#8898,#8917,#8925,.T.);
#8925 = CIRCLE('',#8926,0.5);
#8926 = AXIS2_PLACEMENT_3D('',#8927,#8928,#8929);
#8927 = CARTESIAN_POINT('',(36.830073660147,11.850022860046,0.));
#8928 = DIRECTION('',(0.,0.,1.));
#8929 = DIRECTION('',(1.,1.110223024625E-16,-0.));
#8930 = CYLINDRICAL_SURFACE('',#8931,0.5);
#8931 = AXIS2_PLACEMENT_3D('',#8932,#8933,#8934);
#8932 = CARTESIAN_POINT('',(36.830073660147,11.850022860046,0.));
#8933 = DIRECTION('',(-0.,-0.,-1.));
#8934 = DIRECTION('',(1.,1.110223024625E-16,-0.));
#8935 = ADVANCED_FACE('',(#8936),#8954,.F.);
#8936 = FACE_BOUND('',#8937,.T.);
#8937 = EDGE_LOOP('',(#8938,#8939,#8946,#8947));
#8938 = ORIENTED_EDGE('',*,*,#8916,.T.);
#8939 = ORIENTED_EDGE('',*,*,#8940,.T.);
#8940 = EDGE_CURVE('',#8908,#8900,#8941,.T.);
#8941 = CIRCLE('',#8942,0.5);
#8942 = AXIS2_PLACEMENT_3D('',#8943,#8944,#8945);
#8943 = CARTESIAN_POINT('',(36.830073660147,11.850022860046,
    1.600050800102));
#8944 = DIRECTION('',(0.,0.,1.));
#8945 = DIRECTION('',(-1.,-1.110223024625E-16,0.));
#8946 = ORIENTED_EDGE('',*,*,#8897,.F.);
#8947 = ORIENTED_EDGE('',*,*,#8948,.F.);
#8948 = EDGE_CURVE('',#8917,#8898,#8949,.T.);
#8949 = CIRCLE('',#8950,0.5);
#8950 = AXIS2_PLACEMENT_3D('',#8951,#8952,#8953);
#8951 = CARTESIAN_POINT('',(36.830073660147,11.850022860046,0.));
#8952 = DIRECTION('',(0.,0.,1.));
#8953 = DIRECTION('',(-1.,-1.110223024625E-16,0.));
#8954 = CYLINDRICAL_SURFACE('',#8955,0.5);
#8955 = AXIS2_PLACEMENT_3D('',#8956,#8957,#8958);
#8956 = CARTESIAN_POINT('',(36.830073660147,11.850022860046,0.));
#8957 = DIRECTION('',(-0.,-0.,-1.));
#8958 = DIRECTION('',(-1.,-1.110223024625E-16,0.));
#8959 = ADVANCED_FACE('',(#8960),#8996,.F.);
#8960 = FACE_BOUND('',#8961,.T.);
#8961 = EDGE_LOOP('',(#8962,#8972,#8981,#8989));
#8962 = ORIENTED_EDGE('',*,*,#8963,.T.);
#8963 = EDGE_CURVE('',#8964,#8966,#8968,.T.);
#8964 = VERTEX_POINT('',#8965);
#8965 = CARTESIAN_POINT('',(37.330073660147,55.030109220218,0.));
#8966 = VERTEX_POINT('',#8967);
#8967 = CARTESIAN_POINT('',(37.330073660147,55.030109220218,
    1.600050800102));
#8968 = LINE('',#8969,#8970);
#8969 = CARTESIAN_POINT('',(37.330073660147,55.030109220218,0.));
#8970 = VECTOR('',#8971,1.);
#8971 = DIRECTION('',(0.,0.,1.));
#8972 = ORIENTED_EDGE('',*,*,#8973,.T.);
#8973 = EDGE_CURVE('',#8966,#8974,#8976,.T.);
#8974 = VERTEX_POINT('',#8975);
#8975 = CARTESIAN_POINT('',(36.330073660147,55.030109220218,
    1.600050800102));
#8976 = CIRCLE('',#8977,0.5);
#8977 = AXIS2_PLACEMENT_3D('',#8978,#8979,#8980);
#8978 = CARTESIAN_POINT('',(36.830073660147,55.030109220218,
    1.600050800102));
#8979 = DIRECTION('',(0.,0.,1.));
#8980 = DIRECTION('',(1.,1.110223024625E-16,-0.));
#8981 = ORIENTED_EDGE('',*,*,#8982,.F.);
#8982 = EDGE_CURVE('',#8983,#8974,#8985,.T.);
#8983 = VERTEX_POINT('',#8984);
#8984 = CARTESIAN_POINT('',(36.330073660147,55.030109220218,0.));
#8985 = LINE('',#8986,#8987);
#8986 = CARTESIAN_POINT('',(36.330073660147,55.030109220218,0.));
#8987 = VECTOR('',#8988,1.);
#8988 = DIRECTION('',(0.,0.,1.));
#8989 = ORIENTED_EDGE('',*,*,#8990,.F.);
#8990 = EDGE_CURVE('',#8964,#8983,#8991,.T.);
#8991 = CIRCLE('',#8992,0.5);
#8992 = AXIS2_PLACEMENT_3D('',#8993,#8994,#8995);
#8993 = CARTESIAN_POINT('',(36.830073660147,55.030109220218,0.));
#8994 = DIRECTION('',(0.,0.,1.));
#8995 = DIRECTION('',(1.,1.110223024625E-16,-0.));
#8996 = CYLINDRICAL_SURFACE('',#8997,0.5);
#8997 = AXIS2_PLACEMENT_3D('',#8998,#8999,#9000);
#8998 = CARTESIAN_POINT('',(36.830073660147,55.030109220218,0.));
#8999 = DIRECTION('',(-0.,-0.,-1.));
#9000 = DIRECTION('',(1.,1.110223024625E-16,-0.));
#9001 = ADVANCED_FACE('',(#9002),#9020,.F.);
#9002 = FACE_BOUND('',#9003,.T.);
#9003 = EDGE_LOOP('',(#9004,#9005,#9012,#9013));
#9004 = ORIENTED_EDGE('',*,*,#8982,.T.);
#9005 = ORIENTED_EDGE('',*,*,#9006,.T.);
#9006 = EDGE_CURVE('',#8974,#8966,#9007,.T.);
#9007 = CIRCLE('',#9008,0.5);
#9008 = AXIS2_PLACEMENT_3D('',#9009,#9010,#9011);
#9009 = CARTESIAN_POINT('',(36.830073660147,55.030109220218,
    1.600050800102));
#9010 = DIRECTION('',(0.,0.,1.));
#9011 = DIRECTION('',(-1.,-1.110223024625E-16,0.));
#9012 = ORIENTED_EDGE('',*,*,#8963,.F.);
#9013 = ORIENTED_EDGE('',*,*,#9014,.F.);
#9014 = EDGE_CURVE('',#8983,#8964,#9015,.T.);
#9015 = CIRCLE('',#9016,0.5);
#9016 = AXIS2_PLACEMENT_3D('',#9017,#9018,#9019);
#9017 = CARTESIAN_POINT('',(36.830073660147,55.030109220218,0.));
#9018 = DIRECTION('',(0.,0.,1.));
#9019 = DIRECTION('',(-1.,-1.110223024625E-16,0.));
#9020 = CYLINDRICAL_SURFACE('',#9021,0.5);
#9021 = AXIS2_PLACEMENT_3D('',#9022,#9023,#9024);
#9022 = CARTESIAN_POINT('',(36.830073660147,55.030109220218,0.));
#9023 = DIRECTION('',(-0.,-0.,-1.));
#9024 = DIRECTION('',(-1.,-1.110223024625E-16,0.));
#9025 = ADVANCED_FACE('',(#9026),#9062,.F.);
#9026 = FACE_BOUND('',#9027,.T.);
#9027 = EDGE_LOOP('',(#9028,#9038,#9047,#9055));
#9028 = ORIENTED_EDGE('',*,*,#9029,.T.);
#9029 = EDGE_CURVE('',#9030,#9032,#9034,.T.);
#9030 = VERTEX_POINT('',#9031);
#9031 = CARTESIAN_POINT('',(37.330073660147,57.570114300229,0.));
#9032 = VERTEX_POINT('',#9033);
#9033 = CARTESIAN_POINT('',(37.330073660147,57.570114300229,
    1.600050800102));
#9034 = LINE('',#9035,#9036);
#9035 = CARTESIAN_POINT('',(37.330073660147,57.570114300229,0.));
#9036 = VECTOR('',#9037,1.);
#9037 = DIRECTION('',(0.,0.,1.));
#9038 = ORIENTED_EDGE('',*,*,#9039,.T.);
#9039 = EDGE_CURVE('',#9032,#9040,#9042,.T.);
#9040 = VERTEX_POINT('',#9041);
#9041 = CARTESIAN_POINT('',(36.330073660147,57.570114300229,
    1.600050800102));
#9042 = CIRCLE('',#9043,0.5);
#9043 = AXIS2_PLACEMENT_3D('',#9044,#9045,#9046);
#9044 = CARTESIAN_POINT('',(36.830073660147,57.570114300229,
    1.600050800102));
#9045 = DIRECTION('',(0.,0.,1.));
#9046 = DIRECTION('',(1.,1.110223024625E-16,-0.));
#9047 = ORIENTED_EDGE('',*,*,#9048,.F.);
#9048 = EDGE_CURVE('',#9049,#9040,#9051,.T.);
#9049 = VERTEX_POINT('',#9050);
#9050 = CARTESIAN_POINT('',(36.330073660147,57.570114300229,0.));
#9051 = LINE('',#9052,#9053);
#9052 = CARTESIAN_POINT('',(36.330073660147,57.570114300229,0.));
#9053 = VECTOR('',#9054,1.);
#9054 = DIRECTION('',(0.,0.,1.));
#9055 = ORIENTED_EDGE('',*,*,#9056,.F.);
#9056 = EDGE_CURVE('',#9030,#9049,#9057,.T.);
#9057 = CIRCLE('',#9058,0.5);
#9058 = AXIS2_PLACEMENT_3D('',#9059,#9060,#9061);
#9059 = CARTESIAN_POINT('',(36.830073660147,57.570114300229,0.));
#9060 = DIRECTION('',(0.,0.,1.));
#9061 = DIRECTION('',(1.,1.110223024625E-16,-0.));
#9062 = CYLINDRICAL_SURFACE('',#9063,0.5);
#9063 = AXIS2_PLACEMENT_3D('',#9064,#9065,#9066);
#9064 = CARTESIAN_POINT('',(36.830073660147,57.570114300229,0.));
#9065 = DIRECTION('',(-0.,-0.,-1.));
#9066 = DIRECTION('',(1.,1.110223024625E-16,-0.));
#9067 = ADVANCED_FACE('',(#9068),#9086,.F.);
#9068 = FACE_BOUND('',#9069,.T.);
#9069 = EDGE_LOOP('',(#9070,#9071,#9078,#9079));
#9070 = ORIENTED_EDGE('',*,*,#9048,.T.);
#9071 = ORIENTED_EDGE('',*,*,#9072,.T.);
#9072 = EDGE_CURVE('',#9040,#9032,#9073,.T.);
#9073 = CIRCLE('',#9074,0.5);
#9074 = AXIS2_PLACEMENT_3D('',#9075,#9076,#9077);
#9075 = CARTESIAN_POINT('',(36.830073660147,57.570114300229,
    1.600050800102));
#9076 = DIRECTION('',(0.,0.,1.));
#9077 = DIRECTION('',(-1.,-1.110223024625E-16,0.));
#9078 = ORIENTED_EDGE('',*,*,#9029,.F.);
#9079 = ORIENTED_EDGE('',*,*,#9080,.F.);
#9080 = EDGE_CURVE('',#9049,#9030,#9081,.T.);
#9081 = CIRCLE('',#9082,0.5);
#9082 = AXIS2_PLACEMENT_3D('',#9083,#9084,#9085);
#9083 = CARTESIAN_POINT('',(36.830073660147,57.570114300229,0.));
#9084 = DIRECTION('',(0.,0.,1.));
#9085 = DIRECTION('',(-1.,-1.110223024625E-16,0.));
#9086 = CYLINDRICAL_SURFACE('',#9087,0.5);
#9087 = AXIS2_PLACEMENT_3D('',#9088,#9089,#9090);
#9088 = CARTESIAN_POINT('',(36.830073660147,57.570114300229,0.));
#9089 = DIRECTION('',(-0.,-0.,-1.));
#9090 = DIRECTION('',(-1.,-1.110223024625E-16,0.));
#9091 = ADVANCED_FACE('',(#9092),#9128,.F.);
#9092 = FACE_BOUND('',#9093,.T.);
#9093 = EDGE_LOOP('',(#9094,#9104,#9113,#9121));
#9094 = ORIENTED_EDGE('',*,*,#9095,.T.);
#9095 = EDGE_CURVE('',#9096,#9098,#9100,.T.);
#9096 = VERTEX_POINT('',#9097);
#9097 = CARTESIAN_POINT('',(37.330073660147,52.490104140208,0.));
#9098 = VERTEX_POINT('',#9099);
#9099 = CARTESIAN_POINT('',(37.330073660147,52.490104140208,
    1.600050800102));
#9100 = LINE('',#9101,#9102);
#9101 = CARTESIAN_POINT('',(37.330073660147,52.490104140208,0.));
#9102 = VECTOR('',#9103,1.);
#9103 = DIRECTION('',(0.,0.,1.));
#9104 = ORIENTED_EDGE('',*,*,#9105,.T.);
#9105 = EDGE_CURVE('',#9098,#9106,#9108,.T.);
#9106 = VERTEX_POINT('',#9107);
#9107 = CARTESIAN_POINT('',(36.330073660147,52.490104140208,
    1.600050800102));
#9108 = CIRCLE('',#9109,0.5);
#9109 = AXIS2_PLACEMENT_3D('',#9110,#9111,#9112);
#9110 = CARTESIAN_POINT('',(36.830073660147,52.490104140208,
    1.600050800102));
#9111 = DIRECTION('',(0.,0.,1.));
#9112 = DIRECTION('',(1.,1.110223024625E-16,-0.));
#9113 = ORIENTED_EDGE('',*,*,#9114,.F.);
#9114 = EDGE_CURVE('',#9115,#9106,#9117,.T.);
#9115 = VERTEX_POINT('',#9116);
#9116 = CARTESIAN_POINT('',(36.330073660147,52.490104140208,0.));
#9117 = LINE('',#9118,#9119);
#9118 = CARTESIAN_POINT('',(36.330073660147,52.490104140208,0.));
#9119 = VECTOR('',#9120,1.);
#9120 = DIRECTION('',(0.,0.,1.));
#9121 = ORIENTED_EDGE('',*,*,#9122,.F.);
#9122 = EDGE_CURVE('',#9096,#9115,#9123,.T.);
#9123 = CIRCLE('',#9124,0.5);
#9124 = AXIS2_PLACEMENT_3D('',#9125,#9126,#9127);
#9125 = CARTESIAN_POINT('',(36.830073660147,52.490104140208,0.));
#9126 = DIRECTION('',(0.,0.,1.));
#9127 = DIRECTION('',(1.,1.110223024625E-16,-0.));
#9128 = CYLINDRICAL_SURFACE('',#9129,0.5);
#9129 = AXIS2_PLACEMENT_3D('',#9130,#9131,#9132);
#9130 = CARTESIAN_POINT('',(36.830073660147,52.490104140208,0.));
#9131 = DIRECTION('',(-0.,-0.,-1.));
#9132 = DIRECTION('',(1.,1.110223024625E-16,-0.));
#9133 = ADVANCED_FACE('',(#9134),#9152,.F.);
#9134 = FACE_BOUND('',#9135,.T.);
#9135 = EDGE_LOOP('',(#9136,#9137,#9144,#9145));
#9136 = ORIENTED_EDGE('',*,*,#9114,.T.);
#9137 = ORIENTED_EDGE('',*,*,#9138,.T.);
#9138 = EDGE_CURVE('',#9106,#9098,#9139,.T.);
#9139 = CIRCLE('',#9140,0.5);
#9140 = AXIS2_PLACEMENT_3D('',#9141,#9142,#9143);
#9141 = CARTESIAN_POINT('',(36.830073660147,52.490104140208,
    1.600050800102));
#9142 = DIRECTION('',(0.,0.,1.));
#9143 = DIRECTION('',(-1.,-1.110223024625E-16,0.));
#9144 = ORIENTED_EDGE('',*,*,#9095,.F.);
#9145 = ORIENTED_EDGE('',*,*,#9146,.F.);
#9146 = EDGE_CURVE('',#9115,#9096,#9147,.T.);
#9147 = CIRCLE('',#9148,0.5);
#9148 = AXIS2_PLACEMENT_3D('',#9149,#9150,#9151);
#9149 = CARTESIAN_POINT('',(36.830073660147,52.490104140208,0.));
#9150 = DIRECTION('',(0.,0.,1.));
#9151 = DIRECTION('',(-1.,-1.110223024625E-16,0.));
#9152 = CYLINDRICAL_SURFACE('',#9153,0.5);
#9153 = AXIS2_PLACEMENT_3D('',#9154,#9155,#9156);
#9154 = CARTESIAN_POINT('',(36.830073660147,52.490104140208,0.));
#9155 = DIRECTION('',(-0.,-0.,-1.));
#9156 = DIRECTION('',(-1.,-1.110223024625E-16,0.));
#9157 = ADVANCED_FACE('',(#9158),#9194,.F.);
#9158 = FACE_BOUND('',#9159,.T.);
#9159 = EDGE_LOOP('',(#9160,#9170,#9179,#9187));
#9160 = ORIENTED_EDGE('',*,*,#9161,.T.);
#9161 = EDGE_CURVE('',#9162,#9164,#9166,.T.);
#9162 = VERTEX_POINT('',#9163);
#9163 = CARTESIAN_POINT('',(37.330073660147,47.410093980188,0.));
#9164 = VERTEX_POINT('',#9165);
#9165 = CARTESIAN_POINT('',(37.330073660147,47.410093980188,
    1.600050800102));
#9166 = LINE('',#9167,#9168);
#9167 = CARTESIAN_POINT('',(37.330073660147,47.410093980188,0.));
#9168 = VECTOR('',#9169,1.);
#9169 = DIRECTION('',(0.,0.,1.));
#9170 = ORIENTED_EDGE('',*,*,#9171,.T.);
#9171 = EDGE_CURVE('',#9164,#9172,#9174,.T.);
#9172 = VERTEX_POINT('',#9173);
#9173 = CARTESIAN_POINT('',(36.330073660147,47.410093980188,
    1.600050800102));
#9174 = CIRCLE('',#9175,0.5);
#9175 = AXIS2_PLACEMENT_3D('',#9176,#9177,#9178);
#9176 = CARTESIAN_POINT('',(36.830073660147,47.410093980188,
    1.600050800102));
#9177 = DIRECTION('',(0.,0.,1.));
#9178 = DIRECTION('',(1.,1.110223024625E-16,-0.));
#9179 = ORIENTED_EDGE('',*,*,#9180,.F.);
#9180 = EDGE_CURVE('',#9181,#9172,#9183,.T.);
#9181 = VERTEX_POINT('',#9182);
#9182 = CARTESIAN_POINT('',(36.330073660147,47.410093980188,0.));
#9183 = LINE('',#9184,#9185);
#9184 = CARTESIAN_POINT('',(36.330073660147,47.410093980188,0.));
#9185 = VECTOR('',#9186,1.);
#9186 = DIRECTION('',(0.,0.,1.));
#9187 = ORIENTED_EDGE('',*,*,#9188,.F.);
#9188 = EDGE_CURVE('',#9162,#9181,#9189,.T.);
#9189 = CIRCLE('',#9190,0.5);
#9190 = AXIS2_PLACEMENT_3D('',#9191,#9192,#9193);
#9191 = CARTESIAN_POINT('',(36.830073660147,47.410093980188,0.));
#9192 = DIRECTION('',(0.,0.,1.));
#9193 = DIRECTION('',(1.,1.110223024625E-16,-0.));
#9194 = CYLINDRICAL_SURFACE('',#9195,0.5);
#9195 = AXIS2_PLACEMENT_3D('',#9196,#9197,#9198);
#9196 = CARTESIAN_POINT('',(36.830073660147,47.410093980188,0.));
#9197 = DIRECTION('',(-0.,-0.,-1.));
#9198 = DIRECTION('',(1.,1.110223024625E-16,-0.));
#9199 = ADVANCED_FACE('',(#9200),#9218,.F.);
#9200 = FACE_BOUND('',#9201,.T.);
#9201 = EDGE_LOOP('',(#9202,#9203,#9210,#9211));
#9202 = ORIENTED_EDGE('',*,*,#9180,.T.);
#9203 = ORIENTED_EDGE('',*,*,#9204,.T.);
#9204 = EDGE_CURVE('',#9172,#9164,#9205,.T.);
#9205 = CIRCLE('',#9206,0.5);
#9206 = AXIS2_PLACEMENT_3D('',#9207,#9208,#9209);
#9207 = CARTESIAN_POINT('',(36.830073660147,47.410093980188,
    1.600050800102));
#9208 = DIRECTION('',(0.,0.,1.));
#9209 = DIRECTION('',(-1.,-1.110223024625E-16,0.));
#9210 = ORIENTED_EDGE('',*,*,#9161,.F.);
#9211 = ORIENTED_EDGE('',*,*,#9212,.F.);
#9212 = EDGE_CURVE('',#9181,#9162,#9213,.T.);
#9213 = CIRCLE('',#9214,0.5);
#9214 = AXIS2_PLACEMENT_3D('',#9215,#9216,#9217);
#9215 = CARTESIAN_POINT('',(36.830073660147,47.410093980188,0.));
#9216 = DIRECTION('',(0.,0.,1.));
#9217 = DIRECTION('',(-1.,-1.110223024625E-16,0.));
#9218 = CYLINDRICAL_SURFACE('',#9219,0.5);
#9219 = AXIS2_PLACEMENT_3D('',#9220,#9221,#9222);
#9220 = CARTESIAN_POINT('',(36.830073660147,47.410093980188,0.));
#9221 = DIRECTION('',(-0.,-0.,-1.));
#9222 = DIRECTION('',(-1.,-1.110223024625E-16,0.));
#9223 = ADVANCED_FACE('',(#9224),#9260,.F.);
#9224 = FACE_BOUND('',#9225,.T.);
#9225 = EDGE_LOOP('',(#9226,#9236,#9245,#9253));
#9226 = ORIENTED_EDGE('',*,*,#9227,.T.);
#9227 = EDGE_CURVE('',#9228,#9230,#9232,.T.);
#9228 = VERTEX_POINT('',#9229);
#9229 = CARTESIAN_POINT('',(37.330073660147,49.950099060198,0.));
#9230 = VERTEX_POINT('',#9231);
#9231 = CARTESIAN_POINT('',(37.330073660147,49.950099060198,
    1.600050800102));
#9232 = LINE('',#9233,#9234);
#9233 = CARTESIAN_POINT('',(37.330073660147,49.950099060198,0.));
#9234 = VECTOR('',#9235,1.);
#9235 = DIRECTION('',(0.,0.,1.));
#9236 = ORIENTED_EDGE('',*,*,#9237,.T.);
#9237 = EDGE_CURVE('',#9230,#9238,#9240,.T.);
#9238 = VERTEX_POINT('',#9239);
#9239 = CARTESIAN_POINT('',(36.330073660147,49.950099060198,
    1.600050800102));
#9240 = CIRCLE('',#9241,0.5);
#9241 = AXIS2_PLACEMENT_3D('',#9242,#9243,#9244);
#9242 = CARTESIAN_POINT('',(36.830073660147,49.950099060198,
    1.600050800102));
#9243 = DIRECTION('',(0.,0.,1.));
#9244 = DIRECTION('',(1.,1.110223024625E-16,-0.));
#9245 = ORIENTED_EDGE('',*,*,#9246,.F.);
#9246 = EDGE_CURVE('',#9247,#9238,#9249,.T.);
#9247 = VERTEX_POINT('',#9248);
#9248 = CARTESIAN_POINT('',(36.330073660147,49.950099060198,0.));
#9249 = LINE('',#9250,#9251);
#9250 = CARTESIAN_POINT('',(36.330073660147,49.950099060198,0.));
#9251 = VECTOR('',#9252,1.);
#9252 = DIRECTION('',(0.,0.,1.));
#9253 = ORIENTED_EDGE('',*,*,#9254,.F.);
#9254 = EDGE_CURVE('',#9228,#9247,#9255,.T.);
#9255 = CIRCLE('',#9256,0.5);
#9256 = AXIS2_PLACEMENT_3D('',#9257,#9258,#9259);
#9257 = CARTESIAN_POINT('',(36.830073660147,49.950099060198,0.));
#9258 = DIRECTION('',(0.,0.,1.));
#9259 = DIRECTION('',(1.,1.110223024625E-16,-0.));
#9260 = CYLINDRICAL_SURFACE('',#9261,0.5);
#9261 = AXIS2_PLACEMENT_3D('',#9262,#9263,#9264);
#9262 = CARTESIAN_POINT('',(36.830073660147,49.950099060198,0.));
#9263 = DIRECTION('',(-0.,-0.,-1.));
#9264 = DIRECTION('',(1.,1.110223024625E-16,-0.));
#9265 = ADVANCED_FACE('',(#9266),#9284,.F.);
#9266 = FACE_BOUND('',#9267,.T.);
#9267 = EDGE_LOOP('',(#9268,#9269,#9276,#9277));
#9268 = ORIENTED_EDGE('',*,*,#9246,.T.);
#9269 = ORIENTED_EDGE('',*,*,#9270,.T.);
#9270 = EDGE_CURVE('',#9238,#9230,#9271,.T.);
#9271 = CIRCLE('',#9272,0.5);
#9272 = AXIS2_PLACEMENT_3D('',#9273,#9274,#9275);
#9273 = CARTESIAN_POINT('',(36.830073660147,49.950099060198,
    1.600050800102));
#9274 = DIRECTION('',(0.,0.,1.));
#9275 = DIRECTION('',(-1.,-1.110223024625E-16,0.));
#9276 = ORIENTED_EDGE('',*,*,#9227,.F.);
#9277 = ORIENTED_EDGE('',*,*,#9278,.F.);
#9278 = EDGE_CURVE('',#9247,#9228,#9279,.T.);
#9279 = CIRCLE('',#9280,0.5);
#9280 = AXIS2_PLACEMENT_3D('',#9281,#9282,#9283);
#9281 = CARTESIAN_POINT('',(36.830073660147,49.950099060198,0.));
#9282 = DIRECTION('',(0.,0.,1.));
#9283 = DIRECTION('',(-1.,-1.110223024625E-16,0.));
#9284 = CYLINDRICAL_SURFACE('',#9285,0.5);
#9285 = AXIS2_PLACEMENT_3D('',#9286,#9287,#9288);
#9286 = CARTESIAN_POINT('',(36.830073660147,49.950099060198,0.));
#9287 = DIRECTION('',(-0.,-0.,-1.));
#9288 = DIRECTION('',(-1.,-1.110223024625E-16,0.));
#9289 = ADVANCED_FACE('',(#9290),#9326,.F.);
#9290 = FACE_BOUND('',#9291,.T.);
#9291 = EDGE_LOOP('',(#9292,#9302,#9311,#9319));
#9292 = ORIENTED_EDGE('',*,*,#9293,.T.);
#9293 = EDGE_CURVE('',#9294,#9296,#9298,.T.);
#9294 = VERTEX_POINT('',#9295);
#9295 = CARTESIAN_POINT('',(37.330073660147,42.330083820168,0.));
#9296 = VERTEX_POINT('',#9297);
#9297 = CARTESIAN_POINT('',(37.330073660147,42.330083820168,
    1.600050800102));
#9298 = LINE('',#9299,#9300);
#9299 = CARTESIAN_POINT('',(37.330073660147,42.330083820168,0.));
#9300 = VECTOR('',#9301,1.);
#9301 = DIRECTION('',(0.,0.,1.));
#9302 = ORIENTED_EDGE('',*,*,#9303,.T.);
#9303 = EDGE_CURVE('',#9296,#9304,#9306,.T.);
#9304 = VERTEX_POINT('',#9305);
#9305 = CARTESIAN_POINT('',(36.330073660147,42.330083820168,
    1.600050800102));
#9306 = CIRCLE('',#9307,0.5);
#9307 = AXIS2_PLACEMENT_3D('',#9308,#9309,#9310);
#9308 = CARTESIAN_POINT('',(36.830073660147,42.330083820168,
    1.600050800102));
#9309 = DIRECTION('',(0.,0.,1.));
#9310 = DIRECTION('',(1.,1.110223024625E-16,-0.));
#9311 = ORIENTED_EDGE('',*,*,#9312,.F.);
#9312 = EDGE_CURVE('',#9313,#9304,#9315,.T.);
#9313 = VERTEX_POINT('',#9314);
#9314 = CARTESIAN_POINT('',(36.330073660147,42.330083820168,0.));
#9315 = LINE('',#9316,#9317);
#9316 = CARTESIAN_POINT('',(36.330073660147,42.330083820168,0.));
#9317 = VECTOR('',#9318,1.);
#9318 = DIRECTION('',(0.,0.,1.));
#9319 = ORIENTED_EDGE('',*,*,#9320,.F.);
#9320 = EDGE_CURVE('',#9294,#9313,#9321,.T.);
#9321 = CIRCLE('',#9322,0.5);
#9322 = AXIS2_PLACEMENT_3D('',#9323,#9324,#9325);
#9323 = CARTESIAN_POINT('',(36.830073660147,42.330083820168,0.));
#9324 = DIRECTION('',(0.,0.,1.));
#9325 = DIRECTION('',(1.,1.110223024625E-16,-0.));
#9326 = CYLINDRICAL_SURFACE('',#9327,0.5);
#9327 = AXIS2_PLACEMENT_3D('',#9328,#9329,#9330);
#9328 = CARTESIAN_POINT('',(36.830073660147,42.330083820168,0.));
#9329 = DIRECTION('',(-0.,-0.,-1.));
#9330 = DIRECTION('',(1.,1.110223024625E-16,-0.));
#9331 = ADVANCED_FACE('',(#9332),#9350,.F.);
#9332 = FACE_BOUND('',#9333,.T.);
#9333 = EDGE_LOOP('',(#9334,#9335,#9342,#9343));
#9334 = ORIENTED_EDGE('',*,*,#9312,.T.);
#9335 = ORIENTED_EDGE('',*,*,#9336,.T.);
#9336 = EDGE_CURVE('',#9304,#9296,#9337,.T.);
#9337 = CIRCLE('',#9338,0.5);
#9338 = AXIS2_PLACEMENT_3D('',#9339,#9340,#9341);
#9339 = CARTESIAN_POINT('',(36.830073660147,42.330083820168,
    1.600050800102));
#9340 = DIRECTION('',(0.,0.,1.));
#9341 = DIRECTION('',(-1.,-1.110223024625E-16,0.));
#9342 = ORIENTED_EDGE('',*,*,#9293,.F.);
#9343 = ORIENTED_EDGE('',*,*,#9344,.F.);
#9344 = EDGE_CURVE('',#9313,#9294,#9345,.T.);
#9345 = CIRCLE('',#9346,0.5);
#9346 = AXIS2_PLACEMENT_3D('',#9347,#9348,#9349);
#9347 = CARTESIAN_POINT('',(36.830073660147,42.330083820168,0.));
#9348 = DIRECTION('',(0.,0.,1.));
#9349 = DIRECTION('',(-1.,-1.110223024625E-16,0.));
#9350 = CYLINDRICAL_SURFACE('',#9351,0.5);
#9351 = AXIS2_PLACEMENT_3D('',#9352,#9353,#9354);
#9352 = CARTESIAN_POINT('',(36.830073660147,42.330083820168,0.));
#9353 = DIRECTION('',(-0.,-0.,-1.));
#9354 = DIRECTION('',(-1.,-1.110223024625E-16,0.));
#9355 = ADVANCED_FACE('',(#9356),#9392,.F.);
#9356 = FACE_BOUND('',#9357,.T.);
#9357 = EDGE_LOOP('',(#9358,#9368,#9377,#9385));
#9358 = ORIENTED_EDGE('',*,*,#9359,.T.);
#9359 = EDGE_CURVE('',#9360,#9362,#9364,.T.);
#9360 = VERTEX_POINT('',#9361);
#9361 = CARTESIAN_POINT('',(37.330073660147,44.870088900178,0.));
#9362 = VERTEX_POINT('',#9363);
#9363 = CARTESIAN_POINT('',(37.330073660147,44.870088900178,
    1.600050800102));
#9364 = LINE('',#9365,#9366);
#9365 = CARTESIAN_POINT('',(37.330073660147,44.870088900178,0.));
#9366 = VECTOR('',#9367,1.);
#9367 = DIRECTION('',(0.,0.,1.));
#9368 = ORIENTED_EDGE('',*,*,#9369,.T.);
#9369 = EDGE_CURVE('',#9362,#9370,#9372,.T.);
#9370 = VERTEX_POINT('',#9371);
#9371 = CARTESIAN_POINT('',(36.330073660147,44.870088900178,
    1.600050800102));
#9372 = CIRCLE('',#9373,0.5);
#9373 = AXIS2_PLACEMENT_3D('',#9374,#9375,#9376);
#9374 = CARTESIAN_POINT('',(36.830073660147,44.870088900178,
    1.600050800102));
#9375 = DIRECTION('',(0.,0.,1.));
#9376 = DIRECTION('',(1.,1.110223024625E-16,-0.));
#9377 = ORIENTED_EDGE('',*,*,#9378,.F.);
#9378 = EDGE_CURVE('',#9379,#9370,#9381,.T.);
#9379 = VERTEX_POINT('',#9380);
#9380 = CARTESIAN_POINT('',(36.330073660147,44.870088900178,0.));
#9381 = LINE('',#9382,#9383);
#9382 = CARTESIAN_POINT('',(36.330073660147,44.870088900178,0.));
#9383 = VECTOR('',#9384,1.);
#9384 = DIRECTION('',(0.,0.,1.));
#9385 = ORIENTED_EDGE('',*,*,#9386,.F.);
#9386 = EDGE_CURVE('',#9360,#9379,#9387,.T.);
#9387 = CIRCLE('',#9388,0.5);
#9388 = AXIS2_PLACEMENT_3D('',#9389,#9390,#9391);
#9389 = CARTESIAN_POINT('',(36.830073660147,44.870088900178,0.));
#9390 = DIRECTION('',(0.,0.,1.));
#9391 = DIRECTION('',(1.,1.110223024625E-16,-0.));
#9392 = CYLINDRICAL_SURFACE('',#9393,0.5);
#9393 = AXIS2_PLACEMENT_3D('',#9394,#9395,#9396);
#9394 = CARTESIAN_POINT('',(36.830073660147,44.870088900178,0.));
#9395 = DIRECTION('',(-0.,-0.,-1.));
#9396 = DIRECTION('',(1.,1.110223024625E-16,-0.));
#9397 = ADVANCED_FACE('',(#9398),#9416,.F.);
#9398 = FACE_BOUND('',#9399,.T.);
#9399 = EDGE_LOOP('',(#9400,#9401,#9408,#9409));
#9400 = ORIENTED_EDGE('',*,*,#9378,.T.);
#9401 = ORIENTED_EDGE('',*,*,#9402,.T.);
#9402 = EDGE_CURVE('',#9370,#9362,#9403,.T.);
#9403 = CIRCLE('',#9404,0.5);
#9404 = AXIS2_PLACEMENT_3D('',#9405,#9406,#9407);
#9405 = CARTESIAN_POINT('',(36.830073660147,44.870088900178,
    1.600050800102));
#9406 = DIRECTION('',(0.,0.,1.));
#9407 = DIRECTION('',(-1.,-1.110223024625E-16,0.));
#9408 = ORIENTED_EDGE('',*,*,#9359,.F.);
#9409 = ORIENTED_EDGE('',*,*,#9410,.F.);
#9410 = EDGE_CURVE('',#9379,#9360,#9411,.T.);
#9411 = CIRCLE('',#9412,0.5);
#9412 = AXIS2_PLACEMENT_3D('',#9413,#9414,#9415);
#9413 = CARTESIAN_POINT('',(36.830073660147,44.870088900178,0.));
#9414 = DIRECTION('',(0.,0.,1.));
#9415 = DIRECTION('',(-1.,-1.110223024625E-16,0.));
#9416 = CYLINDRICAL_SURFACE('',#9417,0.5);
#9417 = AXIS2_PLACEMENT_3D('',#9418,#9419,#9420);
#9418 = CARTESIAN_POINT('',(36.830073660147,44.870088900178,0.));
#9419 = DIRECTION('',(-0.,-0.,-1.));
#9420 = DIRECTION('',(-1.,-1.110223024625E-16,0.));
#9421 = ADVANCED_FACE('',(#9422),#9458,.F.);
#9422 = FACE_BOUND('',#9423,.T.);
#9423 = EDGE_LOOP('',(#9424,#9434,#9443,#9451));
#9424 = ORIENTED_EDGE('',*,*,#9425,.T.);
#9425 = EDGE_CURVE('',#9426,#9428,#9430,.T.);
#9426 = VERTEX_POINT('',#9427);
#9427 = CARTESIAN_POINT('',(37.330073660147,39.790078740157,0.));
#9428 = VERTEX_POINT('',#9429);
#9429 = CARTESIAN_POINT('',(37.330073660147,39.790078740157,
    1.600050800102));
#9430 = LINE('',#9431,#9432);
#9431 = CARTESIAN_POINT('',(37.330073660147,39.790078740157,0.));
#9432 = VECTOR('',#9433,1.);
#9433 = DIRECTION('',(0.,0.,1.));
#9434 = ORIENTED_EDGE('',*,*,#9435,.T.);
#9435 = EDGE_CURVE('',#9428,#9436,#9438,.T.);
#9436 = VERTEX_POINT('',#9437);
#9437 = CARTESIAN_POINT('',(36.330073660147,39.790078740157,
    1.600050800102));
#9438 = CIRCLE('',#9439,0.5);
#9439 = AXIS2_PLACEMENT_3D('',#9440,#9441,#9442);
#9440 = CARTESIAN_POINT('',(36.830073660147,39.790078740157,
    1.600050800102));
#9441 = DIRECTION('',(0.,0.,1.));
#9442 = DIRECTION('',(1.,1.110223024625E-16,-0.));
#9443 = ORIENTED_EDGE('',*,*,#9444,.F.);
#9444 = EDGE_CURVE('',#9445,#9436,#9447,.T.);
#9445 = VERTEX_POINT('',#9446);
#9446 = CARTESIAN_POINT('',(36.330073660147,39.790078740157,0.));
#9447 = LINE('',#9448,#9449);
#9448 = CARTESIAN_POINT('',(36.330073660147,39.790078740157,0.));
#9449 = VECTOR('',#9450,1.);
#9450 = DIRECTION('',(0.,0.,1.));
#9451 = ORIENTED_EDGE('',*,*,#9452,.F.);
#9452 = EDGE_CURVE('',#9426,#9445,#9453,.T.);
#9453 = CIRCLE('',#9454,0.5);
#9454 = AXIS2_PLACEMENT_3D('',#9455,#9456,#9457);
#9455 = CARTESIAN_POINT('',(36.830073660147,39.790078740157,0.));
#9456 = DIRECTION('',(0.,0.,1.));
#9457 = DIRECTION('',(1.,1.110223024625E-16,-0.));
#9458 = CYLINDRICAL_SURFACE('',#9459,0.5);
#9459 = AXIS2_PLACEMENT_3D('',#9460,#9461,#9462);
#9460 = CARTESIAN_POINT('',(36.830073660147,39.790078740157,0.));
#9461 = DIRECTION('',(-0.,-0.,-1.));
#9462 = DIRECTION('',(1.,1.110223024625E-16,-0.));
#9463 = ADVANCED_FACE('',(#9464),#9482,.F.);
#9464 = FACE_BOUND('',#9465,.T.);
#9465 = EDGE_LOOP('',(#9466,#9467,#9474,#9475));
#9466 = ORIENTED_EDGE('',*,*,#9444,.T.);
#9467 = ORIENTED_EDGE('',*,*,#9468,.T.);
#9468 = EDGE_CURVE('',#9436,#9428,#9469,.T.);
#9469 = CIRCLE('',#9470,0.5);
#9470 = AXIS2_PLACEMENT_3D('',#9471,#9472,#9473);
#9471 = CARTESIAN_POINT('',(36.830073660147,39.790078740157,
    1.600050800102));
#9472 = DIRECTION('',(0.,0.,1.));
#9473 = DIRECTION('',(-1.,-1.110223024625E-16,0.));
#9474 = ORIENTED_EDGE('',*,*,#9425,.F.);
#9475 = ORIENTED_EDGE('',*,*,#9476,.F.);
#9476 = EDGE_CURVE('',#9445,#9426,#9477,.T.);
#9477 = CIRCLE('',#9478,0.5);
#9478 = AXIS2_PLACEMENT_3D('',#9479,#9480,#9481);
#9479 = CARTESIAN_POINT('',(36.830073660147,39.790078740157,0.));
#9480 = DIRECTION('',(0.,0.,1.));
#9481 = DIRECTION('',(-1.,-1.110223024625E-16,0.));
#9482 = CYLINDRICAL_SURFACE('',#9483,0.5);
#9483 = AXIS2_PLACEMENT_3D('',#9484,#9485,#9486);
#9484 = CARTESIAN_POINT('',(36.830073660147,39.790078740157,0.));
#9485 = DIRECTION('',(-0.,-0.,-1.));
#9486 = DIRECTION('',(-1.,-1.110223024625E-16,0.));
#9487 = ADVANCED_FACE('',(#9488),#9524,.F.);
#9488 = FACE_BOUND('',#9489,.T.);
#9489 = EDGE_LOOP('',(#9490,#9500,#9509,#9517));
#9490 = ORIENTED_EDGE('',*,*,#9491,.T.);
#9491 = EDGE_CURVE('',#9492,#9494,#9496,.T.);
#9492 = VERTEX_POINT('',#9493);
#9493 = CARTESIAN_POINT('',(37.330073660147,34.710068580137,0.));
#9494 = VERTEX_POINT('',#9495);
#9495 = CARTESIAN_POINT('',(37.330073660147,34.710068580137,
    1.600050800102));
#9496 = LINE('',#9497,#9498);
#9497 = CARTESIAN_POINT('',(37.330073660147,34.710068580137,0.));
#9498 = VECTOR('',#9499,1.);
#9499 = DIRECTION('',(0.,0.,1.));
#9500 = ORIENTED_EDGE('',*,*,#9501,.T.);
#9501 = EDGE_CURVE('',#9494,#9502,#9504,.T.);
#9502 = VERTEX_POINT('',#9503);
#9503 = CARTESIAN_POINT('',(36.330073660147,34.710068580137,
    1.600050800102));
#9504 = CIRCLE('',#9505,0.5);
#9505 = AXIS2_PLACEMENT_3D('',#9506,#9507,#9508);
#9506 = CARTESIAN_POINT('',(36.830073660147,34.710068580137,
    1.600050800102));
#9507 = DIRECTION('',(0.,0.,1.));
#9508 = DIRECTION('',(1.,1.110223024625E-16,-0.));
#9509 = ORIENTED_EDGE('',*,*,#9510,.F.);
#9510 = EDGE_CURVE('',#9511,#9502,#9513,.T.);
#9511 = VERTEX_POINT('',#9512);
#9512 = CARTESIAN_POINT('',(36.330073660147,34.710068580137,0.));
#9513 = LINE('',#9514,#9515);
#9514 = CARTESIAN_POINT('',(36.330073660147,34.710068580137,0.));
#9515 = VECTOR('',#9516,1.);
#9516 = DIRECTION('',(0.,0.,1.));
#9517 = ORIENTED_EDGE('',*,*,#9518,.F.);
#9518 = EDGE_CURVE('',#9492,#9511,#9519,.T.);
#9519 = CIRCLE('',#9520,0.5);
#9520 = AXIS2_PLACEMENT_3D('',#9521,#9522,#9523);
#9521 = CARTESIAN_POINT('',(36.830073660147,34.710068580137,0.));
#9522 = DIRECTION('',(0.,0.,1.));
#9523 = DIRECTION('',(1.,1.110223024625E-16,-0.));
#9524 = CYLINDRICAL_SURFACE('',#9525,0.5);
#9525 = AXIS2_PLACEMENT_3D('',#9526,#9527,#9528);
#9526 = CARTESIAN_POINT('',(36.830073660147,34.710068580137,0.));
#9527 = DIRECTION('',(-0.,-0.,-1.));
#9528 = DIRECTION('',(1.,1.110223024625E-16,-0.));
#9529 = ADVANCED_FACE('',(#9530),#9548,.F.);
#9530 = FACE_BOUND('',#9531,.T.);
#9531 = EDGE_LOOP('',(#9532,#9533,#9540,#9541));
#9532 = ORIENTED_EDGE('',*,*,#9510,.T.);
#9533 = ORIENTED_EDGE('',*,*,#9534,.T.);
#9534 = EDGE_CURVE('',#9502,#9494,#9535,.T.);
#9535 = CIRCLE('',#9536,0.5);
#9536 = AXIS2_PLACEMENT_3D('',#9537,#9538,#9539);
#9537 = CARTESIAN_POINT('',(36.830073660147,34.710068580137,
    1.600050800102));
#9538 = DIRECTION('',(0.,0.,1.));
#9539 = DIRECTION('',(-1.,-1.110223024625E-16,0.));
#9540 = ORIENTED_EDGE('',*,*,#9491,.F.);
#9541 = ORIENTED_EDGE('',*,*,#9542,.F.);
#9542 = EDGE_CURVE('',#9511,#9492,#9543,.T.);
#9543 = CIRCLE('',#9544,0.5);
#9544 = AXIS2_PLACEMENT_3D('',#9545,#9546,#9547);
#9545 = CARTESIAN_POINT('',(36.830073660147,34.710068580137,0.));
#9546 = DIRECTION('',(0.,0.,1.));
#9547 = DIRECTION('',(-1.,-1.110223024625E-16,0.));
#9548 = CYLINDRICAL_SURFACE('',#9549,0.5);
#9549 = AXIS2_PLACEMENT_3D('',#9550,#9551,#9552);
#9550 = CARTESIAN_POINT('',(36.830073660147,34.710068580137,0.));
#9551 = DIRECTION('',(-0.,-0.,-1.));
#9552 = DIRECTION('',(-1.,-1.110223024625E-16,0.));
#9553 = ADVANCED_FACE('',(#9554),#9590,.F.);
#9554 = FACE_BOUND('',#9555,.T.);
#9555 = EDGE_LOOP('',(#9556,#9566,#9575,#9583));
#9556 = ORIENTED_EDGE('',*,*,#9557,.T.);
#9557 = EDGE_CURVE('',#9558,#9560,#9562,.T.);
#9558 = VERTEX_POINT('',#9559);
#9559 = CARTESIAN_POINT('',(37.330073660147,37.250073660147,0.));
#9560 = VERTEX_POINT('',#9561);
#9561 = CARTESIAN_POINT('',(37.330073660147,37.250073660147,
    1.600050800102));
#9562 = LINE('',#9563,#9564);
#9563 = CARTESIAN_POINT('',(37.330073660147,37.250073660147,0.));
#9564 = VECTOR('',#9565,1.);
#9565 = DIRECTION('',(0.,0.,1.));
#9566 = ORIENTED_EDGE('',*,*,#9567,.T.);
#9567 = EDGE_CURVE('',#9560,#9568,#9570,.T.);
#9568 = VERTEX_POINT('',#9569);
#9569 = CARTESIAN_POINT('',(36.330073660147,37.250073660147,
    1.600050800102));
#9570 = CIRCLE('',#9571,0.5);
#9571 = AXIS2_PLACEMENT_3D('',#9572,#9573,#9574);
#9572 = CARTESIAN_POINT('',(36.830073660147,37.250073660147,
    1.600050800102));
#9573 = DIRECTION('',(0.,0.,1.));
#9574 = DIRECTION('',(1.,1.110223024625E-16,-0.));
#9575 = ORIENTED_EDGE('',*,*,#9576,.F.);
#9576 = EDGE_CURVE('',#9577,#9568,#9579,.T.);
#9577 = VERTEX_POINT('',#9578);
#9578 = CARTESIAN_POINT('',(36.330073660147,37.250073660147,0.));
#9579 = LINE('',#9580,#9581);
#9580 = CARTESIAN_POINT('',(36.330073660147,37.250073660147,0.));
#9581 = VECTOR('',#9582,1.);
#9582 = DIRECTION('',(0.,0.,1.));
#9583 = ORIENTED_EDGE('',*,*,#9584,.F.);
#9584 = EDGE_CURVE('',#9558,#9577,#9585,.T.);
#9585 = CIRCLE('',#9586,0.5);
#9586 = AXIS2_PLACEMENT_3D('',#9587,#9588,#9589);
#9587 = CARTESIAN_POINT('',(36.830073660147,37.250073660147,0.));
#9588 = DIRECTION('',(0.,0.,1.));
#9589 = DIRECTION('',(1.,1.110223024625E-16,-0.));
#9590 = CYLINDRICAL_SURFACE('',#9591,0.5);
#9591 = AXIS2_PLACEMENT_3D('',#9592,#9593,#9594);
#9592 = CARTESIAN_POINT('',(36.830073660147,37.250073660147,0.));
#9593 = DIRECTION('',(-0.,-0.,-1.));
#9594 = DIRECTION('',(1.,1.110223024625E-16,-0.));
#9595 = ADVANCED_FACE('',(#9596),#9614,.F.);
#9596 = FACE_BOUND('',#9597,.T.);
#9597 = EDGE_LOOP('',(#9598,#9599,#9606,#9607));
#9598 = ORIENTED_EDGE('',*,*,#9576,.T.);
#9599 = ORIENTED_EDGE('',*,*,#9600,.T.);
#9600 = EDGE_CURVE('',#9568,#9560,#9601,.T.);
#9601 = CIRCLE('',#9602,0.5);
#9602 = AXIS2_PLACEMENT_3D('',#9603,#9604,#9605);
#9603 = CARTESIAN_POINT('',(36.830073660147,37.250073660147,
    1.600050800102));
#9604 = DIRECTION('',(0.,0.,1.));
#9605 = DIRECTION('',(-1.,-1.110223024625E-16,0.));
#9606 = ORIENTED_EDGE('',*,*,#9557,.F.);
#9607 = ORIENTED_EDGE('',*,*,#9608,.F.);
#9608 = EDGE_CURVE('',#9577,#9558,#9609,.T.);
#9609 = CIRCLE('',#9610,0.5);
#9610 = AXIS2_PLACEMENT_3D('',#9611,#9612,#9613);
#9611 = CARTESIAN_POINT('',(36.830073660147,37.250073660147,0.));
#9612 = DIRECTION('',(0.,0.,1.));
#9613 = DIRECTION('',(-1.,-1.110223024625E-16,0.));
#9614 = CYLINDRICAL_SURFACE('',#9615,0.5);
#9615 = AXIS2_PLACEMENT_3D('',#9616,#9617,#9618);
#9616 = CARTESIAN_POINT('',(36.830073660147,37.250073660147,0.));
#9617 = DIRECTION('',(-0.,-0.,-1.));
#9618 = DIRECTION('',(-1.,-1.110223024625E-16,0.));
#9619 = ADVANCED_FACE('',(#9620),#9656,.F.);
#9620 = FACE_BOUND('',#9621,.T.);
#9621 = EDGE_LOOP('',(#9622,#9632,#9641,#9649));
#9622 = ORIENTED_EDGE('',*,*,#9623,.T.);
#9623 = EDGE_CURVE('',#9624,#9626,#9628,.T.);
#9624 = VERTEX_POINT('',#9625);
#9625 = CARTESIAN_POINT('',(37.330073660147,60.110119380239,0.));
#9626 = VERTEX_POINT('',#9627);
#9627 = CARTESIAN_POINT('',(37.330073660147,60.110119380239,
    1.600050800102));
#9628 = LINE('',#9629,#9630);
#9629 = CARTESIAN_POINT('',(37.330073660147,60.110119380239,0.));
#9630 = VECTOR('',#9631,1.);
#9631 = DIRECTION('',(0.,0.,1.));
#9632 = ORIENTED_EDGE('',*,*,#9633,.T.);
#9633 = EDGE_CURVE('',#9626,#9634,#9636,.T.);
#9634 = VERTEX_POINT('',#9635);
#9635 = CARTESIAN_POINT('',(36.330073660147,60.110119380239,
    1.600050800102));
#9636 = CIRCLE('',#9637,0.5);
#9637 = AXIS2_PLACEMENT_3D('',#9638,#9639,#9640);
#9638 = CARTESIAN_POINT('',(36.830073660147,60.110119380239,
    1.600050800102));
#9639 = DIRECTION('',(0.,0.,1.));
#9640 = DIRECTION('',(1.,1.110223024625E-16,-0.));
#9641 = ORIENTED_EDGE('',*,*,#9642,.F.);
#9642 = EDGE_CURVE('',#9643,#9634,#9645,.T.);
#9643 = VERTEX_POINT('',#9644);
#9644 = CARTESIAN_POINT('',(36.330073660147,60.110119380239,0.));
#9645 = LINE('',#9646,#9647);
#9646 = CARTESIAN_POINT('',(36.330073660147,60.110119380239,0.));
#9647 = VECTOR('',#9648,1.);
#9648 = DIRECTION('',(0.,0.,1.));
#9649 = ORIENTED_EDGE('',*,*,#9650,.F.);
#9650 = EDGE_CURVE('',#9624,#9643,#9651,.T.);
#9651 = CIRCLE('',#9652,0.5);
#9652 = AXIS2_PLACEMENT_3D('',#9653,#9654,#9655);
#9653 = CARTESIAN_POINT('',(36.830073660147,60.110119380239,0.));
#9654 = DIRECTION('',(0.,0.,1.));
#9655 = DIRECTION('',(1.,1.110223024625E-16,-0.));
#9656 = CYLINDRICAL_SURFACE('',#9657,0.5);
#9657 = AXIS2_PLACEMENT_3D('',#9658,#9659,#9660);
#9658 = CARTESIAN_POINT('',(36.830073660147,60.110119380239,0.));
#9659 = DIRECTION('',(-0.,-0.,-1.));
#9660 = DIRECTION('',(1.,1.110223024625E-16,-0.));
#9661 = ADVANCED_FACE('',(#9662),#9680,.F.);
#9662 = FACE_BOUND('',#9663,.T.);
#9663 = EDGE_LOOP('',(#9664,#9665,#9672,#9673));
#9664 = ORIENTED_EDGE('',*,*,#9642,.T.);
#9665 = ORIENTED_EDGE('',*,*,#9666,.T.);
#9666 = EDGE_CURVE('',#9634,#9626,#9667,.T.);
#9667 = CIRCLE('',#9668,0.5);
#9668 = AXIS2_PLACEMENT_3D('',#9669,#9670,#9671);
#9669 = CARTESIAN_POINT('',(36.830073660147,60.110119380239,
    1.600050800102));
#9670 = DIRECTION('',(0.,0.,1.));
#9671 = DIRECTION('',(-1.,-1.110223024625E-16,0.));
#9672 = ORIENTED_EDGE('',*,*,#9623,.F.);
#9673 = ORIENTED_EDGE('',*,*,#9674,.F.);
#9674 = EDGE_CURVE('',#9643,#9624,#9675,.T.);
#9675 = CIRCLE('',#9676,0.5);
#9676 = AXIS2_PLACEMENT_3D('',#9677,#9678,#9679);
#9677 = CARTESIAN_POINT('',(36.830073660147,60.110119380239,0.));
#9678 = DIRECTION('',(0.,0.,1.));
#9679 = DIRECTION('',(-1.,-1.110223024625E-16,0.));
#9680 = CYLINDRICAL_SURFACE('',#9681,0.5);
#9681 = AXIS2_PLACEMENT_3D('',#9682,#9683,#9684);
#9682 = CARTESIAN_POINT('',(36.830073660147,60.110119380239,0.));
#9683 = DIRECTION('',(-0.,-0.,-1.));
#9684 = DIRECTION('',(-1.,-1.110223024625E-16,0.));
#9685 = ADVANCED_FACE('',(#9686),#9722,.F.);
#9686 = FACE_BOUND('',#9687,.T.);
#9687 = EDGE_LOOP('',(#9688,#9698,#9707,#9715));
#9688 = ORIENTED_EDGE('',*,*,#9689,.T.);
#9689 = EDGE_CURVE('',#9690,#9692,#9694,.T.);
#9690 = VERTEX_POINT('',#9691);
#9691 = CARTESIAN_POINT('',(39.62508001016,2.75000508001,0.));
#9692 = VERTEX_POINT('',#9693);
#9693 = CARTESIAN_POINT('',(39.62508001016,2.75000508001,1.600050800102)
  );
#9694 = LINE('',#9695,#9696);
#9695 = CARTESIAN_POINT('',(39.62508001016,2.75000508001,0.));
#9696 = VECTOR('',#9697,1.);
#9697 = DIRECTION('',(0.,0.,1.));
#9698 = ORIENTED_EDGE('',*,*,#9699,.T.);
#9699 = EDGE_CURVE('',#9692,#9700,#9702,.T.);
#9700 = VERTEX_POINT('',#9701);
#9701 = CARTESIAN_POINT('',(36.52507493015,2.75000508001,1.600050800102)
  );
#9702 = CIRCLE('',#9703,1.550002540005);
#9703 = AXIS2_PLACEMENT_3D('',#9704,#9705,#9706);
#9704 = CARTESIAN_POINT('',(38.075077470155,2.75000508001,1.600050800102
    ));
#9705 = DIRECTION('',(0.,0.,1.));
#9706 = DIRECTION('',(1.,1.110223024625E-16,-0.));
#9707 = ORIENTED_EDGE('',*,*,#9708,.F.);
#9708 = EDGE_CURVE('',#9709,#9700,#9711,.T.);
#9709 = VERTEX_POINT('',#9710);
#9710 = CARTESIAN_POINT('',(36.52507493015,2.75000508001,0.));
#9711 = LINE('',#9712,#9713);
#9712 = CARTESIAN_POINT('',(36.52507493015,2.75000508001,0.));
#9713 = VECTOR('',#9714,1.);
#9714 = DIRECTION('',(0.,0.,1.));
#9715 = ORIENTED_EDGE('',*,*,#9716,.F.);
#9716 = EDGE_CURVE('',#9690,#9709,#9717,.T.);
#9717 = CIRCLE('',#9718,1.550002540005);
#9718 = AXIS2_PLACEMENT_3D('',#9719,#9720,#9721);
#9719 = CARTESIAN_POINT('',(38.075077470155,2.75000508001,0.));
#9720 = DIRECTION('',(0.,0.,1.));
#9721 = DIRECTION('',(1.,1.110223024625E-16,-0.));
#9722 = CYLINDRICAL_SURFACE('',#9723,1.550002540005);
#9723 = AXIS2_PLACEMENT_3D('',#9724,#9725,#9726);
#9724 = CARTESIAN_POINT('',(38.075077470155,2.75000508001,0.));
#9725 = DIRECTION('',(-0.,-0.,-1.));
#9726 = DIRECTION('',(1.,1.110223024625E-16,-0.));
#9727 = ADVANCED_FACE('',(#9728),#9746,.F.);
#9728 = FACE_BOUND('',#9729,.T.);
#9729 = EDGE_LOOP('',(#9730,#9731,#9738,#9739));
#9730 = ORIENTED_EDGE('',*,*,#9708,.T.);
#9731 = ORIENTED_EDGE('',*,*,#9732,.T.);
#9732 = EDGE_CURVE('',#9700,#9692,#9733,.T.);
#9733 = CIRCLE('',#9734,1.550002540005);
#9734 = AXIS2_PLACEMENT_3D('',#9735,#9736,#9737);
#9735 = CARTESIAN_POINT('',(38.075077470155,2.75000508001,1.600050800102
    ));
#9736 = DIRECTION('',(0.,0.,1.));
#9737 = DIRECTION('',(-1.,-1.110223024625E-16,0.));
#9738 = ORIENTED_EDGE('',*,*,#9689,.F.);
#9739 = ORIENTED_EDGE('',*,*,#9740,.F.);
#9740 = EDGE_CURVE('',#9709,#9690,#9741,.T.);
#9741 = CIRCLE('',#9742,1.550002540005);
#9742 = AXIS2_PLACEMENT_3D('',#9743,#9744,#9745);
#9743 = CARTESIAN_POINT('',(38.075077470155,2.75000508001,0.));
#9744 = DIRECTION('',(0.,0.,1.));
#9745 = DIRECTION('',(-1.,-1.110223024625E-16,0.));
#9746 = CYLINDRICAL_SURFACE('',#9747,1.550002540005);
#9747 = AXIS2_PLACEMENT_3D('',#9748,#9749,#9750);
#9748 = CARTESIAN_POINT('',(38.075077470155,2.75000508001,0.));
#9749 = DIRECTION('',(-0.,-0.,-1.));
#9750 = DIRECTION('',(-1.,-1.110223024625E-16,0.));
#9751 = ADVANCED_FACE('',(#9752),#9788,.F.);
#9752 = FACE_BOUND('',#9753,.T.);
#9753 = EDGE_LOOP('',(#9754,#9764,#9773,#9781));
#9754 = ORIENTED_EDGE('',*,*,#9755,.T.);
#9755 = EDGE_CURVE('',#9756,#9758,#9760,.T.);
#9756 = VERTEX_POINT('',#9757);
#9757 = CARTESIAN_POINT('',(39.62508001016,64.130127000254,0.));
#9758 = VERTEX_POINT('',#9759);
#9759 = CARTESIAN_POINT('',(39.62508001016,64.130127000254,
    1.600050800102));
#9760 = LINE('',#9761,#9762);
#9761 = CARTESIAN_POINT('',(39.62508001016,64.130127000254,0.));
#9762 = VECTOR('',#9763,1.);
#9763 = DIRECTION('',(0.,0.,1.));
#9764 = ORIENTED_EDGE('',*,*,#9765,.T.);
#9765 = EDGE_CURVE('',#9758,#9766,#9768,.T.);
#9766 = VERTEX_POINT('',#9767);
#9767 = CARTESIAN_POINT('',(36.52507493015,64.130127000254,
    1.600050800102));
#9768 = CIRCLE('',#9769,1.550002540005);
#9769 = AXIS2_PLACEMENT_3D('',#9770,#9771,#9772);
#9770 = CARTESIAN_POINT('',(38.075077470155,64.130127000254,
    1.600050800102));
#9771 = DIRECTION('',(0.,0.,1.));
#9772 = DIRECTION('',(1.,1.110223024625E-16,-0.));
#9773 = ORIENTED_EDGE('',*,*,#9774,.F.);
#9774 = EDGE_CURVE('',#9775,#9766,#9777,.T.);
#9775 = VERTEX_POINT('',#9776);
#9776 = CARTESIAN_POINT('',(36.52507493015,64.130127000254,0.));
#9777 = LINE('',#9778,#9779);
#9778 = CARTESIAN_POINT('',(36.52507493015,64.130127000254,0.));
#9779 = VECTOR('',#9780,1.);
#9780 = DIRECTION('',(0.,0.,1.));
#9781 = ORIENTED_EDGE('',*,*,#9782,.F.);
#9782 = EDGE_CURVE('',#9756,#9775,#9783,.T.);
#9783 = CIRCLE('',#9784,1.550002540005);
#9784 = AXIS2_PLACEMENT_3D('',#9785,#9786,#9787);
#9785 = CARTESIAN_POINT('',(38.075077470155,64.130127000254,0.));
#9786 = DIRECTION('',(0.,0.,1.));
#9787 = DIRECTION('',(1.,1.110223024625E-16,-0.));
#9788 = CYLINDRICAL_SURFACE('',#9789,1.550002540005);
#9789 = AXIS2_PLACEMENT_3D('',#9790,#9791,#9792);
#9790 = CARTESIAN_POINT('',(38.075077470155,64.130127000254,0.));
#9791 = DIRECTION('',(-0.,-0.,-1.));
#9792 = DIRECTION('',(1.,1.110223024625E-16,-0.));
#9793 = ADVANCED_FACE('',(#9794),#9812,.F.);
#9794 = FACE_BOUND('',#9795,.T.);
#9795 = EDGE_LOOP('',(#9796,#9797,#9804,#9805));
#9796 = ORIENTED_EDGE('',*,*,#9774,.T.);
#9797 = ORIENTED_EDGE('',*,*,#9798,.T.);
#9798 = EDGE_CURVE('',#9766,#9758,#9799,.T.);
#9799 = CIRCLE('',#9800,1.550002540005);
#9800 = AXIS2_PLACEMENT_3D('',#9801,#9802,#9803);
#9801 = CARTESIAN_POINT('',(38.075077470155,64.130127000254,
    1.600050800102));
#9802 = DIRECTION('',(0.,0.,1.));
#9803 = DIRECTION('',(-1.,-1.110223024625E-16,0.));
#9804 = ORIENTED_EDGE('',*,*,#9755,.F.);
#9805 = ORIENTED_EDGE('',*,*,#9806,.F.);
#9806 = EDGE_CURVE('',#9775,#9756,#9807,.T.);
#9807 = CIRCLE('',#9808,1.550002540005);
#9808 = AXIS2_PLACEMENT_3D('',#9809,#9810,#9811);
#9809 = CARTESIAN_POINT('',(38.075077470155,64.130127000254,0.));
#9810 = DIRECTION('',(0.,0.,1.));
#9811 = DIRECTION('',(-1.,-1.110223024625E-16,0.));
#9812 = CYLINDRICAL_SURFACE('',#9813,1.550002540005);
#9813 = AXIS2_PLACEMENT_3D('',#9814,#9815,#9816);
#9814 = CARTESIAN_POINT('',(38.075077470155,64.130127000254,0.));
#9815 = DIRECTION('',(-0.,-0.,-1.));
#9816 = DIRECTION('',(-1.,-1.110223024625E-16,0.));
#9817 = ADVANCED_FACE('',(#9818),#9854,.F.);
#9818 = FACE_BOUND('',#9819,.T.);
#9819 = EDGE_LOOP('',(#9820,#9830,#9839,#9847));
#9820 = ORIENTED_EDGE('',*,*,#9821,.T.);
#9821 = EDGE_CURVE('',#9822,#9824,#9826,.T.);
#9822 = VERTEX_POINT('',#9823);
#9823 = CARTESIAN_POINT('',(39.870078740157,29.630058420117,0.));
#9824 = VERTEX_POINT('',#9825);
#9825 = CARTESIAN_POINT('',(39.870078740157,29.630058420117,
    1.600050800102));
#9826 = LINE('',#9827,#9828);
#9827 = CARTESIAN_POINT('',(39.870078740157,29.630058420117,0.));
#9828 = VECTOR('',#9829,1.);
#9829 = DIRECTION('',(0.,0.,1.));
#9830 = ORIENTED_EDGE('',*,*,#9831,.T.);
#9831 = EDGE_CURVE('',#9824,#9832,#9834,.T.);
#9832 = VERTEX_POINT('',#9833);
#9833 = CARTESIAN_POINT('',(38.870078740157,29.630058420117,
    1.600050800102));
#9834 = CIRCLE('',#9835,0.5);
#9835 = AXIS2_PLACEMENT_3D('',#9836,#9837,#9838);
#9836 = CARTESIAN_POINT('',(39.370078740157,29.630058420117,
    1.600050800102));
#9837 = DIRECTION('',(0.,0.,1.));
#9838 = DIRECTION('',(1.,1.110223024625E-16,-0.));
#9839 = ORIENTED_EDGE('',*,*,#9840,.F.);
#9840 = EDGE_CURVE('',#9841,#9832,#9843,.T.);
#9841 = VERTEX_POINT('',#9842);
#9842 = CARTESIAN_POINT('',(38.870078740157,29.630058420117,0.));
#9843 = LINE('',#9844,#9845);
#9844 = CARTESIAN_POINT('',(38.870078740157,29.630058420117,0.));
#9845 = VECTOR('',#9846,1.);
#9846 = DIRECTION('',(0.,0.,1.));
#9847 = ORIENTED_EDGE('',*,*,#9848,.F.);
#9848 = EDGE_CURVE('',#9822,#9841,#9849,.T.);
#9849 = CIRCLE('',#9850,0.5);
#9850 = AXIS2_PLACEMENT_3D('',#9851,#9852,#9853);
#9851 = CARTESIAN_POINT('',(39.370078740157,29.630058420117,0.));
#9852 = DIRECTION('',(0.,0.,1.));
#9853 = DIRECTION('',(1.,1.110223024625E-16,-0.));
#9854 = CYLINDRICAL_SURFACE('',#9855,0.5);
#9855 = AXIS2_PLACEMENT_3D('',#9856,#9857,#9858);
#9856 = CARTESIAN_POINT('',(39.370078740157,29.630058420117,0.));
#9857 = DIRECTION('',(-0.,-0.,-1.));
#9858 = DIRECTION('',(1.,1.110223024625E-16,-0.));
#9859 = ADVANCED_FACE('',(#9860),#9878,.F.);
#9860 = FACE_BOUND('',#9861,.T.);
#9861 = EDGE_LOOP('',(#9862,#9863,#9870,#9871));
#9862 = ORIENTED_EDGE('',*,*,#9840,.T.);
#9863 = ORIENTED_EDGE('',*,*,#9864,.T.);
#9864 = EDGE_CURVE('',#9832,#9824,#9865,.T.);
#9865 = CIRCLE('',#9866,0.5);
#9866 = AXIS2_PLACEMENT_3D('',#9867,#9868,#9869);
#9867 = CARTESIAN_POINT('',(39.370078740157,29.630058420117,
    1.600050800102));
#9868 = DIRECTION('',(0.,0.,1.));
#9869 = DIRECTION('',(-1.,-1.110223024625E-16,0.));
#9870 = ORIENTED_EDGE('',*,*,#9821,.F.);
#9871 = ORIENTED_EDGE('',*,*,#9872,.F.);
#9872 = EDGE_CURVE('',#9841,#9822,#9873,.T.);
#9873 = CIRCLE('',#9874,0.5);
#9874 = AXIS2_PLACEMENT_3D('',#9875,#9876,#9877);
#9875 = CARTESIAN_POINT('',(39.370078740157,29.630058420117,0.));
#9876 = DIRECTION('',(0.,0.,1.));
#9877 = DIRECTION('',(-1.,-1.110223024625E-16,0.));
#9878 = CYLINDRICAL_SURFACE('',#9879,0.5);
#9879 = AXIS2_PLACEMENT_3D('',#9880,#9881,#9882);
#9880 = CARTESIAN_POINT('',(39.370078740157,29.630058420117,0.));
#9881 = DIRECTION('',(-0.,-0.,-1.));
#9882 = DIRECTION('',(-1.,-1.110223024625E-16,0.));
#9883 = ADVANCED_FACE('',(#9884),#9920,.F.);
#9884 = FACE_BOUND('',#9885,.T.);
#9885 = EDGE_LOOP('',(#9886,#9896,#9905,#9913));
#9886 = ORIENTED_EDGE('',*,*,#9887,.T.);
#9887 = EDGE_CURVE('',#9888,#9890,#9892,.T.);
#9888 = VERTEX_POINT('',#9889);
#9889 = CARTESIAN_POINT('',(39.870078740157,32.170063500127,0.));
#9890 = VERTEX_POINT('',#9891);
#9891 = CARTESIAN_POINT('',(39.870078740157,32.170063500127,
    1.600050800102));
#9892 = LINE('',#9893,#9894);
#9893 = CARTESIAN_POINT('',(39.870078740157,32.170063500127,0.));
#9894 = VECTOR('',#9895,1.);
#9895 = DIRECTION('',(0.,0.,1.));
#9896 = ORIENTED_EDGE('',*,*,#9897,.T.);
#9897 = EDGE_CURVE('',#9890,#9898,#9900,.T.);
#9898 = VERTEX_POINT('',#9899);
#9899 = CARTESIAN_POINT('',(38.870078740157,32.170063500127,
    1.600050800102));
#9900 = CIRCLE('',#9901,0.5);
#9901 = AXIS2_PLACEMENT_3D('',#9902,#9903,#9904);
#9902 = CARTESIAN_POINT('',(39.370078740157,32.170063500127,
    1.600050800102));
#9903 = DIRECTION('',(0.,0.,1.));
#9904 = DIRECTION('',(1.,1.110223024625E-16,-0.));
#9905 = ORIENTED_EDGE('',*,*,#9906,.F.);
#9906 = EDGE_CURVE('',#9907,#9898,#9909,.T.);
#9907 = VERTEX_POINT('',#9908);
#9908 = CARTESIAN_POINT('',(38.870078740157,32.170063500127,0.));
#9909 = LINE('',#9910,#9911);
#9910 = CARTESIAN_POINT('',(38.870078740157,32.170063500127,0.));
#9911 = VECTOR('',#9912,1.);
#9912 = DIRECTION('',(0.,0.,1.));
#9913 = ORIENTED_EDGE('',*,*,#9914,.F.);
#9914 = EDGE_CURVE('',#9888,#9907,#9915,.T.);
#9915 = CIRCLE('',#9916,0.5);
#9916 = AXIS2_PLACEMENT_3D('',#9917,#9918,#9919);
#9917 = CARTESIAN_POINT('',(39.370078740157,32.170063500127,0.));
#9918 = DIRECTION('',(0.,0.,1.));
#9919 = DIRECTION('',(1.,1.110223024625E-16,-0.));
#9920 = CYLINDRICAL_SURFACE('',#9921,0.5);
#9921 = AXIS2_PLACEMENT_3D('',#9922,#9923,#9924);
#9922 = CARTESIAN_POINT('',(39.370078740157,32.170063500127,0.));
#9923 = DIRECTION('',(-0.,-0.,-1.));
#9924 = DIRECTION('',(1.,1.110223024625E-16,-0.));
#9925 = ADVANCED_FACE('',(#9926),#9944,.F.);
#9926 = FACE_BOUND('',#9927,.T.);
#9927 = EDGE_LOOP('',(#9928,#9929,#9936,#9937));
#9928 = ORIENTED_EDGE('',*,*,#9906,.T.);
#9929 = ORIENTED_EDGE('',*,*,#9930,.T.);
#9930 = EDGE_CURVE('',#9898,#9890,#9931,.T.);
#9931 = CIRCLE('',#9932,0.5);
#9932 = AXIS2_PLACEMENT_3D('',#9933,#9934,#9935);
#9933 = CARTESIAN_POINT('',(39.370078740157,32.170063500127,
    1.600050800102));
#9934 = DIRECTION('',(0.,0.,1.));
#9935 = DIRECTION('',(-1.,-1.110223024625E-16,0.));
#9936 = ORIENTED_EDGE('',*,*,#9887,.F.);
#9937 = ORIENTED_EDGE('',*,*,#9938,.F.);
#9938 = EDGE_CURVE('',#9907,#9888,#9939,.T.);
#9939 = CIRCLE('',#9940,0.5);
#9940 = AXIS2_PLACEMENT_3D('',#9941,#9942,#9943);
#9941 = CARTESIAN_POINT('',(39.370078740157,32.170063500127,0.));
#9942 = DIRECTION('',(0.,0.,1.));
#9943 = DIRECTION('',(-1.,-1.110223024625E-16,0.));
#9944 = CYLINDRICAL_SURFACE('',#9945,0.5);
#9945 = AXIS2_PLACEMENT_3D('',#9946,#9947,#9948);
#9946 = CARTESIAN_POINT('',(39.370078740157,32.170063500127,0.));
#9947 = DIRECTION('',(-0.,-0.,-1.));
#9948 = DIRECTION('',(-1.,-1.110223024625E-16,0.));
#9949 = ADVANCED_FACE('',(#9950),#9986,.F.);
#9950 = FACE_BOUND('',#9951,.T.);
#9951 = EDGE_LOOP('',(#9952,#9962,#9971,#9979));
#9952 = ORIENTED_EDGE('',*,*,#9953,.T.);
#9953 = EDGE_CURVE('',#9954,#9956,#9958,.T.);
#9954 = VERTEX_POINT('',#9955);
#9955 = CARTESIAN_POINT('',(39.870078740157,27.090053340107,0.));
#9956 = VERTEX_POINT('',#9957);
#9957 = CARTESIAN_POINT('',(39.870078740157,27.090053340107,
    1.600050800102));
#9958 = LINE('',#9959,#9960);
#9959 = CARTESIAN_POINT('',(39.870078740157,27.090053340107,0.));
#9960 = VECTOR('',#9961,1.);
#9961 = DIRECTION('',(0.,0.,1.));
#9962 = ORIENTED_EDGE('',*,*,#9963,.T.);
#9963 = EDGE_CURVE('',#9956,#9964,#9966,.T.);
#9964 = VERTEX_POINT('',#9965);
#9965 = CARTESIAN_POINT('',(38.870078740157,27.090053340107,
    1.600050800102));
#9966 = CIRCLE('',#9967,0.5);
#9967 = AXIS2_PLACEMENT_3D('',#9968,#9969,#9970);
#9968 = CARTESIAN_POINT('',(39.370078740157,27.090053340107,
    1.600050800102));
#9969 = DIRECTION('',(0.,0.,1.));
#9970 = DIRECTION('',(1.,1.110223024625E-16,-0.));
#9971 = ORIENTED_EDGE('',*,*,#9972,.F.);
#9972 = EDGE_CURVE('',#9973,#9964,#9975,.T.);
#9973 = VERTEX_POINT('',#9974);
#9974 = CARTESIAN_POINT('',(38.870078740157,27.090053340107,0.));
#9975 = LINE('',#9976,#9977);
#9976 = CARTESIAN_POINT('',(38.870078740157,27.090053340107,0.));
#9977 = VECTOR('',#9978,1.);
#9978 = DIRECTION('',(0.,0.,1.));
#9979 = ORIENTED_EDGE('',*,*,#9980,.F.);
#9980 = EDGE_CURVE('',#9954,#9973,#9981,.T.);
#9981 = CIRCLE('',#9982,0.5);
#9982 = AXIS2_PLACEMENT_3D('',#9983,#9984,#9985);
#9983 = CARTESIAN_POINT('',(39.370078740157,27.090053340107,0.));
#9984 = DIRECTION('',(0.,0.,1.));
#9985 = DIRECTION('',(1.,1.110223024625E-16,-0.));
#9986 = CYLINDRICAL_SURFACE('',#9987,0.5);
#9987 = AXIS2_PLACEMENT_3D('',#9988,#9989,#9990);
#9988 = CARTESIAN_POINT('',(39.370078740157,27.090053340107,0.));
#9989 = DIRECTION('',(-0.,-0.,-1.));
#9990 = DIRECTION('',(1.,1.110223024625E-16,-0.));
#9991 = ADVANCED_FACE('',(#9992),#10010,.F.);
#9992 = FACE_BOUND('',#9993,.T.);
#9993 = EDGE_LOOP('',(#9994,#9995,#10002,#10003));
#9994 = ORIENTED_EDGE('',*,*,#9972,.T.);
#9995 = ORIENTED_EDGE('',*,*,#9996,.T.);
#9996 = EDGE_CURVE('',#9964,#9956,#9997,.T.);
#9997 = CIRCLE('',#9998,0.5);
#9998 = AXIS2_PLACEMENT_3D('',#9999,#10000,#10001);
#9999 = CARTESIAN_POINT('',(39.370078740157,27.090053340107,
    1.600050800102));
#10000 = DIRECTION('',(0.,0.,1.));
#10001 = DIRECTION('',(-1.,-1.110223024625E-16,0.));
#10002 = ORIENTED_EDGE('',*,*,#9953,.F.);
#10003 = ORIENTED_EDGE('',*,*,#10004,.F.);
#10004 = EDGE_CURVE('',#9973,#9954,#10005,.T.);
#10005 = CIRCLE('',#10006,0.5);
#10006 = AXIS2_PLACEMENT_3D('',#10007,#10008,#10009);
#10007 = CARTESIAN_POINT('',(39.370078740157,27.090053340107,0.));
#10008 = DIRECTION('',(0.,0.,1.));
#10009 = DIRECTION('',(-1.,-1.110223024625E-16,0.));
#10010 = CYLINDRICAL_SURFACE('',#10011,0.5);
#10011 = AXIS2_PLACEMENT_3D('',#10012,#10013,#10014);
#10012 = CARTESIAN_POINT('',(39.370078740157,27.090053340107,0.));
#10013 = DIRECTION('',(-0.,-0.,-1.));
#10014 = DIRECTION('',(-1.,-1.110223024625E-16,0.));
#10015 = ADVANCED_FACE('',(#10016),#10052,.F.);
#10016 = FACE_BOUND('',#10017,.T.);
#10017 = EDGE_LOOP('',(#10018,#10028,#10037,#10045));
#10018 = ORIENTED_EDGE('',*,*,#10019,.T.);
#10019 = EDGE_CURVE('',#10020,#10022,#10024,.T.);
#10020 = VERTEX_POINT('',#10021);
#10021 = CARTESIAN_POINT('',(39.870078740157,16.930033020066,0.));
#10022 = VERTEX_POINT('',#10023);
#10023 = CARTESIAN_POINT('',(39.870078740157,16.930033020066,
    1.600050800102));
#10024 = LINE('',#10025,#10026);
#10025 = CARTESIAN_POINT('',(39.870078740157,16.930033020066,0.));
#10026 = VECTOR('',#10027,1.);
#10027 = DIRECTION('',(0.,0.,1.));
#10028 = ORIENTED_EDGE('',*,*,#10029,.T.);
#10029 = EDGE_CURVE('',#10022,#10030,#10032,.T.);
#10030 = VERTEX_POINT('',#10031);
#10031 = CARTESIAN_POINT('',(38.870078740157,16.930033020066,
    1.600050800102));
#10032 = CIRCLE('',#10033,0.5);
#10033 = AXIS2_PLACEMENT_3D('',#10034,#10035,#10036);
#10034 = CARTESIAN_POINT('',(39.370078740157,16.930033020066,
    1.600050800102));
#10035 = DIRECTION('',(0.,0.,1.));
#10036 = DIRECTION('',(1.,1.110223024625E-16,-0.));
#10037 = ORIENTED_EDGE('',*,*,#10038,.F.);
#10038 = EDGE_CURVE('',#10039,#10030,#10041,.T.);
#10039 = VERTEX_POINT('',#10040);
#10040 = CARTESIAN_POINT('',(38.870078740157,16.930033020066,0.));
#10041 = LINE('',#10042,#10043);
#10042 = CARTESIAN_POINT('',(38.870078740157,16.930033020066,0.));
#10043 = VECTOR('',#10044,1.);
#10044 = DIRECTION('',(0.,0.,1.));
#10045 = ORIENTED_EDGE('',*,*,#10046,.F.);
#10046 = EDGE_CURVE('',#10020,#10039,#10047,.T.);
#10047 = CIRCLE('',#10048,0.5);
#10048 = AXIS2_PLACEMENT_3D('',#10049,#10050,#10051);
#10049 = CARTESIAN_POINT('',(39.370078740157,16.930033020066,0.));
#10050 = DIRECTION('',(0.,0.,1.));
#10051 = DIRECTION('',(1.,1.110223024625E-16,-0.));
#10052 = CYLINDRICAL_SURFACE('',#10053,0.5);
#10053 = AXIS2_PLACEMENT_3D('',#10054,#10055,#10056);
#10054 = CARTESIAN_POINT('',(39.370078740157,16.930033020066,0.));
#10055 = DIRECTION('',(-0.,-0.,-1.));
#10056 = DIRECTION('',(1.,1.110223024625E-16,-0.));
#10057 = ADVANCED_FACE('',(#10058),#10076,.F.);
#10058 = FACE_BOUND('',#10059,.T.);
#10059 = EDGE_LOOP('',(#10060,#10061,#10068,#10069));
#10060 = ORIENTED_EDGE('',*,*,#10038,.T.);
#10061 = ORIENTED_EDGE('',*,*,#10062,.T.);
#10062 = EDGE_CURVE('',#10030,#10022,#10063,.T.);
#10063 = CIRCLE('',#10064,0.5);
#10064 = AXIS2_PLACEMENT_3D('',#10065,#10066,#10067);
#10065 = CARTESIAN_POINT('',(39.370078740157,16.930033020066,
    1.600050800102));
#10066 = DIRECTION('',(0.,0.,1.));
#10067 = DIRECTION('',(-1.,-1.110223024625E-16,0.));
#10068 = ORIENTED_EDGE('',*,*,#10019,.F.);
#10069 = ORIENTED_EDGE('',*,*,#10070,.F.);
#10070 = EDGE_CURVE('',#10039,#10020,#10071,.T.);
#10071 = CIRCLE('',#10072,0.5);
#10072 = AXIS2_PLACEMENT_3D('',#10073,#10074,#10075);
#10073 = CARTESIAN_POINT('',(39.370078740157,16.930033020066,0.));
#10074 = DIRECTION('',(0.,0.,1.));
#10075 = DIRECTION('',(-1.,-1.110223024625E-16,0.));
#10076 = CYLINDRICAL_SURFACE('',#10077,0.5);
#10077 = AXIS2_PLACEMENT_3D('',#10078,#10079,#10080);
#10078 = CARTESIAN_POINT('',(39.370078740157,16.930033020066,0.));
#10079 = DIRECTION('',(-0.,-0.,-1.));
#10080 = DIRECTION('',(-1.,-1.110223024625E-16,0.));
#10081 = ADVANCED_FACE('',(#10082),#10118,.F.);
#10082 = FACE_BOUND('',#10083,.T.);
#10083 = EDGE_LOOP('',(#10084,#10094,#10103,#10111));
#10084 = ORIENTED_EDGE('',*,*,#10085,.T.);
#10085 = EDGE_CURVE('',#10086,#10088,#10090,.T.);
#10086 = VERTEX_POINT('',#10087);
#10087 = CARTESIAN_POINT('',(39.870078740157,19.470038100076,0.));
#10088 = VERTEX_POINT('',#10089);
#10089 = CARTESIAN_POINT('',(39.870078740157,19.470038100076,
    1.600050800102));
#10090 = LINE('',#10091,#10092);
#10091 = CARTESIAN_POINT('',(39.870078740157,19.470038100076,0.));
#10092 = VECTOR('',#10093,1.);
#10093 = DIRECTION('',(0.,0.,1.));
#10094 = ORIENTED_EDGE('',*,*,#10095,.T.);
#10095 = EDGE_CURVE('',#10088,#10096,#10098,.T.);
#10096 = VERTEX_POINT('',#10097);
#10097 = CARTESIAN_POINT('',(38.870078740157,19.470038100076,
    1.600050800102));
#10098 = CIRCLE('',#10099,0.5);
#10099 = AXIS2_PLACEMENT_3D('',#10100,#10101,#10102);
#10100 = CARTESIAN_POINT('',(39.370078740157,19.470038100076,
    1.600050800102));
#10101 = DIRECTION('',(0.,0.,1.));
#10102 = DIRECTION('',(1.,1.110223024625E-16,-0.));
#10103 = ORIENTED_EDGE('',*,*,#10104,.F.);
#10104 = EDGE_CURVE('',#10105,#10096,#10107,.T.);
#10105 = VERTEX_POINT('',#10106);
#10106 = CARTESIAN_POINT('',(38.870078740157,19.470038100076,0.));
#10107 = LINE('',#10108,#10109);
#10108 = CARTESIAN_POINT('',(38.870078740157,19.470038100076,0.));
#10109 = VECTOR('',#10110,1.);
#10110 = DIRECTION('',(0.,0.,1.));
#10111 = ORIENTED_EDGE('',*,*,#10112,.F.);
#10112 = EDGE_CURVE('',#10086,#10105,#10113,.T.);
#10113 = CIRCLE('',#10114,0.5);
#10114 = AXIS2_PLACEMENT_3D('',#10115,#10116,#10117);
#10115 = CARTESIAN_POINT('',(39.370078740157,19.470038100076,0.));
#10116 = DIRECTION('',(0.,0.,1.));
#10117 = DIRECTION('',(1.,1.110223024625E-16,-0.));
#10118 = CYLINDRICAL_SURFACE('',#10119,0.5);
#10119 = AXIS2_PLACEMENT_3D('',#10120,#10121,#10122);
#10120 = CARTESIAN_POINT('',(39.370078740157,19.470038100076,0.));
#10121 = DIRECTION('',(-0.,-0.,-1.));
#10122 = DIRECTION('',(1.,1.110223024625E-16,-0.));
#10123 = ADVANCED_FACE('',(#10124),#10142,.F.);
#10124 = FACE_BOUND('',#10125,.T.);
#10125 = EDGE_LOOP('',(#10126,#10127,#10134,#10135));
#10126 = ORIENTED_EDGE('',*,*,#10104,.T.);
#10127 = ORIENTED_EDGE('',*,*,#10128,.T.);
#10128 = EDGE_CURVE('',#10096,#10088,#10129,.T.);
#10129 = CIRCLE('',#10130,0.5);
#10130 = AXIS2_PLACEMENT_3D('',#10131,#10132,#10133);
#10131 = CARTESIAN_POINT('',(39.370078740157,19.470038100076,
    1.600050800102));
#10132 = DIRECTION('',(0.,0.,1.));
#10133 = DIRECTION('',(-1.,-1.110223024625E-16,0.));
#10134 = ORIENTED_EDGE('',*,*,#10085,.F.);
#10135 = ORIENTED_EDGE('',*,*,#10136,.F.);
#10136 = EDGE_CURVE('',#10105,#10086,#10137,.T.);
#10137 = CIRCLE('',#10138,0.5);
#10138 = AXIS2_PLACEMENT_3D('',#10139,#10140,#10141);
#10139 = CARTESIAN_POINT('',(39.370078740157,19.470038100076,0.));
#10140 = DIRECTION('',(0.,0.,1.));
#10141 = DIRECTION('',(-1.,-1.110223024625E-16,0.));
#10142 = CYLINDRICAL_SURFACE('',#10143,0.5);
#10143 = AXIS2_PLACEMENT_3D('',#10144,#10145,#10146);
#10144 = CARTESIAN_POINT('',(39.370078740157,19.470038100076,0.));
#10145 = DIRECTION('',(-0.,-0.,-1.));
#10146 = DIRECTION('',(-1.,-1.110223024625E-16,0.));
#10147 = ADVANCED_FACE('',(#10148),#10184,.F.);
#10148 = FACE_BOUND('',#10149,.T.);
#10149 = EDGE_LOOP('',(#10150,#10160,#10169,#10177));
#10150 = ORIENTED_EDGE('',*,*,#10151,.T.);
#10151 = EDGE_CURVE('',#10152,#10154,#10156,.T.);
#10152 = VERTEX_POINT('',#10153);
#10153 = CARTESIAN_POINT('',(39.870078740157,22.010043180086,0.));
#10154 = VERTEX_POINT('',#10155);
#10155 = CARTESIAN_POINT('',(39.870078740157,22.010043180086,
    1.600050800102));
#10156 = LINE('',#10157,#10158);
#10157 = CARTESIAN_POINT('',(39.870078740157,22.010043180086,0.));
#10158 = VECTOR('',#10159,1.);
#10159 = DIRECTION('',(0.,0.,1.));
#10160 = ORIENTED_EDGE('',*,*,#10161,.T.);
#10161 = EDGE_CURVE('',#10154,#10162,#10164,.T.);
#10162 = VERTEX_POINT('',#10163);
#10163 = CARTESIAN_POINT('',(38.870078740157,22.010043180086,
    1.600050800102));
#10164 = CIRCLE('',#10165,0.5);
#10165 = AXIS2_PLACEMENT_3D('',#10166,#10167,#10168);
#10166 = CARTESIAN_POINT('',(39.370078740157,22.010043180086,
    1.600050800102));
#10167 = DIRECTION('',(0.,0.,1.));
#10168 = DIRECTION('',(1.,1.110223024625E-16,-0.));
#10169 = ORIENTED_EDGE('',*,*,#10170,.F.);
#10170 = EDGE_CURVE('',#10171,#10162,#10173,.T.);
#10171 = VERTEX_POINT('',#10172);
#10172 = CARTESIAN_POINT('',(38.870078740157,22.010043180086,0.));
#10173 = LINE('',#10174,#10175);
#10174 = CARTESIAN_POINT('',(38.870078740157,22.010043180086,0.));
#10175 = VECTOR('',#10176,1.);
#10176 = DIRECTION('',(0.,0.,1.));
#10177 = ORIENTED_EDGE('',*,*,#10178,.F.);
#10178 = EDGE_CURVE('',#10152,#10171,#10179,.T.);
#10179 = CIRCLE('',#10180,0.5);
#10180 = AXIS2_PLACEMENT_3D('',#10181,#10182,#10183);
#10181 = CARTESIAN_POINT('',(39.370078740157,22.010043180086,0.));
#10182 = DIRECTION('',(0.,0.,1.));
#10183 = DIRECTION('',(1.,1.110223024625E-16,-0.));
#10184 = CYLINDRICAL_SURFACE('',#10185,0.5);
#10185 = AXIS2_PLACEMENT_3D('',#10186,#10187,#10188);
#10186 = CARTESIAN_POINT('',(39.370078740157,22.010043180086,0.));
#10187 = DIRECTION('',(-0.,-0.,-1.));
#10188 = DIRECTION('',(1.,1.110223024625E-16,-0.));
#10189 = ADVANCED_FACE('',(#10190),#10208,.F.);
#10190 = FACE_BOUND('',#10191,.T.);
#10191 = EDGE_LOOP('',(#10192,#10193,#10200,#10201));
#10192 = ORIENTED_EDGE('',*,*,#10170,.T.);
#10193 = ORIENTED_EDGE('',*,*,#10194,.T.);
#10194 = EDGE_CURVE('',#10162,#10154,#10195,.T.);
#10195 = CIRCLE('',#10196,0.5);
#10196 = AXIS2_PLACEMENT_3D('',#10197,#10198,#10199);
#10197 = CARTESIAN_POINT('',(39.370078740157,22.010043180086,
    1.600050800102));
#10198 = DIRECTION('',(0.,0.,1.));
#10199 = DIRECTION('',(-1.,-1.110223024625E-16,0.));
#10200 = ORIENTED_EDGE('',*,*,#10151,.F.);
#10201 = ORIENTED_EDGE('',*,*,#10202,.F.);
#10202 = EDGE_CURVE('',#10171,#10152,#10203,.T.);
#10203 = CIRCLE('',#10204,0.5);
#10204 = AXIS2_PLACEMENT_3D('',#10205,#10206,#10207);
#10205 = CARTESIAN_POINT('',(39.370078740157,22.010043180086,0.));
#10206 = DIRECTION('',(0.,0.,1.));
#10207 = DIRECTION('',(-1.,-1.110223024625E-16,0.));
#10208 = CYLINDRICAL_SURFACE('',#10209,0.5);
#10209 = AXIS2_PLACEMENT_3D('',#10210,#10211,#10212);
#10210 = CARTESIAN_POINT('',(39.370078740157,22.010043180086,0.));
#10211 = DIRECTION('',(-0.,-0.,-1.));
#10212 = DIRECTION('',(-1.,-1.110223024625E-16,0.));
#10213 = ADVANCED_FACE('',(#10214),#10250,.F.);
#10214 = FACE_BOUND('',#10215,.T.);
#10215 = EDGE_LOOP('',(#10216,#10226,#10235,#10243));
#10216 = ORIENTED_EDGE('',*,*,#10217,.T.);
#10217 = EDGE_CURVE('',#10218,#10220,#10222,.T.);
#10218 = VERTEX_POINT('',#10219);
#10219 = CARTESIAN_POINT('',(39.870078740157,24.550048260097,0.));
#10220 = VERTEX_POINT('',#10221);
#10221 = CARTESIAN_POINT('',(39.870078740157,24.550048260097,
    1.600050800102));
#10222 = LINE('',#10223,#10224);
#10223 = CARTESIAN_POINT('',(39.870078740157,24.550048260097,0.));
#10224 = VECTOR('',#10225,1.);
#10225 = DIRECTION('',(0.,0.,1.));
#10226 = ORIENTED_EDGE('',*,*,#10227,.T.);
#10227 = EDGE_CURVE('',#10220,#10228,#10230,.T.);
#10228 = VERTEX_POINT('',#10229);
#10229 = CARTESIAN_POINT('',(38.870078740157,24.550048260097,
    1.600050800102));
#10230 = CIRCLE('',#10231,0.5);
#10231 = AXIS2_PLACEMENT_3D('',#10232,#10233,#10234);
#10232 = CARTESIAN_POINT('',(39.370078740157,24.550048260097,
    1.600050800102));
#10233 = DIRECTION('',(0.,0.,1.));
#10234 = DIRECTION('',(1.,1.110223024625E-16,-0.));
#10235 = ORIENTED_EDGE('',*,*,#10236,.F.);
#10236 = EDGE_CURVE('',#10237,#10228,#10239,.T.);
#10237 = VERTEX_POINT('',#10238);
#10238 = CARTESIAN_POINT('',(38.870078740157,24.550048260097,0.));
#10239 = LINE('',#10240,#10241);
#10240 = CARTESIAN_POINT('',(38.870078740157,24.550048260097,0.));
#10241 = VECTOR('',#10242,1.);
#10242 = DIRECTION('',(0.,0.,1.));
#10243 = ORIENTED_EDGE('',*,*,#10244,.F.);
#10244 = EDGE_CURVE('',#10218,#10237,#10245,.T.);
#10245 = CIRCLE('',#10246,0.5);
#10246 = AXIS2_PLACEMENT_3D('',#10247,#10248,#10249);
#10247 = CARTESIAN_POINT('',(39.370078740157,24.550048260097,0.));
#10248 = DIRECTION('',(0.,0.,1.));
#10249 = DIRECTION('',(1.,1.110223024625E-16,-0.));
#10250 = CYLINDRICAL_SURFACE('',#10251,0.5);
#10251 = AXIS2_PLACEMENT_3D('',#10252,#10253,#10254);
#10252 = CARTESIAN_POINT('',(39.370078740157,24.550048260097,0.));
#10253 = DIRECTION('',(-0.,-0.,-1.));
#10254 = DIRECTION('',(1.,1.110223024625E-16,-0.));
#10255 = ADVANCED_FACE('',(#10256),#10274,.F.);
#10256 = FACE_BOUND('',#10257,.T.);
#10257 = EDGE_LOOP('',(#10258,#10259,#10266,#10267));
#10258 = ORIENTED_EDGE('',*,*,#10236,.T.);
#10259 = ORIENTED_EDGE('',*,*,#10260,.T.);
#10260 = EDGE_CURVE('',#10228,#10220,#10261,.T.);
#10261 = CIRCLE('',#10262,0.5);
#10262 = AXIS2_PLACEMENT_3D('',#10263,#10264,#10265);
#10263 = CARTESIAN_POINT('',(39.370078740157,24.550048260097,
    1.600050800102));
#10264 = DIRECTION('',(0.,0.,1.));
#10265 = DIRECTION('',(-1.,-1.110223024625E-16,0.));
#10266 = ORIENTED_EDGE('',*,*,#10217,.F.);
#10267 = ORIENTED_EDGE('',*,*,#10268,.F.);
#10268 = EDGE_CURVE('',#10237,#10218,#10269,.T.);
#10269 = CIRCLE('',#10270,0.5);
#10270 = AXIS2_PLACEMENT_3D('',#10271,#10272,#10273);
#10271 = CARTESIAN_POINT('',(39.370078740157,24.550048260097,0.));
#10272 = DIRECTION('',(0.,0.,1.));
#10273 = DIRECTION('',(-1.,-1.110223024625E-16,0.));
#10274 = CYLINDRICAL_SURFACE('',#10275,0.5);
#10275 = AXIS2_PLACEMENT_3D('',#10276,#10277,#10278);
#10276 = CARTESIAN_POINT('',(39.370078740157,24.550048260097,0.));
#10277 = DIRECTION('',(-0.,-0.,-1.));
#10278 = DIRECTION('',(-1.,-1.110223024625E-16,0.));
#10279 = ADVANCED_FACE('',(#10280),#10316,.F.);
#10280 = FACE_BOUND('',#10281,.T.);
#10281 = EDGE_LOOP('',(#10282,#10292,#10301,#10309));
#10282 = ORIENTED_EDGE('',*,*,#10283,.T.);
#10283 = EDGE_CURVE('',#10284,#10286,#10288,.T.);
#10284 = VERTEX_POINT('',#10285);
#10285 = CARTESIAN_POINT('',(39.870078740157,14.390027940056,0.));
#10286 = VERTEX_POINT('',#10287);
#10287 = CARTESIAN_POINT('',(39.870078740157,14.390027940056,
    1.600050800102));
#10288 = LINE('',#10289,#10290);
#10289 = CARTESIAN_POINT('',(39.870078740157,14.390027940056,0.));
#10290 = VECTOR('',#10291,1.);
#10291 = DIRECTION('',(0.,0.,1.));
#10292 = ORIENTED_EDGE('',*,*,#10293,.T.);
#10293 = EDGE_CURVE('',#10286,#10294,#10296,.T.);
#10294 = VERTEX_POINT('',#10295);
#10295 = CARTESIAN_POINT('',(38.870078740157,14.390027940056,
    1.600050800102));
#10296 = CIRCLE('',#10297,0.5);
#10297 = AXIS2_PLACEMENT_3D('',#10298,#10299,#10300);
#10298 = CARTESIAN_POINT('',(39.370078740157,14.390027940056,
    1.600050800102));
#10299 = DIRECTION('',(0.,0.,1.));
#10300 = DIRECTION('',(1.,1.110223024625E-16,-0.));
#10301 = ORIENTED_EDGE('',*,*,#10302,.F.);
#10302 = EDGE_CURVE('',#10303,#10294,#10305,.T.);
#10303 = VERTEX_POINT('',#10304);
#10304 = CARTESIAN_POINT('',(38.870078740157,14.390027940056,0.));
#10305 = LINE('',#10306,#10307);
#10306 = CARTESIAN_POINT('',(38.870078740157,14.390027940056,0.));
#10307 = VECTOR('',#10308,1.);
#10308 = DIRECTION('',(0.,0.,1.));
#10309 = ORIENTED_EDGE('',*,*,#10310,.F.);
#10310 = EDGE_CURVE('',#10284,#10303,#10311,.T.);
#10311 = CIRCLE('',#10312,0.5);
#10312 = AXIS2_PLACEMENT_3D('',#10313,#10314,#10315);
#10313 = CARTESIAN_POINT('',(39.370078740157,14.390027940056,0.));
#10314 = DIRECTION('',(0.,0.,1.));
#10315 = DIRECTION('',(1.,1.110223024625E-16,-0.));
#10316 = CYLINDRICAL_SURFACE('',#10317,0.5);
#10317 = AXIS2_PLACEMENT_3D('',#10318,#10319,#10320);
#10318 = CARTESIAN_POINT('',(39.370078740157,14.390027940056,0.));
#10319 = DIRECTION('',(-0.,-0.,-1.));
#10320 = DIRECTION('',(1.,1.110223024625E-16,-0.));
#10321 = ADVANCED_FACE('',(#10322),#10340,.F.);
#10322 = FACE_BOUND('',#10323,.T.);
#10323 = EDGE_LOOP('',(#10324,#10325,#10332,#10333));
#10324 = ORIENTED_EDGE('',*,*,#10302,.T.);
#10325 = ORIENTED_EDGE('',*,*,#10326,.T.);
#10326 = EDGE_CURVE('',#10294,#10286,#10327,.T.);
#10327 = CIRCLE('',#10328,0.5);
#10328 = AXIS2_PLACEMENT_3D('',#10329,#10330,#10331);
#10329 = CARTESIAN_POINT('',(39.370078740157,14.390027940056,
    1.600050800102));
#10330 = DIRECTION('',(0.,0.,1.));
#10331 = DIRECTION('',(-1.,-1.110223024625E-16,0.));
#10332 = ORIENTED_EDGE('',*,*,#10283,.F.);
#10333 = ORIENTED_EDGE('',*,*,#10334,.F.);
#10334 = EDGE_CURVE('',#10303,#10284,#10335,.T.);
#10335 = CIRCLE('',#10336,0.5);
#10336 = AXIS2_PLACEMENT_3D('',#10337,#10338,#10339);
#10337 = CARTESIAN_POINT('',(39.370078740157,14.390027940056,0.));
#10338 = DIRECTION('',(0.,0.,1.));
#10339 = DIRECTION('',(-1.,-1.110223024625E-16,0.));
#10340 = CYLINDRICAL_SURFACE('',#10341,0.5);
#10341 = AXIS2_PLACEMENT_3D('',#10342,#10343,#10344);
#10342 = CARTESIAN_POINT('',(39.370078740157,14.390027940056,0.));
#10343 = DIRECTION('',(-0.,-0.,-1.));
#10344 = DIRECTION('',(-1.,-1.110223024625E-16,0.));
#10345 = ADVANCED_FACE('',(#10346),#10382,.F.);
#10346 = FACE_BOUND('',#10347,.T.);
#10347 = EDGE_LOOP('',(#10348,#10358,#10367,#10375));
#10348 = ORIENTED_EDGE('',*,*,#10349,.T.);
#10349 = EDGE_CURVE('',#10350,#10352,#10354,.T.);
#10350 = VERTEX_POINT('',#10351);
#10351 = CARTESIAN_POINT('',(39.870078740157,6.770012700025,0.));
#10352 = VERTEX_POINT('',#10353);
#10353 = CARTESIAN_POINT('',(39.870078740157,6.770012700025,
    1.600050800102));
#10354 = LINE('',#10355,#10356);
#10355 = CARTESIAN_POINT('',(39.870078740157,6.770012700025,0.));
#10356 = VECTOR('',#10357,1.);
#10357 = DIRECTION('',(0.,0.,1.));
#10358 = ORIENTED_EDGE('',*,*,#10359,.T.);
#10359 = EDGE_CURVE('',#10352,#10360,#10362,.T.);
#10360 = VERTEX_POINT('',#10361);
#10361 = CARTESIAN_POINT('',(38.870078740157,6.770012700025,
    1.600050800102));
#10362 = CIRCLE('',#10363,0.5);
#10363 = AXIS2_PLACEMENT_3D('',#10364,#10365,#10366);
#10364 = CARTESIAN_POINT('',(39.370078740157,6.770012700025,
    1.600050800102));
#10365 = DIRECTION('',(0.,0.,1.));
#10366 = DIRECTION('',(1.,1.110223024625E-16,-0.));
#10367 = ORIENTED_EDGE('',*,*,#10368,.F.);
#10368 = EDGE_CURVE('',#10369,#10360,#10371,.T.);
#10369 = VERTEX_POINT('',#10370);
#10370 = CARTESIAN_POINT('',(38.870078740157,6.770012700025,0.));
#10371 = LINE('',#10372,#10373);
#10372 = CARTESIAN_POINT('',(38.870078740157,6.770012700025,0.));
#10373 = VECTOR('',#10374,1.);
#10374 = DIRECTION('',(0.,0.,1.));
#10375 = ORIENTED_EDGE('',*,*,#10376,.F.);
#10376 = EDGE_CURVE('',#10350,#10369,#10377,.T.);
#10377 = CIRCLE('',#10378,0.5);
#10378 = AXIS2_PLACEMENT_3D('',#10379,#10380,#10381);
#10379 = CARTESIAN_POINT('',(39.370078740157,6.770012700025,0.));
#10380 = DIRECTION('',(0.,0.,1.));
#10381 = DIRECTION('',(1.,1.110223024625E-16,-0.));
#10382 = CYLINDRICAL_SURFACE('',#10383,0.5);
#10383 = AXIS2_PLACEMENT_3D('',#10384,#10385,#10386);
#10384 = CARTESIAN_POINT('',(39.370078740157,6.770012700025,0.));
#10385 = DIRECTION('',(-0.,-0.,-1.));
#10386 = DIRECTION('',(1.,1.110223024625E-16,-0.));
#10387 = ADVANCED_FACE('',(#10388),#10406,.F.);
#10388 = FACE_BOUND('',#10389,.T.);
#10389 = EDGE_LOOP('',(#10390,#10391,#10398,#10399));
#10390 = ORIENTED_EDGE('',*,*,#10368,.T.);
#10391 = ORIENTED_EDGE('',*,*,#10392,.T.);
#10392 = EDGE_CURVE('',#10360,#10352,#10393,.T.);
#10393 = CIRCLE('',#10394,0.5);
#10394 = AXIS2_PLACEMENT_3D('',#10395,#10396,#10397);
#10395 = CARTESIAN_POINT('',(39.370078740157,6.770012700025,
    1.600050800102));
#10396 = DIRECTION('',(0.,0.,1.));
#10397 = DIRECTION('',(-1.,-1.110223024625E-16,0.));
#10398 = ORIENTED_EDGE('',*,*,#10349,.F.);
#10399 = ORIENTED_EDGE('',*,*,#10400,.F.);
#10400 = EDGE_CURVE('',#10369,#10350,#10401,.T.);
#10401 = CIRCLE('',#10402,0.5);
#10402 = AXIS2_PLACEMENT_3D('',#10403,#10404,#10405);
#10403 = CARTESIAN_POINT('',(39.370078740157,6.770012700025,0.));
#10404 = DIRECTION('',(0.,0.,1.));
#10405 = DIRECTION('',(-1.,-1.110223024625E-16,0.));
#10406 = CYLINDRICAL_SURFACE('',#10407,0.5);
#10407 = AXIS2_PLACEMENT_3D('',#10408,#10409,#10410);
#10408 = CARTESIAN_POINT('',(39.370078740157,6.770012700025,0.));
#10409 = DIRECTION('',(-0.,-0.,-1.));
#10410 = DIRECTION('',(-1.,-1.110223024625E-16,0.));
#10411 = ADVANCED_FACE('',(#10412),#10448,.F.);
#10412 = FACE_BOUND('',#10413,.T.);
#10413 = EDGE_LOOP('',(#10414,#10424,#10433,#10441));
#10414 = ORIENTED_EDGE('',*,*,#10415,.T.);
#10415 = EDGE_CURVE('',#10416,#10418,#10420,.T.);
#10416 = VERTEX_POINT('',#10417);
#10417 = CARTESIAN_POINT('',(39.870078740157,9.310017780036,0.));
#10418 = VERTEX_POINT('',#10419);
#10419 = CARTESIAN_POINT('',(39.870078740157,9.310017780036,
    1.600050800102));
#10420 = LINE('',#10421,#10422);
#10421 = CARTESIAN_POINT('',(39.870078740157,9.310017780036,0.));
#10422 = VECTOR('',#10423,1.);
#10423 = DIRECTION('',(0.,0.,1.));
#10424 = ORIENTED_EDGE('',*,*,#10425,.T.);
#10425 = EDGE_CURVE('',#10418,#10426,#10428,.T.);
#10426 = VERTEX_POINT('',#10427);
#10427 = CARTESIAN_POINT('',(38.870078740157,9.310017780036,
    1.600050800102));
#10428 = CIRCLE('',#10429,0.5);
#10429 = AXIS2_PLACEMENT_3D('',#10430,#10431,#10432);
#10430 = CARTESIAN_POINT('',(39.370078740157,9.310017780036,
    1.600050800102));
#10431 = DIRECTION('',(0.,0.,1.));
#10432 = DIRECTION('',(1.,1.110223024625E-16,-0.));
#10433 = ORIENTED_EDGE('',*,*,#10434,.F.);
#10434 = EDGE_CURVE('',#10435,#10426,#10437,.T.);
#10435 = VERTEX_POINT('',#10436);
#10436 = CARTESIAN_POINT('',(38.870078740157,9.310017780036,0.));
#10437 = LINE('',#10438,#10439);
#10438 = CARTESIAN_POINT('',(38.870078740157,9.310017780036,0.));
#10439 = VECTOR('',#10440,1.);
#10440 = DIRECTION('',(0.,0.,1.));
#10441 = ORIENTED_EDGE('',*,*,#10442,.F.);
#10442 = EDGE_CURVE('',#10416,#10435,#10443,.T.);
#10443 = CIRCLE('',#10444,0.5);
#10444 = AXIS2_PLACEMENT_3D('',#10445,#10446,#10447);
#10445 = CARTESIAN_POINT('',(39.370078740157,9.310017780036,0.));
#10446 = DIRECTION('',(0.,0.,1.));
#10447 = DIRECTION('',(1.,1.110223024625E-16,-0.));
#10448 = CYLINDRICAL_SURFACE('',#10449,0.5);
#10449 = AXIS2_PLACEMENT_3D('',#10450,#10451,#10452);
#10450 = CARTESIAN_POINT('',(39.370078740157,9.310017780036,0.));
#10451 = DIRECTION('',(-0.,-0.,-1.));
#10452 = DIRECTION('',(1.,1.110223024625E-16,-0.));
#10453 = ADVANCED_FACE('',(#10454),#10472,.F.);
#10454 = FACE_BOUND('',#10455,.T.);
#10455 = EDGE_LOOP('',(#10456,#10457,#10464,#10465));
#10456 = ORIENTED_EDGE('',*,*,#10434,.T.);
#10457 = ORIENTED_EDGE('',*,*,#10458,.T.);
#10458 = EDGE_CURVE('',#10426,#10418,#10459,.T.);
#10459 = CIRCLE('',#10460,0.5);
#10460 = AXIS2_PLACEMENT_3D('',#10461,#10462,#10463);
#10461 = CARTESIAN_POINT('',(39.370078740157,9.310017780036,
    1.600050800102));
#10462 = DIRECTION('',(0.,0.,1.));
#10463 = DIRECTION('',(-1.,-1.110223024625E-16,0.));
#10464 = ORIENTED_EDGE('',*,*,#10415,.F.);
#10465 = ORIENTED_EDGE('',*,*,#10466,.F.);
#10466 = EDGE_CURVE('',#10435,#10416,#10467,.T.);
#10467 = CIRCLE('',#10468,0.5);
#10468 = AXIS2_PLACEMENT_3D('',#10469,#10470,#10471);
#10469 = CARTESIAN_POINT('',(39.370078740157,9.310017780036,0.));
#10470 = DIRECTION('',(0.,0.,1.));
#10471 = DIRECTION('',(-1.,-1.110223024625E-16,0.));
#10472 = CYLINDRICAL_SURFACE('',#10473,0.5);
#10473 = AXIS2_PLACEMENT_3D('',#10474,#10475,#10476);
#10474 = CARTESIAN_POINT('',(39.370078740157,9.310017780036,0.));
#10475 = DIRECTION('',(-0.,-0.,-1.));
#10476 = DIRECTION('',(-1.,-1.110223024625E-16,0.));
#10477 = ADVANCED_FACE('',(#10478),#10514,.F.);
#10478 = FACE_BOUND('',#10479,.T.);
#10479 = EDGE_LOOP('',(#10480,#10490,#10499,#10507));
#10480 = ORIENTED_EDGE('',*,*,#10481,.T.);
#10481 = EDGE_CURVE('',#10482,#10484,#10486,.T.);
#10482 = VERTEX_POINT('',#10483);
#10483 = CARTESIAN_POINT('',(39.870078740157,11.850022860046,0.));
#10484 = VERTEX_POINT('',#10485);
#10485 = CARTESIAN_POINT('',(39.870078740157,11.850022860046,
    1.600050800102));
#10486 = LINE('',#10487,#10488);
#10487 = CARTESIAN_POINT('',(39.870078740157,11.850022860046,0.));
#10488 = VECTOR('',#10489,1.);
#10489 = DIRECTION('',(0.,0.,1.));
#10490 = ORIENTED_EDGE('',*,*,#10491,.T.);
#10491 = EDGE_CURVE('',#10484,#10492,#10494,.T.);
#10492 = VERTEX_POINT('',#10493);
#10493 = CARTESIAN_POINT('',(38.870078740157,11.850022860046,
    1.600050800102));
#10494 = CIRCLE('',#10495,0.5);
#10495 = AXIS2_PLACEMENT_3D('',#10496,#10497,#10498);
#10496 = CARTESIAN_POINT('',(39.370078740157,11.850022860046,
    1.600050800102));
#10497 = DIRECTION('',(0.,0.,1.));
#10498 = DIRECTION('',(1.,1.110223024625E-16,-0.));
#10499 = ORIENTED_EDGE('',*,*,#10500,.F.);
#10500 = EDGE_CURVE('',#10501,#10492,#10503,.T.);
#10501 = VERTEX_POINT('',#10502);
#10502 = CARTESIAN_POINT('',(38.870078740157,11.850022860046,0.));
#10503 = LINE('',#10504,#10505);
#10504 = CARTESIAN_POINT('',(38.870078740157,11.850022860046,0.));
#10505 = VECTOR('',#10506,1.);
#10506 = DIRECTION('',(0.,0.,1.));
#10507 = ORIENTED_EDGE('',*,*,#10508,.F.);
#10508 = EDGE_CURVE('',#10482,#10501,#10509,.T.);
#10509 = CIRCLE('',#10510,0.5);
#10510 = AXIS2_PLACEMENT_3D('',#10511,#10512,#10513);
#10511 = CARTESIAN_POINT('',(39.370078740157,11.850022860046,0.));
#10512 = DIRECTION('',(0.,0.,1.));
#10513 = DIRECTION('',(1.,1.110223024625E-16,-0.));
#10514 = CYLINDRICAL_SURFACE('',#10515,0.5);
#10515 = AXIS2_PLACEMENT_3D('',#10516,#10517,#10518);
#10516 = CARTESIAN_POINT('',(39.370078740157,11.850022860046,0.));
#10517 = DIRECTION('',(-0.,-0.,-1.));
#10518 = DIRECTION('',(1.,1.110223024625E-16,-0.));
#10519 = ADVANCED_FACE('',(#10520),#10538,.F.);
#10520 = FACE_BOUND('',#10521,.T.);
#10521 = EDGE_LOOP('',(#10522,#10523,#10530,#10531));
#10522 = ORIENTED_EDGE('',*,*,#10500,.T.);
#10523 = ORIENTED_EDGE('',*,*,#10524,.T.);
#10524 = EDGE_CURVE('',#10492,#10484,#10525,.T.);
#10525 = CIRCLE('',#10526,0.5);
#10526 = AXIS2_PLACEMENT_3D('',#10527,#10528,#10529);
#10527 = CARTESIAN_POINT('',(39.370078740157,11.850022860046,
    1.600050800102));
#10528 = DIRECTION('',(0.,0.,1.));
#10529 = DIRECTION('',(-1.,-1.110223024625E-16,0.));
#10530 = ORIENTED_EDGE('',*,*,#10481,.F.);
#10531 = ORIENTED_EDGE('',*,*,#10532,.F.);
#10532 = EDGE_CURVE('',#10501,#10482,#10533,.T.);
#10533 = CIRCLE('',#10534,0.5);
#10534 = AXIS2_PLACEMENT_3D('',#10535,#10536,#10537);
#10535 = CARTESIAN_POINT('',(39.370078740157,11.850022860046,0.));
#10536 = DIRECTION('',(0.,0.,1.));
#10537 = DIRECTION('',(-1.,-1.110223024625E-16,0.));
#10538 = CYLINDRICAL_SURFACE('',#10539,0.5);
#10539 = AXIS2_PLACEMENT_3D('',#10540,#10541,#10542);
#10540 = CARTESIAN_POINT('',(39.370078740157,11.850022860046,0.));
#10541 = DIRECTION('',(-0.,-0.,-1.));
#10542 = DIRECTION('',(-1.,-1.110223024625E-16,0.));
#10543 = ADVANCED_FACE('',(#10544),#10580,.F.);
#10544 = FACE_BOUND('',#10545,.T.);
#10545 = EDGE_LOOP('',(#10546,#10556,#10565,#10573));
#10546 = ORIENTED_EDGE('',*,*,#10547,.T.);
#10547 = EDGE_CURVE('',#10548,#10550,#10552,.T.);
#10548 = VERTEX_POINT('',#10549);
#10549 = CARTESIAN_POINT('',(39.870078740157,55.030109220218,0.));
#10550 = VERTEX_POINT('',#10551);
#10551 = CARTESIAN_POINT('',(39.870078740157,55.030109220218,
    1.600050800102));
#10552 = LINE('',#10553,#10554);
#10553 = CARTESIAN_POINT('',(39.870078740157,55.030109220218,0.));
#10554 = VECTOR('',#10555,1.);
#10555 = DIRECTION('',(0.,0.,1.));
#10556 = ORIENTED_EDGE('',*,*,#10557,.T.);
#10557 = EDGE_CURVE('',#10550,#10558,#10560,.T.);
#10558 = VERTEX_POINT('',#10559);
#10559 = CARTESIAN_POINT('',(38.870078740157,55.030109220218,
    1.600050800102));
#10560 = CIRCLE('',#10561,0.5);
#10561 = AXIS2_PLACEMENT_3D('',#10562,#10563,#10564);
#10562 = CARTESIAN_POINT('',(39.370078740157,55.030109220218,
    1.600050800102));
#10563 = DIRECTION('',(0.,0.,1.));
#10564 = DIRECTION('',(1.,1.110223024625E-16,-0.));
#10565 = ORIENTED_EDGE('',*,*,#10566,.F.);
#10566 = EDGE_CURVE('',#10567,#10558,#10569,.T.);
#10567 = VERTEX_POINT('',#10568);
#10568 = CARTESIAN_POINT('',(38.870078740157,55.030109220218,0.));
#10569 = LINE('',#10570,#10571);
#10570 = CARTESIAN_POINT('',(38.870078740157,55.030109220218,0.));
#10571 = VECTOR('',#10572,1.);
#10572 = DIRECTION('',(0.,0.,1.));
#10573 = ORIENTED_EDGE('',*,*,#10574,.F.);
#10574 = EDGE_CURVE('',#10548,#10567,#10575,.T.);
#10575 = CIRCLE('',#10576,0.5);
#10576 = AXIS2_PLACEMENT_3D('',#10577,#10578,#10579);
#10577 = CARTESIAN_POINT('',(39.370078740157,55.030109220218,0.));
#10578 = DIRECTION('',(0.,0.,1.));
#10579 = DIRECTION('',(1.,1.110223024625E-16,-0.));
#10580 = CYLINDRICAL_SURFACE('',#10581,0.5);
#10581 = AXIS2_PLACEMENT_3D('',#10582,#10583,#10584);
#10582 = CARTESIAN_POINT('',(39.370078740157,55.030109220218,0.));
#10583 = DIRECTION('',(-0.,-0.,-1.));
#10584 = DIRECTION('',(1.,1.110223024625E-16,-0.));
#10585 = ADVANCED_FACE('',(#10586),#10604,.F.);
#10586 = FACE_BOUND('',#10587,.T.);
#10587 = EDGE_LOOP('',(#10588,#10589,#10596,#10597));
#10588 = ORIENTED_EDGE('',*,*,#10566,.T.);
#10589 = ORIENTED_EDGE('',*,*,#10590,.T.);
#10590 = EDGE_CURVE('',#10558,#10550,#10591,.T.);
#10591 = CIRCLE('',#10592,0.5);
#10592 = AXIS2_PLACEMENT_3D('',#10593,#10594,#10595);
#10593 = CARTESIAN_POINT('',(39.370078740157,55.030109220218,
    1.600050800102));
#10594 = DIRECTION('',(0.,0.,1.));
#10595 = DIRECTION('',(-1.,-1.110223024625E-16,0.));
#10596 = ORIENTED_EDGE('',*,*,#10547,.F.);
#10597 = ORIENTED_EDGE('',*,*,#10598,.F.);
#10598 = EDGE_CURVE('',#10567,#10548,#10599,.T.);
#10599 = CIRCLE('',#10600,0.5);
#10600 = AXIS2_PLACEMENT_3D('',#10601,#10602,#10603);
#10601 = CARTESIAN_POINT('',(39.370078740157,55.030109220218,0.));
#10602 = DIRECTION('',(0.,0.,1.));
#10603 = DIRECTION('',(-1.,-1.110223024625E-16,0.));
#10604 = CYLINDRICAL_SURFACE('',#10605,0.5);
#10605 = AXIS2_PLACEMENT_3D('',#10606,#10607,#10608);
#10606 = CARTESIAN_POINT('',(39.370078740157,55.030109220218,0.));
#10607 = DIRECTION('',(-0.,-0.,-1.));
#10608 = DIRECTION('',(-1.,-1.110223024625E-16,0.));
#10609 = ADVANCED_FACE('',(#10610),#10646,.F.);
#10610 = FACE_BOUND('',#10611,.T.);
#10611 = EDGE_LOOP('',(#10612,#10622,#10631,#10639));
#10612 = ORIENTED_EDGE('',*,*,#10613,.T.);
#10613 = EDGE_CURVE('',#10614,#10616,#10618,.T.);
#10614 = VERTEX_POINT('',#10615);
#10615 = CARTESIAN_POINT('',(39.870078740157,57.570114300229,0.));
#10616 = VERTEX_POINT('',#10617);
#10617 = CARTESIAN_POINT('',(39.870078740157,57.570114300229,
    1.600050800102));
#10618 = LINE('',#10619,#10620);
#10619 = CARTESIAN_POINT('',(39.870078740157,57.570114300229,0.));
#10620 = VECTOR('',#10621,1.);
#10621 = DIRECTION('',(0.,0.,1.));
#10622 = ORIENTED_EDGE('',*,*,#10623,.T.);
#10623 = EDGE_CURVE('',#10616,#10624,#10626,.T.);
#10624 = VERTEX_POINT('',#10625);
#10625 = CARTESIAN_POINT('',(38.870078740157,57.570114300229,
    1.600050800102));
#10626 = CIRCLE('',#10627,0.5);
#10627 = AXIS2_PLACEMENT_3D('',#10628,#10629,#10630);
#10628 = CARTESIAN_POINT('',(39.370078740157,57.570114300229,
    1.600050800102));
#10629 = DIRECTION('',(0.,0.,1.));
#10630 = DIRECTION('',(1.,1.110223024625E-16,-0.));
#10631 = ORIENTED_EDGE('',*,*,#10632,.F.);
#10632 = EDGE_CURVE('',#10633,#10624,#10635,.T.);
#10633 = VERTEX_POINT('',#10634);
#10634 = CARTESIAN_POINT('',(38.870078740157,57.570114300229,0.));
#10635 = LINE('',#10636,#10637);
#10636 = CARTESIAN_POINT('',(38.870078740157,57.570114300229,0.));
#10637 = VECTOR('',#10638,1.);
#10638 = DIRECTION('',(0.,0.,1.));
#10639 = ORIENTED_EDGE('',*,*,#10640,.F.);
#10640 = EDGE_CURVE('',#10614,#10633,#10641,.T.);
#10641 = CIRCLE('',#10642,0.5);
#10642 = AXIS2_PLACEMENT_3D('',#10643,#10644,#10645);
#10643 = CARTESIAN_POINT('',(39.370078740157,57.570114300229,0.));
#10644 = DIRECTION('',(0.,0.,1.));
#10645 = DIRECTION('',(1.,1.110223024625E-16,-0.));
#10646 = CYLINDRICAL_SURFACE('',#10647,0.5);
#10647 = AXIS2_PLACEMENT_3D('',#10648,#10649,#10650);
#10648 = CARTESIAN_POINT('',(39.370078740157,57.570114300229,0.));
#10649 = DIRECTION('',(-0.,-0.,-1.));
#10650 = DIRECTION('',(1.,1.110223024625E-16,-0.));
#10651 = ADVANCED_FACE('',(#10652),#10670,.F.);
#10652 = FACE_BOUND('',#10653,.T.);
#10653 = EDGE_LOOP('',(#10654,#10655,#10662,#10663));
#10654 = ORIENTED_EDGE('',*,*,#10632,.T.);
#10655 = ORIENTED_EDGE('',*,*,#10656,.T.);
#10656 = EDGE_CURVE('',#10624,#10616,#10657,.T.);
#10657 = CIRCLE('',#10658,0.5);
#10658 = AXIS2_PLACEMENT_3D('',#10659,#10660,#10661);
#10659 = CARTESIAN_POINT('',(39.370078740157,57.570114300229,
    1.600050800102));
#10660 = DIRECTION('',(0.,0.,1.));
#10661 = DIRECTION('',(-1.,-1.110223024625E-16,0.));
#10662 = ORIENTED_EDGE('',*,*,#10613,.F.);
#10663 = ORIENTED_EDGE('',*,*,#10664,.F.);
#10664 = EDGE_CURVE('',#10633,#10614,#10665,.T.);
#10665 = CIRCLE('',#10666,0.5);
#10666 = AXIS2_PLACEMENT_3D('',#10667,#10668,#10669);
#10667 = CARTESIAN_POINT('',(39.370078740157,57.570114300229,0.));
#10668 = DIRECTION('',(0.,0.,1.));
#10669 = DIRECTION('',(-1.,-1.110223024625E-16,0.));
#10670 = CYLINDRICAL_SURFACE('',#10671,0.5);
#10671 = AXIS2_PLACEMENT_3D('',#10672,#10673,#10674);
#10672 = CARTESIAN_POINT('',(39.370078740157,57.570114300229,0.));
#10673 = DIRECTION('',(-0.,-0.,-1.));
#10674 = DIRECTION('',(-1.,-1.110223024625E-16,0.));
#10675 = ADVANCED_FACE('',(#10676),#10712,.F.);
#10676 = FACE_BOUND('',#10677,.T.);
#10677 = EDGE_LOOP('',(#10678,#10688,#10697,#10705));
#10678 = ORIENTED_EDGE('',*,*,#10679,.T.);
#10679 = EDGE_CURVE('',#10680,#10682,#10684,.T.);
#10680 = VERTEX_POINT('',#10681);
#10681 = CARTESIAN_POINT('',(39.870078740157,52.490104140208,0.));
#10682 = VERTEX_POINT('',#10683);
#10683 = CARTESIAN_POINT('',(39.870078740157,52.490104140208,
    1.600050800102));
#10684 = LINE('',#10685,#10686);
#10685 = CARTESIAN_POINT('',(39.870078740157,52.490104140208,0.));
#10686 = VECTOR('',#10687,1.);
#10687 = DIRECTION('',(0.,0.,1.));
#10688 = ORIENTED_EDGE('',*,*,#10689,.T.);
#10689 = EDGE_CURVE('',#10682,#10690,#10692,.T.);
#10690 = VERTEX_POINT('',#10691);
#10691 = CARTESIAN_POINT('',(38.870078740157,52.490104140208,
    1.600050800102));
#10692 = CIRCLE('',#10693,0.5);
#10693 = AXIS2_PLACEMENT_3D('',#10694,#10695,#10696);
#10694 = CARTESIAN_POINT('',(39.370078740157,52.490104140208,
    1.600050800102));
#10695 = DIRECTION('',(0.,0.,1.));
#10696 = DIRECTION('',(1.,1.110223024625E-16,-0.));
#10697 = ORIENTED_EDGE('',*,*,#10698,.F.);
#10698 = EDGE_CURVE('',#10699,#10690,#10701,.T.);
#10699 = VERTEX_POINT('',#10700);
#10700 = CARTESIAN_POINT('',(38.870078740157,52.490104140208,0.));
#10701 = LINE('',#10702,#10703);
#10702 = CARTESIAN_POINT('',(38.870078740157,52.490104140208,0.));
#10703 = VECTOR('',#10704,1.);
#10704 = DIRECTION('',(0.,0.,1.));
#10705 = ORIENTED_EDGE('',*,*,#10706,.F.);
#10706 = EDGE_CURVE('',#10680,#10699,#10707,.T.);
#10707 = CIRCLE('',#10708,0.5);
#10708 = AXIS2_PLACEMENT_3D('',#10709,#10710,#10711);
#10709 = CARTESIAN_POINT('',(39.370078740157,52.490104140208,0.));
#10710 = DIRECTION('',(0.,0.,1.));
#10711 = DIRECTION('',(1.,1.110223024625E-16,-0.));
#10712 = CYLINDRICAL_SURFACE('',#10713,0.5);
#10713 = AXIS2_PLACEMENT_3D('',#10714,#10715,#10716);
#10714 = CARTESIAN_POINT('',(39.370078740157,52.490104140208,0.));
#10715 = DIRECTION('',(-0.,-0.,-1.));
#10716 = DIRECTION('',(1.,1.110223024625E-16,-0.));
#10717 = ADVANCED_FACE('',(#10718),#10736,.F.);
#10718 = FACE_BOUND('',#10719,.T.);
#10719 = EDGE_LOOP('',(#10720,#10721,#10728,#10729));
#10720 = ORIENTED_EDGE('',*,*,#10698,.T.);
#10721 = ORIENTED_EDGE('',*,*,#10722,.T.);
#10722 = EDGE_CURVE('',#10690,#10682,#10723,.T.);
#10723 = CIRCLE('',#10724,0.5);
#10724 = AXIS2_PLACEMENT_3D('',#10725,#10726,#10727);
#10725 = CARTESIAN_POINT('',(39.370078740157,52.490104140208,
    1.600050800102));
#10726 = DIRECTION('',(0.,0.,1.));
#10727 = DIRECTION('',(-1.,-1.110223024625E-16,0.));
#10728 = ORIENTED_EDGE('',*,*,#10679,.F.);
#10729 = ORIENTED_EDGE('',*,*,#10730,.F.);
#10730 = EDGE_CURVE('',#10699,#10680,#10731,.T.);
#10731 = CIRCLE('',#10732,0.5);
#10732 = AXIS2_PLACEMENT_3D('',#10733,#10734,#10735);
#10733 = CARTESIAN_POINT('',(39.370078740157,52.490104140208,0.));
#10734 = DIRECTION('',(0.,0.,1.));
#10735 = DIRECTION('',(-1.,-1.110223024625E-16,0.));
#10736 = CYLINDRICAL_SURFACE('',#10737,0.5);
#10737 = AXIS2_PLACEMENT_3D('',#10738,#10739,#10740);
#10738 = CARTESIAN_POINT('',(39.370078740157,52.490104140208,0.));
#10739 = DIRECTION('',(-0.,-0.,-1.));
#10740 = DIRECTION('',(-1.,-1.110223024625E-16,0.));
#10741 = ADVANCED_FACE('',(#10742),#10778,.F.);
#10742 = FACE_BOUND('',#10743,.T.);
#10743 = EDGE_LOOP('',(#10744,#10754,#10763,#10771));
#10744 = ORIENTED_EDGE('',*,*,#10745,.T.);
#10745 = EDGE_CURVE('',#10746,#10748,#10750,.T.);
#10746 = VERTEX_POINT('',#10747);
#10747 = CARTESIAN_POINT('',(39.870078740157,47.410093980188,0.));
#10748 = VERTEX_POINT('',#10749);
#10749 = CARTESIAN_POINT('',(39.870078740157,47.410093980188,
    1.600050800102));
#10750 = LINE('',#10751,#10752);
#10751 = CARTESIAN_POINT('',(39.870078740157,47.410093980188,0.));
#10752 = VECTOR('',#10753,1.);
#10753 = DIRECTION('',(0.,0.,1.));
#10754 = ORIENTED_EDGE('',*,*,#10755,.T.);
#10755 = EDGE_CURVE('',#10748,#10756,#10758,.T.);
#10756 = VERTEX_POINT('',#10757);
#10757 = CARTESIAN_POINT('',(38.870078740157,47.410093980188,
    1.600050800102));
#10758 = CIRCLE('',#10759,0.5);
#10759 = AXIS2_PLACEMENT_3D('',#10760,#10761,#10762);
#10760 = CARTESIAN_POINT('',(39.370078740157,47.410093980188,
    1.600050800102));
#10761 = DIRECTION('',(0.,0.,1.));
#10762 = DIRECTION('',(1.,1.110223024625E-16,-0.));
#10763 = ORIENTED_EDGE('',*,*,#10764,.F.);
#10764 = EDGE_CURVE('',#10765,#10756,#10767,.T.);
#10765 = VERTEX_POINT('',#10766);
#10766 = CARTESIAN_POINT('',(38.870078740157,47.410093980188,0.));
#10767 = LINE('',#10768,#10769);
#10768 = CARTESIAN_POINT('',(38.870078740157,47.410093980188,0.));
#10769 = VECTOR('',#10770,1.);
#10770 = DIRECTION('',(0.,0.,1.));
#10771 = ORIENTED_EDGE('',*,*,#10772,.F.);
#10772 = EDGE_CURVE('',#10746,#10765,#10773,.T.);
#10773 = CIRCLE('',#10774,0.5);
#10774 = AXIS2_PLACEMENT_3D('',#10775,#10776,#10777);
#10775 = CARTESIAN_POINT('',(39.370078740157,47.410093980188,0.));
#10776 = DIRECTION('',(0.,0.,1.));
#10777 = DIRECTION('',(1.,1.110223024625E-16,-0.));
#10778 = CYLINDRICAL_SURFACE('',#10779,0.5);
#10779 = AXIS2_PLACEMENT_3D('',#10780,#10781,#10782);
#10780 = CARTESIAN_POINT('',(39.370078740157,47.410093980188,0.));
#10781 = DIRECTION('',(-0.,-0.,-1.));
#10782 = DIRECTION('',(1.,1.110223024625E-16,-0.));
#10783 = ADVANCED_FACE('',(#10784),#10802,.F.);
#10784 = FACE_BOUND('',#10785,.T.);
#10785 = EDGE_LOOP('',(#10786,#10787,#10794,#10795));
#10786 = ORIENTED_EDGE('',*,*,#10764,.T.);
#10787 = ORIENTED_EDGE('',*,*,#10788,.T.);
#10788 = EDGE_CURVE('',#10756,#10748,#10789,.T.);
#10789 = CIRCLE('',#10790,0.5);
#10790 = AXIS2_PLACEMENT_3D('',#10791,#10792,#10793);
#10791 = CARTESIAN_POINT('',(39.370078740157,47.410093980188,
    1.600050800102));
#10792 = DIRECTION('',(0.,0.,1.));
#10793 = DIRECTION('',(-1.,-1.110223024625E-16,0.));
#10794 = ORIENTED_EDGE('',*,*,#10745,.F.);
#10795 = ORIENTED_EDGE('',*,*,#10796,.F.);
#10796 = EDGE_CURVE('',#10765,#10746,#10797,.T.);
#10797 = CIRCLE('',#10798,0.5);
#10798 = AXIS2_PLACEMENT_3D('',#10799,#10800,#10801);
#10799 = CARTESIAN_POINT('',(39.370078740157,47.410093980188,0.));
#10800 = DIRECTION('',(0.,0.,1.));
#10801 = DIRECTION('',(-1.,-1.110223024625E-16,0.));
#10802 = CYLINDRICAL_SURFACE('',#10803,0.5);
#10803 = AXIS2_PLACEMENT_3D('',#10804,#10805,#10806);
#10804 = CARTESIAN_POINT('',(39.370078740157,47.410093980188,0.));
#10805 = DIRECTION('',(-0.,-0.,-1.));
#10806 = DIRECTION('',(-1.,-1.110223024625E-16,0.));
#10807 = ADVANCED_FACE('',(#10808),#10844,.F.);
#10808 = FACE_BOUND('',#10809,.T.);
#10809 = EDGE_LOOP('',(#10810,#10820,#10829,#10837));
#10810 = ORIENTED_EDGE('',*,*,#10811,.T.);
#10811 = EDGE_CURVE('',#10812,#10814,#10816,.T.);
#10812 = VERTEX_POINT('',#10813);
#10813 = CARTESIAN_POINT('',(39.870078740157,49.950099060198,0.));
#10814 = VERTEX_POINT('',#10815);
#10815 = CARTESIAN_POINT('',(39.870078740157,49.950099060198,
    1.600050800102));
#10816 = LINE('',#10817,#10818);
#10817 = CARTESIAN_POINT('',(39.870078740157,49.950099060198,0.));
#10818 = VECTOR('',#10819,1.);
#10819 = DIRECTION('',(0.,0.,1.));
#10820 = ORIENTED_EDGE('',*,*,#10821,.T.);
#10821 = EDGE_CURVE('',#10814,#10822,#10824,.T.);
#10822 = VERTEX_POINT('',#10823);
#10823 = CARTESIAN_POINT('',(38.870078740157,49.950099060198,
    1.600050800102));
#10824 = CIRCLE('',#10825,0.5);
#10825 = AXIS2_PLACEMENT_3D('',#10826,#10827,#10828);
#10826 = CARTESIAN_POINT('',(39.370078740157,49.950099060198,
    1.600050800102));
#10827 = DIRECTION('',(0.,0.,1.));
#10828 = DIRECTION('',(1.,1.110223024625E-16,-0.));
#10829 = ORIENTED_EDGE('',*,*,#10830,.F.);
#10830 = EDGE_CURVE('',#10831,#10822,#10833,.T.);
#10831 = VERTEX_POINT('',#10832);
#10832 = CARTESIAN_POINT('',(38.870078740157,49.950099060198,0.));
#10833 = LINE('',#10834,#10835);
#10834 = CARTESIAN_POINT('',(38.870078740157,49.950099060198,0.));
#10835 = VECTOR('',#10836,1.);
#10836 = DIRECTION('',(0.,0.,1.));
#10837 = ORIENTED_EDGE('',*,*,#10838,.F.);
#10838 = EDGE_CURVE('',#10812,#10831,#10839,.T.);
#10839 = CIRCLE('',#10840,0.5);
#10840 = AXIS2_PLACEMENT_3D('',#10841,#10842,#10843);
#10841 = CARTESIAN_POINT('',(39.370078740157,49.950099060198,0.));
#10842 = DIRECTION('',(0.,0.,1.));
#10843 = DIRECTION('',(1.,1.110223024625E-16,-0.));
#10844 = CYLINDRICAL_SURFACE('',#10845,0.5);
#10845 = AXIS2_PLACEMENT_3D('',#10846,#10847,#10848);
#10846 = CARTESIAN_POINT('',(39.370078740157,49.950099060198,0.));
#10847 = DIRECTION('',(-0.,-0.,-1.));
#10848 = DIRECTION('',(1.,1.110223024625E-16,-0.));
#10849 = ADVANCED_FACE('',(#10850),#10868,.F.);
#10850 = FACE_BOUND('',#10851,.T.);
#10851 = EDGE_LOOP('',(#10852,#10853,#10860,#10861));
#10852 = ORIENTED_EDGE('',*,*,#10830,.T.);
#10853 = ORIENTED_EDGE('',*,*,#10854,.T.);
#10854 = EDGE_CURVE('',#10822,#10814,#10855,.T.);
#10855 = CIRCLE('',#10856,0.5);
#10856 = AXIS2_PLACEMENT_3D('',#10857,#10858,#10859);
#10857 = CARTESIAN_POINT('',(39.370078740157,49.950099060198,
    1.600050800102));
#10858 = DIRECTION('',(0.,0.,1.));
#10859 = DIRECTION('',(-1.,-1.110223024625E-16,0.));
#10860 = ORIENTED_EDGE('',*,*,#10811,.F.);
#10861 = ORIENTED_EDGE('',*,*,#10862,.F.);
#10862 = EDGE_CURVE('',#10831,#10812,#10863,.T.);
#10863 = CIRCLE('',#10864,0.5);
#10864 = AXIS2_PLACEMENT_3D('',#10865,#10866,#10867);
#10865 = CARTESIAN_POINT('',(39.370078740157,49.950099060198,0.));
#10866 = DIRECTION('',(0.,0.,1.));
#10867 = DIRECTION('',(-1.,-1.110223024625E-16,0.));
#10868 = CYLINDRICAL_SURFACE('',#10869,0.5);
#10869 = AXIS2_PLACEMENT_3D('',#10870,#10871,#10872);
#10870 = CARTESIAN_POINT('',(39.370078740157,49.950099060198,0.));
#10871 = DIRECTION('',(-0.,-0.,-1.));
#10872 = DIRECTION('',(-1.,-1.110223024625E-16,0.));
#10873 = ADVANCED_FACE('',(#10874),#10910,.F.);
#10874 = FACE_BOUND('',#10875,.T.);
#10875 = EDGE_LOOP('',(#10876,#10886,#10895,#10903));
#10876 = ORIENTED_EDGE('',*,*,#10877,.T.);
#10877 = EDGE_CURVE('',#10878,#10880,#10882,.T.);
#10878 = VERTEX_POINT('',#10879);
#10879 = CARTESIAN_POINT('',(39.870078740157,42.330083820168,0.));
#10880 = VERTEX_POINT('',#10881);
#10881 = CARTESIAN_POINT('',(39.870078740157,42.330083820168,
    1.600050800102));
#10882 = LINE('',#10883,#10884);
#10883 = CARTESIAN_POINT('',(39.870078740157,42.330083820168,0.));
#10884 = VECTOR('',#10885,1.);
#10885 = DIRECTION('',(0.,0.,1.));
#10886 = ORIENTED_EDGE('',*,*,#10887,.T.);
#10887 = EDGE_CURVE('',#10880,#10888,#10890,.T.);
#10888 = VERTEX_POINT('',#10889);
#10889 = CARTESIAN_POINT('',(38.870078740157,42.330083820168,
    1.600050800102));
#10890 = CIRCLE('',#10891,0.5);
#10891 = AXIS2_PLACEMENT_3D('',#10892,#10893,#10894);
#10892 = CARTESIAN_POINT('',(39.370078740157,42.330083820168,
    1.600050800102));
#10893 = DIRECTION('',(0.,0.,1.));
#10894 = DIRECTION('',(1.,1.110223024625E-16,-0.));
#10895 = ORIENTED_EDGE('',*,*,#10896,.F.);
#10896 = EDGE_CURVE('',#10897,#10888,#10899,.T.);
#10897 = VERTEX_POINT('',#10898);
#10898 = CARTESIAN_POINT('',(38.870078740157,42.330083820168,0.));
#10899 = LINE('',#10900,#10901);
#10900 = CARTESIAN_POINT('',(38.870078740157,42.330083820168,0.));
#10901 = VECTOR('',#10902,1.);
#10902 = DIRECTION('',(0.,0.,1.));
#10903 = ORIENTED_EDGE('',*,*,#10904,.F.);
#10904 = EDGE_CURVE('',#10878,#10897,#10905,.T.);
#10905 = CIRCLE('',#10906,0.5);
#10906 = AXIS2_PLACEMENT_3D('',#10907,#10908,#10909);
#10907 = CARTESIAN_POINT('',(39.370078740157,42.330083820168,0.));
#10908 = DIRECTION('',(0.,0.,1.));
#10909 = DIRECTION('',(1.,1.110223024625E-16,-0.));
#10910 = CYLINDRICAL_SURFACE('',#10911,0.5);
#10911 = AXIS2_PLACEMENT_3D('',#10912,#10913,#10914);
#10912 = CARTESIAN_POINT('',(39.370078740157,42.330083820168,0.));
#10913 = DIRECTION('',(-0.,-0.,-1.));
#10914 = DIRECTION('',(1.,1.110223024625E-16,-0.));
#10915 = ADVANCED_FACE('',(#10916),#10934,.F.);
#10916 = FACE_BOUND('',#10917,.T.);
#10917 = EDGE_LOOP('',(#10918,#10919,#10926,#10927));
#10918 = ORIENTED_EDGE('',*,*,#10896,.T.);
#10919 = ORIENTED_EDGE('',*,*,#10920,.T.);
#10920 = EDGE_CURVE('',#10888,#10880,#10921,.T.);
#10921 = CIRCLE('',#10922,0.5);
#10922 = AXIS2_PLACEMENT_3D('',#10923,#10924,#10925);
#10923 = CARTESIAN_POINT('',(39.370078740157,42.330083820168,
    1.600050800102));
#10924 = DIRECTION('',(0.,0.,1.));
#10925 = DIRECTION('',(-1.,-1.110223024625E-16,0.));
#10926 = ORIENTED_EDGE('',*,*,#10877,.F.);
#10927 = ORIENTED_EDGE('',*,*,#10928,.F.);
#10928 = EDGE_CURVE('',#10897,#10878,#10929,.T.);
#10929 = CIRCLE('',#10930,0.5);
#10930 = AXIS2_PLACEMENT_3D('',#10931,#10932,#10933);
#10931 = CARTESIAN_POINT('',(39.370078740157,42.330083820168,0.));
#10932 = DIRECTION('',(0.,0.,1.));
#10933 = DIRECTION('',(-1.,-1.110223024625E-16,0.));
#10934 = CYLINDRICAL_SURFACE('',#10935,0.5);
#10935 = AXIS2_PLACEMENT_3D('',#10936,#10937,#10938);
#10936 = CARTESIAN_POINT('',(39.370078740157,42.330083820168,0.));
#10937 = DIRECTION('',(-0.,-0.,-1.));
#10938 = DIRECTION('',(-1.,-1.110223024625E-16,0.));
#10939 = ADVANCED_FACE('',(#10940),#10976,.F.);
#10940 = FACE_BOUND('',#10941,.T.);
#10941 = EDGE_LOOP('',(#10942,#10952,#10961,#10969));
#10942 = ORIENTED_EDGE('',*,*,#10943,.T.);
#10943 = EDGE_CURVE('',#10944,#10946,#10948,.T.);
#10944 = VERTEX_POINT('',#10945);
#10945 = CARTESIAN_POINT('',(39.870078740157,44.870088900178,0.));
#10946 = VERTEX_POINT('',#10947);
#10947 = CARTESIAN_POINT('',(39.870078740157,44.870088900178,
    1.600050800102));
#10948 = LINE('',#10949,#10950);
#10949 = CARTESIAN_POINT('',(39.870078740157,44.870088900178,0.));
#10950 = VECTOR('',#10951,1.);
#10951 = DIRECTION('',(0.,0.,1.));
#10952 = ORIENTED_EDGE('',*,*,#10953,.T.);
#10953 = EDGE_CURVE('',#10946,#10954,#10956,.T.);
#10954 = VERTEX_POINT('',#10955);
#10955 = CARTESIAN_POINT('',(38.870078740157,44.870088900178,
    1.600050800102));
#10956 = CIRCLE('',#10957,0.5);
#10957 = AXIS2_PLACEMENT_3D('',#10958,#10959,#10960);
#10958 = CARTESIAN_POINT('',(39.370078740157,44.870088900178,
    1.600050800102));
#10959 = DIRECTION('',(0.,0.,1.));
#10960 = DIRECTION('',(1.,1.110223024625E-16,-0.));
#10961 = ORIENTED_EDGE('',*,*,#10962,.F.);
#10962 = EDGE_CURVE('',#10963,#10954,#10965,.T.);
#10963 = VERTEX_POINT('',#10964);
#10964 = CARTESIAN_POINT('',(38.870078740157,44.870088900178,0.));
#10965 = LINE('',#10966,#10967);
#10966 = CARTESIAN_POINT('',(38.870078740157,44.870088900178,0.));
#10967 = VECTOR('',#10968,1.);
#10968 = DIRECTION('',(0.,0.,1.));
#10969 = ORIENTED_EDGE('',*,*,#10970,.F.);
#10970 = EDGE_CURVE('',#10944,#10963,#10971,.T.);
#10971 = CIRCLE('',#10972,0.5);
#10972 = AXIS2_PLACEMENT_3D('',#10973,#10974,#10975);
#10973 = CARTESIAN_POINT('',(39.370078740157,44.870088900178,0.));
#10974 = DIRECTION('',(0.,0.,1.));
#10975 = DIRECTION('',(1.,1.110223024625E-16,-0.));
#10976 = CYLINDRICAL_SURFACE('',#10977,0.5);
#10977 = AXIS2_PLACEMENT_3D('',#10978,#10979,#10980);
#10978 = CARTESIAN_POINT('',(39.370078740157,44.870088900178,0.));
#10979 = DIRECTION('',(-0.,-0.,-1.));
#10980 = DIRECTION('',(1.,1.110223024625E-16,-0.));
#10981 = ADVANCED_FACE('',(#10982),#11000,.F.);
#10982 = FACE_BOUND('',#10983,.T.);
#10983 = EDGE_LOOP('',(#10984,#10985,#10992,#10993));
#10984 = ORIENTED_EDGE('',*,*,#10962,.T.);
#10985 = ORIENTED_EDGE('',*,*,#10986,.T.);
#10986 = EDGE_CURVE('',#10954,#10946,#10987,.T.);
#10987 = CIRCLE('',#10988,0.5);
#10988 = AXIS2_PLACEMENT_3D('',#10989,#10990,#10991);
#10989 = CARTESIAN_POINT('',(39.370078740157,44.870088900178,
    1.600050800102));
#10990 = DIRECTION('',(0.,0.,1.));
#10991 = DIRECTION('',(-1.,-1.110223024625E-16,0.));
#10992 = ORIENTED_EDGE('',*,*,#10943,.F.);
#10993 = ORIENTED_EDGE('',*,*,#10994,.F.);
#10994 = EDGE_CURVE('',#10963,#10944,#10995,.T.);
#10995 = CIRCLE('',#10996,0.5);
#10996 = AXIS2_PLACEMENT_3D('',#10997,#10998,#10999);
#10997 = CARTESIAN_POINT('',(39.370078740157,44.870088900178,0.));
#10998 = DIRECTION('',(0.,0.,1.));
#10999 = DIRECTION('',(-1.,-1.110223024625E-16,0.));
#11000 = CYLINDRICAL_SURFACE('',#11001,0.5);
#11001 = AXIS2_PLACEMENT_3D('',#11002,#11003,#11004);
#11002 = CARTESIAN_POINT('',(39.370078740157,44.870088900178,0.));
#11003 = DIRECTION('',(-0.,-0.,-1.));
#11004 = DIRECTION('',(-1.,-1.110223024625E-16,0.));
#11005 = ADVANCED_FACE('',(#11006),#11042,.F.);
#11006 = FACE_BOUND('',#11007,.T.);
#11007 = EDGE_LOOP('',(#11008,#11018,#11027,#11035));
#11008 = ORIENTED_EDGE('',*,*,#11009,.T.);
#11009 = EDGE_CURVE('',#11010,#11012,#11014,.T.);
#11010 = VERTEX_POINT('',#11011);
#11011 = CARTESIAN_POINT('',(39.870078740157,39.790078740157,0.));
#11012 = VERTEX_POINT('',#11013);
#11013 = CARTESIAN_POINT('',(39.870078740157,39.790078740157,
    1.600050800102));
#11014 = LINE('',#11015,#11016);
#11015 = CARTESIAN_POINT('',(39.870078740157,39.790078740157,0.));
#11016 = VECTOR('',#11017,1.);
#11017 = DIRECTION('',(0.,0.,1.));
#11018 = ORIENTED_EDGE('',*,*,#11019,.T.);
#11019 = EDGE_CURVE('',#11012,#11020,#11022,.T.);
#11020 = VERTEX_POINT('',#11021);
#11021 = CARTESIAN_POINT('',(38.870078740157,39.790078740157,
    1.600050800102));
#11022 = CIRCLE('',#11023,0.5);
#11023 = AXIS2_PLACEMENT_3D('',#11024,#11025,#11026);
#11024 = CARTESIAN_POINT('',(39.370078740157,39.790078740157,
    1.600050800102));
#11025 = DIRECTION('',(0.,0.,1.));
#11026 = DIRECTION('',(1.,1.110223024625E-16,-0.));
#11027 = ORIENTED_EDGE('',*,*,#11028,.F.);
#11028 = EDGE_CURVE('',#11029,#11020,#11031,.T.);
#11029 = VERTEX_POINT('',#11030);
#11030 = CARTESIAN_POINT('',(38.870078740157,39.790078740157,0.));
#11031 = LINE('',#11032,#11033);
#11032 = CARTESIAN_POINT('',(38.870078740157,39.790078740157,0.));
#11033 = VECTOR('',#11034,1.);
#11034 = DIRECTION('',(0.,0.,1.));
#11035 = ORIENTED_EDGE('',*,*,#11036,.F.);
#11036 = EDGE_CURVE('',#11010,#11029,#11037,.T.);
#11037 = CIRCLE('',#11038,0.5);
#11038 = AXIS2_PLACEMENT_3D('',#11039,#11040,#11041);
#11039 = CARTESIAN_POINT('',(39.370078740157,39.790078740157,0.));
#11040 = DIRECTION('',(0.,0.,1.));
#11041 = DIRECTION('',(1.,1.110223024625E-16,-0.));
#11042 = CYLINDRICAL_SURFACE('',#11043,0.5);
#11043 = AXIS2_PLACEMENT_3D('',#11044,#11045,#11046);
#11044 = CARTESIAN_POINT('',(39.370078740157,39.790078740157,0.));
#11045 = DIRECTION('',(-0.,-0.,-1.));
#11046 = DIRECTION('',(1.,1.110223024625E-16,-0.));
#11047 = ADVANCED_FACE('',(#11048),#11066,.F.);
#11048 = FACE_BOUND('',#11049,.T.);
#11049 = EDGE_LOOP('',(#11050,#11051,#11058,#11059));
#11050 = ORIENTED_EDGE('',*,*,#11028,.T.);
#11051 = ORIENTED_EDGE('',*,*,#11052,.T.);
#11052 = EDGE_CURVE('',#11020,#11012,#11053,.T.);
#11053 = CIRCLE('',#11054,0.5);
#11054 = AXIS2_PLACEMENT_3D('',#11055,#11056,#11057);
#11055 = CARTESIAN_POINT('',(39.370078740157,39.790078740157,
    1.600050800102));
#11056 = DIRECTION('',(0.,0.,1.));
#11057 = DIRECTION('',(-1.,-1.110223024625E-16,0.));
#11058 = ORIENTED_EDGE('',*,*,#11009,.F.);
#11059 = ORIENTED_EDGE('',*,*,#11060,.F.);
#11060 = EDGE_CURVE('',#11029,#11010,#11061,.T.);
#11061 = CIRCLE('',#11062,0.5);
#11062 = AXIS2_PLACEMENT_3D('',#11063,#11064,#11065);
#11063 = CARTESIAN_POINT('',(39.370078740157,39.790078740157,0.));
#11064 = DIRECTION('',(0.,0.,1.));
#11065 = DIRECTION('',(-1.,-1.110223024625E-16,0.));
#11066 = CYLINDRICAL_SURFACE('',#11067,0.5);
#11067 = AXIS2_PLACEMENT_3D('',#11068,#11069,#11070);
#11068 = CARTESIAN_POINT('',(39.370078740157,39.790078740157,0.));
#11069 = DIRECTION('',(-0.,-0.,-1.));
#11070 = DIRECTION('',(-1.,-1.110223024625E-16,0.));
#11071 = ADVANCED_FACE('',(#11072),#11108,.F.);
#11072 = FACE_BOUND('',#11073,.T.);
#11073 = EDGE_LOOP('',(#11074,#11084,#11093,#11101));
#11074 = ORIENTED_EDGE('',*,*,#11075,.T.);
#11075 = EDGE_CURVE('',#11076,#11078,#11080,.T.);
#11076 = VERTEX_POINT('',#11077);
#11077 = CARTESIAN_POINT('',(39.870078740157,34.710068580137,0.));
#11078 = VERTEX_POINT('',#11079);
#11079 = CARTESIAN_POINT('',(39.870078740157,34.710068580137,
    1.600050800102));
#11080 = LINE('',#11081,#11082);
#11081 = CARTESIAN_POINT('',(39.870078740157,34.710068580137,0.));
#11082 = VECTOR('',#11083,1.);
#11083 = DIRECTION('',(0.,0.,1.));
#11084 = ORIENTED_EDGE('',*,*,#11085,.T.);
#11085 = EDGE_CURVE('',#11078,#11086,#11088,.T.);
#11086 = VERTEX_POINT('',#11087);
#11087 = CARTESIAN_POINT('',(38.870078740157,34.710068580137,
    1.600050800102));
#11088 = CIRCLE('',#11089,0.5);
#11089 = AXIS2_PLACEMENT_3D('',#11090,#11091,#11092);
#11090 = CARTESIAN_POINT('',(39.370078740157,34.710068580137,
    1.600050800102));
#11091 = DIRECTION('',(0.,0.,1.));
#11092 = DIRECTION('',(1.,1.110223024625E-16,-0.));
#11093 = ORIENTED_EDGE('',*,*,#11094,.F.);
#11094 = EDGE_CURVE('',#11095,#11086,#11097,.T.);
#11095 = VERTEX_POINT('',#11096);
#11096 = CARTESIAN_POINT('',(38.870078740157,34.710068580137,0.));
#11097 = LINE('',#11098,#11099);
#11098 = CARTESIAN_POINT('',(38.870078740157,34.710068580137,0.));
#11099 = VECTOR('',#11100,1.);
#11100 = DIRECTION('',(0.,0.,1.));
#11101 = ORIENTED_EDGE('',*,*,#11102,.F.);
#11102 = EDGE_CURVE('',#11076,#11095,#11103,.T.);
#11103 = CIRCLE('',#11104,0.5);
#11104 = AXIS2_PLACEMENT_3D('',#11105,#11106,#11107);
#11105 = CARTESIAN_POINT('',(39.370078740157,34.710068580137,0.));
#11106 = DIRECTION('',(0.,0.,1.));
#11107 = DIRECTION('',(1.,1.110223024625E-16,-0.));
#11108 = CYLINDRICAL_SURFACE('',#11109,0.5);
#11109 = AXIS2_PLACEMENT_3D('',#11110,#11111,#11112);
#11110 = CARTESIAN_POINT('',(39.370078740157,34.710068580137,0.));
#11111 = DIRECTION('',(-0.,-0.,-1.));
#11112 = DIRECTION('',(1.,1.110223024625E-16,-0.));
#11113 = ADVANCED_FACE('',(#11114),#11132,.F.);
#11114 = FACE_BOUND('',#11115,.T.);
#11115 = EDGE_LOOP('',(#11116,#11117,#11124,#11125));
#11116 = ORIENTED_EDGE('',*,*,#11094,.T.);
#11117 = ORIENTED_EDGE('',*,*,#11118,.T.);
#11118 = EDGE_CURVE('',#11086,#11078,#11119,.T.);
#11119 = CIRCLE('',#11120,0.5);
#11120 = AXIS2_PLACEMENT_3D('',#11121,#11122,#11123);
#11121 = CARTESIAN_POINT('',(39.370078740157,34.710068580137,
    1.600050800102));
#11122 = DIRECTION('',(0.,0.,1.));
#11123 = DIRECTION('',(-1.,-1.110223024625E-16,0.));
#11124 = ORIENTED_EDGE('',*,*,#11075,.F.);
#11125 = ORIENTED_EDGE('',*,*,#11126,.F.);
#11126 = EDGE_CURVE('',#11095,#11076,#11127,.T.);
#11127 = CIRCLE('',#11128,0.5);
#11128 = AXIS2_PLACEMENT_3D('',#11129,#11130,#11131);
#11129 = CARTESIAN_POINT('',(39.370078740157,34.710068580137,0.));
#11130 = DIRECTION('',(0.,0.,1.));
#11131 = DIRECTION('',(-1.,-1.110223024625E-16,0.));
#11132 = CYLINDRICAL_SURFACE('',#11133,0.5);
#11133 = AXIS2_PLACEMENT_3D('',#11134,#11135,#11136);
#11134 = CARTESIAN_POINT('',(39.370078740157,34.710068580137,0.));
#11135 = DIRECTION('',(-0.,-0.,-1.));
#11136 = DIRECTION('',(-1.,-1.110223024625E-16,0.));
#11137 = ADVANCED_FACE('',(#11138),#11174,.F.);
#11138 = FACE_BOUND('',#11139,.T.);
#11139 = EDGE_LOOP('',(#11140,#11150,#11159,#11167));
#11140 = ORIENTED_EDGE('',*,*,#11141,.T.);
#11141 = EDGE_CURVE('',#11142,#11144,#11146,.T.);
#11142 = VERTEX_POINT('',#11143);
#11143 = CARTESIAN_POINT('',(39.870078740157,37.250073660147,0.));
#11144 = VERTEX_POINT('',#11145);
#11145 = CARTESIAN_POINT('',(39.870078740157,37.250073660147,
    1.600050800102));
#11146 = LINE('',#11147,#11148);
#11147 = CARTESIAN_POINT('',(39.870078740157,37.250073660147,0.));
#11148 = VECTOR('',#11149,1.);
#11149 = DIRECTION('',(0.,0.,1.));
#11150 = ORIENTED_EDGE('',*,*,#11151,.T.);
#11151 = EDGE_CURVE('',#11144,#11152,#11154,.T.);
#11152 = VERTEX_POINT('',#11153);
#11153 = CARTESIAN_POINT('',(38.870078740157,37.250073660147,
    1.600050800102));
#11154 = CIRCLE('',#11155,0.5);
#11155 = AXIS2_PLACEMENT_3D('',#11156,#11157,#11158);
#11156 = CARTESIAN_POINT('',(39.370078740157,37.250073660147,
    1.600050800102));
#11157 = DIRECTION('',(0.,0.,1.));
#11158 = DIRECTION('',(1.,1.110223024625E-16,-0.));
#11159 = ORIENTED_EDGE('',*,*,#11160,.F.);
#11160 = EDGE_CURVE('',#11161,#11152,#11163,.T.);
#11161 = VERTEX_POINT('',#11162);
#11162 = CARTESIAN_POINT('',(38.870078740157,37.250073660147,0.));
#11163 = LINE('',#11164,#11165);
#11164 = CARTESIAN_POINT('',(38.870078740157,37.250073660147,0.));
#11165 = VECTOR('',#11166,1.);
#11166 = DIRECTION('',(0.,0.,1.));
#11167 = ORIENTED_EDGE('',*,*,#11168,.F.);
#11168 = EDGE_CURVE('',#11142,#11161,#11169,.T.);
#11169 = CIRCLE('',#11170,0.5);
#11170 = AXIS2_PLACEMENT_3D('',#11171,#11172,#11173);
#11171 = CARTESIAN_POINT('',(39.370078740157,37.250073660147,0.));
#11172 = DIRECTION('',(0.,0.,1.));
#11173 = DIRECTION('',(1.,1.110223024625E-16,-0.));
#11174 = CYLINDRICAL_SURFACE('',#11175,0.5);
#11175 = AXIS2_PLACEMENT_3D('',#11176,#11177,#11178);
#11176 = CARTESIAN_POINT('',(39.370078740157,37.250073660147,0.));
#11177 = DIRECTION('',(-0.,-0.,-1.));
#11178 = DIRECTION('',(1.,1.110223024625E-16,-0.));
#11179 = ADVANCED_FACE('',(#11180),#11198,.F.);
#11180 = FACE_BOUND('',#11181,.T.);
#11181 = EDGE_LOOP('',(#11182,#11183,#11190,#11191));
#11182 = ORIENTED_EDGE('',*,*,#11160,.T.);
#11183 = ORIENTED_EDGE('',*,*,#11184,.T.);
#11184 = EDGE_CURVE('',#11152,#11144,#11185,.T.);
#11185 = CIRCLE('',#11186,0.5);
#11186 = AXIS2_PLACEMENT_3D('',#11187,#11188,#11189);
#11187 = CARTESIAN_POINT('',(39.370078740157,37.250073660147,
    1.600050800102));
#11188 = DIRECTION('',(0.,0.,1.));
#11189 = DIRECTION('',(-1.,-1.110223024625E-16,0.));
#11190 = ORIENTED_EDGE('',*,*,#11141,.F.);
#11191 = ORIENTED_EDGE('',*,*,#11192,.F.);
#11192 = EDGE_CURVE('',#11161,#11142,#11193,.T.);
#11193 = CIRCLE('',#11194,0.5);
#11194 = AXIS2_PLACEMENT_3D('',#11195,#11196,#11197);
#11195 = CARTESIAN_POINT('',(39.370078740157,37.250073660147,0.));
#11196 = DIRECTION('',(0.,0.,1.));
#11197 = DIRECTION('',(-1.,-1.110223024625E-16,0.));
#11198 = CYLINDRICAL_SURFACE('',#11199,0.5);
#11199 = AXIS2_PLACEMENT_3D('',#11200,#11201,#11202);
#11200 = CARTESIAN_POINT('',(39.370078740157,37.250073660147,0.));
#11201 = DIRECTION('',(-0.,-0.,-1.));
#11202 = DIRECTION('',(-1.,-1.110223024625E-16,0.));
#11203 = ADVANCED_FACE('',(#11204),#11240,.F.);
#11204 = FACE_BOUND('',#11205,.T.);
#11205 = EDGE_LOOP('',(#11206,#11216,#11225,#11233));
#11206 = ORIENTED_EDGE('',*,*,#11207,.T.);
#11207 = EDGE_CURVE('',#11208,#11210,#11212,.T.);
#11208 = VERTEX_POINT('',#11209);
#11209 = CARTESIAN_POINT('',(39.870078740157,60.110119380239,0.));
#11210 = VERTEX_POINT('',#11211);
#11211 = CARTESIAN_POINT('',(39.870078740157,60.110119380239,
    1.600050800102));
#11212 = LINE('',#11213,#11214);
#11213 = CARTESIAN_POINT('',(39.870078740157,60.110119380239,0.));
#11214 = VECTOR('',#11215,1.);
#11215 = DIRECTION('',(0.,0.,1.));
#11216 = ORIENTED_EDGE('',*,*,#11217,.T.);
#11217 = EDGE_CURVE('',#11210,#11218,#11220,.T.);
#11218 = VERTEX_POINT('',#11219);
#11219 = CARTESIAN_POINT('',(38.870078740157,60.110119380239,
    1.600050800102));
#11220 = CIRCLE('',#11221,0.5);
#11221 = AXIS2_PLACEMENT_3D('',#11222,#11223,#11224);
#11222 = CARTESIAN_POINT('',(39.370078740157,60.110119380239,
    1.600050800102));
#11223 = DIRECTION('',(0.,0.,1.));
#11224 = DIRECTION('',(1.,1.110223024625E-16,-0.));
#11225 = ORIENTED_EDGE('',*,*,#11226,.F.);
#11226 = EDGE_CURVE('',#11227,#11218,#11229,.T.);
#11227 = VERTEX_POINT('',#11228);
#11228 = CARTESIAN_POINT('',(38.870078740157,60.110119380239,0.));
#11229 = LINE('',#11230,#11231);
#11230 = CARTESIAN_POINT('',(38.870078740157,60.110119380239,0.));
#11231 = VECTOR('',#11232,1.);
#11232 = DIRECTION('',(0.,0.,1.));
#11233 = ORIENTED_EDGE('',*,*,#11234,.F.);
#11234 = EDGE_CURVE('',#11208,#11227,#11235,.T.);
#11235 = CIRCLE('',#11236,0.5);
#11236 = AXIS2_PLACEMENT_3D('',#11237,#11238,#11239);
#11237 = CARTESIAN_POINT('',(39.370078740157,60.110119380239,0.));
#11238 = DIRECTION('',(0.,0.,1.));
#11239 = DIRECTION('',(1.,1.110223024625E-16,-0.));
#11240 = CYLINDRICAL_SURFACE('',#11241,0.5);
#11241 = AXIS2_PLACEMENT_3D('',#11242,#11243,#11244);
#11242 = CARTESIAN_POINT('',(39.370078740157,60.110119380239,0.));
#11243 = DIRECTION('',(-0.,-0.,-1.));
#11244 = DIRECTION('',(1.,1.110223024625E-16,-0.));
#11245 = ADVANCED_FACE('',(#11246),#11264,.F.);
#11246 = FACE_BOUND('',#11247,.T.);
#11247 = EDGE_LOOP('',(#11248,#11249,#11256,#11257));
#11248 = ORIENTED_EDGE('',*,*,#11226,.T.);
#11249 = ORIENTED_EDGE('',*,*,#11250,.T.);
#11250 = EDGE_CURVE('',#11218,#11210,#11251,.T.);
#11251 = CIRCLE('',#11252,0.5);
#11252 = AXIS2_PLACEMENT_3D('',#11253,#11254,#11255);
#11253 = CARTESIAN_POINT('',(39.370078740157,60.110119380239,
    1.600050800102));
#11254 = DIRECTION('',(0.,0.,1.));
#11255 = DIRECTION('',(-1.,-1.110223024625E-16,0.));
#11256 = ORIENTED_EDGE('',*,*,#11207,.F.);
#11257 = ORIENTED_EDGE('',*,*,#11258,.F.);
#11258 = EDGE_CURVE('',#11227,#11208,#11259,.T.);
#11259 = CIRCLE('',#11260,0.5);
#11260 = AXIS2_PLACEMENT_3D('',#11261,#11262,#11263);
#11261 = CARTESIAN_POINT('',(39.370078740157,60.110119380239,0.));
#11262 = DIRECTION('',(0.,0.,1.));
#11263 = DIRECTION('',(-1.,-1.110223024625E-16,0.));
#11264 = CYLINDRICAL_SURFACE('',#11265,0.5);
#11265 = AXIS2_PLACEMENT_3D('',#11266,#11267,#11268);
#11266 = CARTESIAN_POINT('',(39.370078740157,60.110119380239,0.));
#11267 = DIRECTION('',(-0.,-0.,-1.));
#11268 = DIRECTION('',(-1.,-1.110223024625E-16,0.));
#11269 = ADVANCED_FACE('',(#11270,#11280,#11284,#11288,#11292,#11296,
    #11300,#11304,#11308,#11312,#11316,#11320,#11324,#11328,#11332,
    #11336,#11340,#11344,#11348,#11352,#11356,#11360,#11364,#11368,
    #11372,#11376,#11380,#11384,#11388,#11392,#11396,#11400,#11404,
    #11408,#11412,#11416,#11420,#11424,#11428,#11432,#11436,#11440,
    #11444,#11448,#11452,#11456,#11460,#11464,#11468,#11472,#11476,
    #11480,#11484,#11488,#11492,#11496,#11500,#11504,#11508,#11512,
    #11516,#11520,#11524,#11528,#11532,#11536,#11540,#11546,#11550,
    #11554,#11558,#11562,#11566,#11570,#11574,#11578,#11582,#11586,
    #11590,#11594,#11598,#11602,#11606,#11610,#11614,#11620,#11624,
    #11628,#11632,#11638,#11644,#11648,#11652,#11656,#11660,#11664,
    #11668,#11672,#11676,#11680,#11684,#11688,#11692,#11696,#11700,
    #11704,#11708,#11712,#11716,#11720,#11724,#11728,#11732,#11736,
    #11742,#11748,#11752,#11756,#11760,#11764,#11768,#11772,#11776,
    #11780,#11784,#11788,#11792,#11796,#11800,#11804,#11808,#11812,
    #11816,#11820,#11824,#11828,#11832,#11836,#11840,#11844,#11848,
    #11852,#11856,#11860,#11864,#11868,#11872,#11876,#11880,#11884,
    #11888,#11892,#11896,#11900,#11904,#11908,#11912,#11916,#11920,
    #11924,#11928),#11932,.T.);
#11270 = FACE_BOUND('',#11271,.T.);
#11271 = EDGE_LOOP('',(#11272,#11273,#11274,#11275,#11276,#11277,#11278,
    #11279));
#11272 = ORIENTED_EDGE('',*,*,#111,.T.);
#11273 = ORIENTED_EDGE('',*,*,#143,.T.);
#11274 = ORIENTED_EDGE('',*,*,#175,.T.);
#11275 = ORIENTED_EDGE('',*,*,#207,.T.);
#11276 = ORIENTED_EDGE('',*,*,#239,.T.);
#11277 = ORIENTED_EDGE('',*,*,#271,.T.);
#11278 = ORIENTED_EDGE('',*,*,#303,.T.);
#11279 = ORIENTED_EDGE('',*,*,#326,.T.);
#11280 = FACE_BOUND('',#11281,.T.);
#11281 = EDGE_LOOP('',(#11282,#11283));
#11282 = ORIENTED_EDGE('',*,*,#368,.T.);
#11283 = ORIENTED_EDGE('',*,*,#392,.T.);
#11284 = FACE_BOUND('',#11285,.T.);
#11285 = EDGE_LOOP('',(#11286,#11287));
#11286 = ORIENTED_EDGE('',*,*,#434,.T.);
#11287 = ORIENTED_EDGE('',*,*,#458,.T.);
#11288 = FACE_BOUND('',#11289,.T.);
#11289 = EDGE_LOOP('',(#11290,#11291));
#11290 = ORIENTED_EDGE('',*,*,#500,.T.);
#11291 = ORIENTED_EDGE('',*,*,#524,.T.);
#11292 = FACE_BOUND('',#11293,.T.);
#11293 = EDGE_LOOP('',(#11294,#11295));
#11294 = ORIENTED_EDGE('',*,*,#566,.T.);
#11295 = ORIENTED_EDGE('',*,*,#590,.T.);
#11296 = FACE_BOUND('',#11297,.T.);
#11297 = EDGE_LOOP('',(#11298,#11299));
#11298 = ORIENTED_EDGE('',*,*,#632,.T.);
#11299 = ORIENTED_EDGE('',*,*,#656,.T.);
#11300 = FACE_BOUND('',#11301,.T.);
#11301 = EDGE_LOOP('',(#11302,#11303));
#11302 = ORIENTED_EDGE('',*,*,#698,.T.);
#11303 = ORIENTED_EDGE('',*,*,#722,.T.);
#11304 = FACE_BOUND('',#11305,.T.);
#11305 = EDGE_LOOP('',(#11306,#11307));
#11306 = ORIENTED_EDGE('',*,*,#764,.T.);
#11307 = ORIENTED_EDGE('',*,*,#788,.T.);
#11308 = FACE_BOUND('',#11309,.T.);
#11309 = EDGE_LOOP('',(#11310,#11311));
#11310 = ORIENTED_EDGE('',*,*,#830,.T.);
#11311 = ORIENTED_EDGE('',*,*,#854,.T.);
#11312 = FACE_BOUND('',#11313,.T.);
#11313 = EDGE_LOOP('',(#11314,#11315));
#11314 = ORIENTED_EDGE('',*,*,#896,.T.);
#11315 = ORIENTED_EDGE('',*,*,#920,.T.);
#11316 = FACE_BOUND('',#11317,.T.);
#11317 = EDGE_LOOP('',(#11318,#11319));
#11318 = ORIENTED_EDGE('',*,*,#962,.T.);
#11319 = ORIENTED_EDGE('',*,*,#986,.T.);
#11320 = FACE_BOUND('',#11321,.T.);
#11321 = EDGE_LOOP('',(#11322,#11323));
#11322 = ORIENTED_EDGE('',*,*,#1028,.T.);
#11323 = ORIENTED_EDGE('',*,*,#1052,.T.);
#11324 = FACE_BOUND('',#11325,.T.);
#11325 = EDGE_LOOP('',(#11326,#11327));
#11326 = ORIENTED_EDGE('',*,*,#1094,.T.);
#11327 = ORIENTED_EDGE('',*,*,#1118,.T.);
#11328 = FACE_BOUND('',#11329,.T.);
#11329 = EDGE_LOOP('',(#11330,#11331));
#11330 = ORIENTED_EDGE('',*,*,#1160,.T.);
#11331 = ORIENTED_EDGE('',*,*,#1184,.T.);
#11332 = FACE_BOUND('',#11333,.T.);
#11333 = EDGE_LOOP('',(#11334,#11335));
#11334 = ORIENTED_EDGE('',*,*,#1226,.T.);
#11335 = ORIENTED_EDGE('',*,*,#1250,.T.);
#11336 = FACE_BOUND('',#11337,.T.);
#11337 = EDGE_LOOP('',(#11338,#11339));
#11338 = ORIENTED_EDGE('',*,*,#1292,.T.);
#11339 = ORIENTED_EDGE('',*,*,#1316,.T.);
#11340 = FACE_BOUND('',#11341,.T.);
#11341 = EDGE_LOOP('',(#11342,#11343));
#11342 = ORIENTED_EDGE('',*,*,#1358,.T.);
#11343 = ORIENTED_EDGE('',*,*,#1382,.T.);
#11344 = FACE_BOUND('',#11345,.T.);
#11345 = EDGE_LOOP('',(#11346,#11347));
#11346 = ORIENTED_EDGE('',*,*,#1424,.T.);
#11347 = ORIENTED_EDGE('',*,*,#1448,.T.);
#11348 = FACE_BOUND('',#11349,.T.);
#11349 = EDGE_LOOP('',(#11350,#11351));
#11350 = ORIENTED_EDGE('',*,*,#1490,.T.);
#11351 = ORIENTED_EDGE('',*,*,#1514,.T.);
#11352 = FACE_BOUND('',#11353,.T.);
#11353 = EDGE_LOOP('',(#11354,#11355));
#11354 = ORIENTED_EDGE('',*,*,#1556,.T.);
#11355 = ORIENTED_EDGE('',*,*,#1580,.T.);
#11356 = FACE_BOUND('',#11357,.T.);
#11357 = EDGE_LOOP('',(#11358,#11359));
#11358 = ORIENTED_EDGE('',*,*,#1622,.T.);
#11359 = ORIENTED_EDGE('',*,*,#1646,.T.);
#11360 = FACE_BOUND('',#11361,.T.);
#11361 = EDGE_LOOP('',(#11362,#11363));
#11362 = ORIENTED_EDGE('',*,*,#1688,.T.);
#11363 = ORIENTED_EDGE('',*,*,#1712,.T.);
#11364 = FACE_BOUND('',#11365,.T.);
#11365 = EDGE_LOOP('',(#11366,#11367));
#11366 = ORIENTED_EDGE('',*,*,#1754,.T.);
#11367 = ORIENTED_EDGE('',*,*,#1778,.T.);
#11368 = FACE_BOUND('',#11369,.T.);
#11369 = EDGE_LOOP('',(#11370,#11371));
#11370 = ORIENTED_EDGE('',*,*,#1820,.T.);
#11371 = ORIENTED_EDGE('',*,*,#1844,.T.);
#11372 = FACE_BOUND('',#11373,.T.);
#11373 = EDGE_LOOP('',(#11374,#11375));
#11374 = ORIENTED_EDGE('',*,*,#1886,.T.);
#11375 = ORIENTED_EDGE('',*,*,#1910,.T.);
#11376 = FACE_BOUND('',#11377,.T.);
#11377 = EDGE_LOOP('',(#11378,#11379));
#11378 = ORIENTED_EDGE('',*,*,#1952,.T.);
#11379 = ORIENTED_EDGE('',*,*,#1976,.T.);
#11380 = FACE_BOUND('',#11381,.T.);
#11381 = EDGE_LOOP('',(#11382,#11383));
#11382 = ORIENTED_EDGE('',*,*,#2018,.T.);
#11383 = ORIENTED_EDGE('',*,*,#2042,.T.);
#11384 = FACE_BOUND('',#11385,.T.);
#11385 = EDGE_LOOP('',(#11386,#11387));
#11386 = ORIENTED_EDGE('',*,*,#2084,.T.);
#11387 = ORIENTED_EDGE('',*,*,#2108,.T.);
#11388 = FACE_BOUND('',#11389,.T.);
#11389 = EDGE_LOOP('',(#11390,#11391));
#11390 = ORIENTED_EDGE('',*,*,#2150,.T.);
#11391 = ORIENTED_EDGE('',*,*,#2174,.T.);
#11392 = FACE_BOUND('',#11393,.T.);
#11393 = EDGE_LOOP('',(#11394,#11395));
#11394 = ORIENTED_EDGE('',*,*,#2216,.T.);
#11395 = ORIENTED_EDGE('',*,*,#2240,.T.);
#11396 = FACE_BOUND('',#11397,.T.);
#11397 = EDGE_LOOP('',(#11398,#11399));
#11398 = ORIENTED_EDGE('',*,*,#2282,.T.);
#11399 = ORIENTED_EDGE('',*,*,#2306,.T.);
#11400 = FACE_BOUND('',#11401,.T.);
#11401 = EDGE_LOOP('',(#11402,#11403));
#11402 = ORIENTED_EDGE('',*,*,#2348,.T.);
#11403 = ORIENTED_EDGE('',*,*,#2372,.T.);
#11404 = FACE_BOUND('',#11405,.T.);
#11405 = EDGE_LOOP('',(#11406,#11407));
#11406 = ORIENTED_EDGE('',*,*,#2414,.T.);
#11407 = ORIENTED_EDGE('',*,*,#2438,.T.);
#11408 = FACE_BOUND('',#11409,.T.);
#11409 = EDGE_LOOP('',(#11410,#11411));
#11410 = ORIENTED_EDGE('',*,*,#2480,.T.);
#11411 = ORIENTED_EDGE('',*,*,#2504,.T.);
#11412 = FACE_BOUND('',#11413,.T.);
#11413 = EDGE_LOOP('',(#11414,#11415));
#11414 = ORIENTED_EDGE('',*,*,#2546,.T.);
#11415 = ORIENTED_EDGE('',*,*,#2570,.T.);
#11416 = FACE_BOUND('',#11417,.T.);
#11417 = EDGE_LOOP('',(#11418,#11419));
#11418 = ORIENTED_EDGE('',*,*,#2612,.T.);
#11419 = ORIENTED_EDGE('',*,*,#2636,.T.);
#11420 = FACE_BOUND('',#11421,.T.);
#11421 = EDGE_LOOP('',(#11422,#11423));
#11422 = ORIENTED_EDGE('',*,*,#2678,.T.);
#11423 = ORIENTED_EDGE('',*,*,#2702,.T.);
#11424 = FACE_BOUND('',#11425,.T.);
#11425 = EDGE_LOOP('',(#11426,#11427));
#11426 = ORIENTED_EDGE('',*,*,#2744,.T.);
#11427 = ORIENTED_EDGE('',*,*,#2768,.T.);
#11428 = FACE_BOUND('',#11429,.T.);
#11429 = EDGE_LOOP('',(#11430,#11431));
#11430 = ORIENTED_EDGE('',*,*,#2810,.T.);
#11431 = ORIENTED_EDGE('',*,*,#2834,.T.);
#11432 = FACE_BOUND('',#11433,.T.);
#11433 = EDGE_LOOP('',(#11434,#11435));
#11434 = ORIENTED_EDGE('',*,*,#2876,.T.);
#11435 = ORIENTED_EDGE('',*,*,#2900,.T.);
#11436 = FACE_BOUND('',#11437,.T.);
#11437 = EDGE_LOOP('',(#11438,#11439));
#11438 = ORIENTED_EDGE('',*,*,#2942,.T.);
#11439 = ORIENTED_EDGE('',*,*,#2966,.T.);
#11440 = FACE_BOUND('',#11441,.T.);
#11441 = EDGE_LOOP('',(#11442,#11443));
#11442 = ORIENTED_EDGE('',*,*,#3008,.T.);
#11443 = ORIENTED_EDGE('',*,*,#3032,.T.);
#11444 = FACE_BOUND('',#11445,.T.);
#11445 = EDGE_LOOP('',(#11446,#11447));
#11446 = ORIENTED_EDGE('',*,*,#3074,.T.);
#11447 = ORIENTED_EDGE('',*,*,#3098,.T.);
#11448 = FACE_BOUND('',#11449,.T.);
#11449 = EDGE_LOOP('',(#11450,#11451));
#11450 = ORIENTED_EDGE('',*,*,#3140,.T.);
#11451 = ORIENTED_EDGE('',*,*,#3164,.T.);
#11452 = FACE_BOUND('',#11453,.T.);
#11453 = EDGE_LOOP('',(#11454,#11455));
#11454 = ORIENTED_EDGE('',*,*,#3206,.T.);
#11455 = ORIENTED_EDGE('',*,*,#3230,.T.);
#11456 = FACE_BOUND('',#11457,.T.);
#11457 = EDGE_LOOP('',(#11458,#11459));
#11458 = ORIENTED_EDGE('',*,*,#3272,.T.);
#11459 = ORIENTED_EDGE('',*,*,#3296,.T.);
#11460 = FACE_BOUND('',#11461,.T.);
#11461 = EDGE_LOOP('',(#11462,#11463));
#11462 = ORIENTED_EDGE('',*,*,#3338,.T.);
#11463 = ORIENTED_EDGE('',*,*,#3362,.T.);
#11464 = FACE_BOUND('',#11465,.T.);
#11465 = EDGE_LOOP('',(#11466,#11467));
#11466 = ORIENTED_EDGE('',*,*,#3404,.T.);
#11467 = ORIENTED_EDGE('',*,*,#3428,.T.);
#11468 = FACE_BOUND('',#11469,.T.);
#11469 = EDGE_LOOP('',(#11470,#11471));
#11470 = ORIENTED_EDGE('',*,*,#3470,.T.);
#11471 = ORIENTED_EDGE('',*,*,#3494,.T.);
#11472 = FACE_BOUND('',#11473,.T.);
#11473 = EDGE_LOOP('',(#11474,#11475));
#11474 = ORIENTED_EDGE('',*,*,#3536,.T.);
#11475 = ORIENTED_EDGE('',*,*,#3560,.T.);
#11476 = FACE_BOUND('',#11477,.T.);
#11477 = EDGE_LOOP('',(#11478,#11479));
#11478 = ORIENTED_EDGE('',*,*,#3602,.T.);
#11479 = ORIENTED_EDGE('',*,*,#3626,.T.);
#11480 = FACE_BOUND('',#11481,.T.);
#11481 = EDGE_LOOP('',(#11482,#11483));
#11482 = ORIENTED_EDGE('',*,*,#3668,.T.);
#11483 = ORIENTED_EDGE('',*,*,#3692,.T.);
#11484 = FACE_BOUND('',#11485,.T.);
#11485 = EDGE_LOOP('',(#11486,#11487));
#11486 = ORIENTED_EDGE('',*,*,#3734,.T.);
#11487 = ORIENTED_EDGE('',*,*,#3758,.T.);
#11488 = FACE_BOUND('',#11489,.T.);
#11489 = EDGE_LOOP('',(#11490,#11491));
#11490 = ORIENTED_EDGE('',*,*,#3800,.T.);
#11491 = ORIENTED_EDGE('',*,*,#3824,.T.);
#11492 = FACE_BOUND('',#11493,.T.);
#11493 = EDGE_LOOP('',(#11494,#11495));
#11494 = ORIENTED_EDGE('',*,*,#3866,.T.);
#11495 = ORIENTED_EDGE('',*,*,#3890,.T.);
#11496 = FACE_BOUND('',#11497,.T.);
#11497 = EDGE_LOOP('',(#11498,#11499));
#11498 = ORIENTED_EDGE('',*,*,#3932,.T.);
#11499 = ORIENTED_EDGE('',*,*,#3956,.T.);
#11500 = FACE_BOUND('',#11501,.T.);
#11501 = EDGE_LOOP('',(#11502,#11503));
#11502 = ORIENTED_EDGE('',*,*,#3998,.T.);
#11503 = ORIENTED_EDGE('',*,*,#4022,.T.);
#11504 = FACE_BOUND('',#11505,.T.);
#11505 = EDGE_LOOP('',(#11506,#11507));
#11506 = ORIENTED_EDGE('',*,*,#4064,.T.);
#11507 = ORIENTED_EDGE('',*,*,#4088,.T.);
#11508 = FACE_BOUND('',#11509,.T.);
#11509 = EDGE_LOOP('',(#11510,#11511));
#11510 = ORIENTED_EDGE('',*,*,#4130,.T.);
#11511 = ORIENTED_EDGE('',*,*,#4154,.T.);
#11512 = FACE_BOUND('',#11513,.T.);
#11513 = EDGE_LOOP('',(#11514,#11515));
#11514 = ORIENTED_EDGE('',*,*,#4196,.T.);
#11515 = ORIENTED_EDGE('',*,*,#4220,.T.);
#11516 = FACE_BOUND('',#11517,.T.);
#11517 = EDGE_LOOP('',(#11518,#11519));
#11518 = ORIENTED_EDGE('',*,*,#4262,.T.);
#11519 = ORIENTED_EDGE('',*,*,#4286,.T.);
#11520 = FACE_BOUND('',#11521,.T.);
#11521 = EDGE_LOOP('',(#11522,#11523));
#11522 = ORIENTED_EDGE('',*,*,#4328,.T.);
#11523 = ORIENTED_EDGE('',*,*,#4352,.T.);
#11524 = FACE_BOUND('',#11525,.T.);
#11525 = EDGE_LOOP('',(#11526,#11527));
#11526 = ORIENTED_EDGE('',*,*,#4394,.T.);
#11527 = ORIENTED_EDGE('',*,*,#4418,.T.);
#11528 = FACE_BOUND('',#11529,.T.);
#11529 = EDGE_LOOP('',(#11530,#11531));
#11530 = ORIENTED_EDGE('',*,*,#4460,.T.);
#11531 = ORIENTED_EDGE('',*,*,#4484,.T.);
#11532 = FACE_BOUND('',#11533,.T.);
#11533 = EDGE_LOOP('',(#11534,#11535));
#11534 = ORIENTED_EDGE('',*,*,#4526,.T.);
#11535 = ORIENTED_EDGE('',*,*,#4550,.T.);
#11536 = FACE_BOUND('',#11537,.T.);
#11537 = EDGE_LOOP('',(#11538,#11539));
#11538 = ORIENTED_EDGE('',*,*,#4592,.T.);
#11539 = ORIENTED_EDGE('',*,*,#4616,.T.);
#11540 = FACE_BOUND('',#11541,.T.);
#11541 = EDGE_LOOP('',(#11542,#11543,#11544,#11545));
#11542 = ORIENTED_EDGE('',*,*,#4657,.T.);
#11543 = ORIENTED_EDGE('',*,*,#4689,.T.);
#11544 = ORIENTED_EDGE('',*,*,#4721,.T.);
#11545 = ORIENTED_EDGE('',*,*,#4744,.T.);
#11546 = FACE_BOUND('',#11547,.T.);
#11547 = EDGE_LOOP('',(#11548,#11549));
#11548 = ORIENTED_EDGE('',*,*,#4786,.T.);
#11549 = ORIENTED_EDGE('',*,*,#4810,.T.);
#11550 = FACE_BOUND('',#11551,.T.);
#11551 = EDGE_LOOP('',(#11552,#11553));
#11552 = ORIENTED_EDGE('',*,*,#4852,.T.);
#11553 = ORIENTED_EDGE('',*,*,#4876,.T.);
#11554 = FACE_BOUND('',#11555,.T.);
#11555 = EDGE_LOOP('',(#11556,#11557));
#11556 = ORIENTED_EDGE('',*,*,#4918,.T.);
#11557 = ORIENTED_EDGE('',*,*,#4942,.T.);
#11558 = FACE_BOUND('',#11559,.T.);
#11559 = EDGE_LOOP('',(#11560,#11561));
#11560 = ORIENTED_EDGE('',*,*,#4984,.T.);
#11561 = ORIENTED_EDGE('',*,*,#5008,.T.);
#11562 = FACE_BOUND('',#11563,.T.);
#11563 = EDGE_LOOP('',(#11564,#11565));
#11564 = ORIENTED_EDGE('',*,*,#5050,.T.);
#11565 = ORIENTED_EDGE('',*,*,#5074,.T.);
#11566 = FACE_BOUND('',#11567,.T.);
#11567 = EDGE_LOOP('',(#11568,#11569));
#11568 = ORIENTED_EDGE('',*,*,#5116,.T.);
#11569 = ORIENTED_EDGE('',*,*,#5140,.T.);
#11570 = FACE_BOUND('',#11571,.T.);
#11571 = EDGE_LOOP('',(#11572,#11573));
#11572 = ORIENTED_EDGE('',*,*,#5182,.T.);
#11573 = ORIENTED_EDGE('',*,*,#5206,.T.);
#11574 = FACE_BOUND('',#11575,.T.);
#11575 = EDGE_LOOP('',(#11576,#11577));
#11576 = ORIENTED_EDGE('',*,*,#5248,.T.);
#11577 = ORIENTED_EDGE('',*,*,#5272,.T.);
#11578 = FACE_BOUND('',#11579,.T.);
#11579 = EDGE_LOOP('',(#11580,#11581));
#11580 = ORIENTED_EDGE('',*,*,#5314,.T.);
#11581 = ORIENTED_EDGE('',*,*,#5338,.T.);
#11582 = FACE_BOUND('',#11583,.T.);
#11583 = EDGE_LOOP('',(#11584,#11585));
#11584 = ORIENTED_EDGE('',*,*,#5380,.T.);
#11585 = ORIENTED_EDGE('',*,*,#5404,.T.);
#11586 = FACE_BOUND('',#11587,.T.);
#11587 = EDGE_LOOP('',(#11588,#11589));
#11588 = ORIENTED_EDGE('',*,*,#5446,.T.);
#11589 = ORIENTED_EDGE('',*,*,#5470,.T.);
#11590 = FACE_BOUND('',#11591,.T.);
#11591 = EDGE_LOOP('',(#11592,#11593));
#11592 = ORIENTED_EDGE('',*,*,#5512,.T.);
#11593 = ORIENTED_EDGE('',*,*,#5536,.T.);
#11594 = FACE_BOUND('',#11595,.T.);
#11595 = EDGE_LOOP('',(#11596,#11597));
#11596 = ORIENTED_EDGE('',*,*,#5578,.T.);
#11597 = ORIENTED_EDGE('',*,*,#5602,.T.);
#11598 = FACE_BOUND('',#11599,.T.);
#11599 = EDGE_LOOP('',(#11600,#11601));
#11600 = ORIENTED_EDGE('',*,*,#5644,.T.);
#11601 = ORIENTED_EDGE('',*,*,#5668,.T.);
#11602 = FACE_BOUND('',#11603,.T.);
#11603 = EDGE_LOOP('',(#11604,#11605));
#11604 = ORIENTED_EDGE('',*,*,#5710,.T.);
#11605 = ORIENTED_EDGE('',*,*,#5734,.T.);
#11606 = FACE_BOUND('',#11607,.T.);
#11607 = EDGE_LOOP('',(#11608,#11609));
#11608 = ORIENTED_EDGE('',*,*,#5776,.T.);
#11609 = ORIENTED_EDGE('',*,*,#5800,.T.);
#11610 = FACE_BOUND('',#11611,.T.);
#11611 = EDGE_LOOP('',(#11612,#11613));
#11612 = ORIENTED_EDGE('',*,*,#5842,.T.);
#11613 = ORIENTED_EDGE('',*,*,#5866,.T.);
#11614 = FACE_BOUND('',#11615,.T.);
#11615 = EDGE_LOOP('',(#11616,#11617,#11618,#11619));
#11616 = ORIENTED_EDGE('',*,*,#5907,.T.);
#11617 = ORIENTED_EDGE('',*,*,#5939,.T.);
#11618 = ORIENTED_EDGE('',*,*,#5971,.T.);
#11619 = ORIENTED_EDGE('',*,*,#5994,.T.);
#11620 = FACE_BOUND('',#11621,.T.);
#11621 = EDGE_LOOP('',(#11622,#11623));
#11622 = ORIENTED_EDGE('',*,*,#6036,.T.);
#11623 = ORIENTED_EDGE('',*,*,#6060,.T.);
#11624 = FACE_BOUND('',#11625,.T.);
#11625 = EDGE_LOOP('',(#11626,#11627));
#11626 = ORIENTED_EDGE('',*,*,#6102,.T.);
#11627 = ORIENTED_EDGE('',*,*,#6126,.T.);
#11628 = FACE_BOUND('',#11629,.T.);
#11629 = EDGE_LOOP('',(#11630,#11631));
#11630 = ORIENTED_EDGE('',*,*,#6168,.T.);
#11631 = ORIENTED_EDGE('',*,*,#6192,.T.);
#11632 = FACE_BOUND('',#11633,.T.);
#11633 = EDGE_LOOP('',(#11634,#11635,#11636,#11637));
#11634 = ORIENTED_EDGE('',*,*,#6233,.T.);
#11635 = ORIENTED_EDGE('',*,*,#6265,.T.);
#11636 = ORIENTED_EDGE('',*,*,#6297,.T.);
#11637 = ORIENTED_EDGE('',*,*,#6320,.T.);
#11638 = FACE_BOUND('',#11639,.T.);
#11639 = EDGE_LOOP('',(#11640,#11641,#11642,#11643));
#11640 = ORIENTED_EDGE('',*,*,#6361,.T.);
#11641 = ORIENTED_EDGE('',*,*,#6393,.T.);
#11642 = ORIENTED_EDGE('',*,*,#6425,.T.);
#11643 = ORIENTED_EDGE('',*,*,#6448,.T.);
#11644 = FACE_BOUND('',#11645,.T.);
#11645 = EDGE_LOOP('',(#11646,#11647));
#11646 = ORIENTED_EDGE('',*,*,#6490,.T.);
#11647 = ORIENTED_EDGE('',*,*,#6514,.T.);
#11648 = FACE_BOUND('',#11649,.T.);
#11649 = EDGE_LOOP('',(#11650,#11651));
#11650 = ORIENTED_EDGE('',*,*,#6556,.T.);
#11651 = ORIENTED_EDGE('',*,*,#6580,.T.);
#11652 = FACE_BOUND('',#11653,.T.);
#11653 = EDGE_LOOP('',(#11654,#11655));
#11654 = ORIENTED_EDGE('',*,*,#6622,.T.);
#11655 = ORIENTED_EDGE('',*,*,#6646,.T.);
#11656 = FACE_BOUND('',#11657,.T.);
#11657 = EDGE_LOOP('',(#11658,#11659));
#11658 = ORIENTED_EDGE('',*,*,#6688,.T.);
#11659 = ORIENTED_EDGE('',*,*,#6712,.T.);
#11660 = FACE_BOUND('',#11661,.T.);
#11661 = EDGE_LOOP('',(#11662,#11663));
#11662 = ORIENTED_EDGE('',*,*,#6754,.T.);
#11663 = ORIENTED_EDGE('',*,*,#6778,.T.);
#11664 = FACE_BOUND('',#11665,.T.);
#11665 = EDGE_LOOP('',(#11666,#11667));
#11666 = ORIENTED_EDGE('',*,*,#6820,.T.);
#11667 = ORIENTED_EDGE('',*,*,#6844,.T.);
#11668 = FACE_BOUND('',#11669,.T.);
#11669 = EDGE_LOOP('',(#11670,#11671));
#11670 = ORIENTED_EDGE('',*,*,#6886,.T.);
#11671 = ORIENTED_EDGE('',*,*,#6910,.T.);
#11672 = FACE_BOUND('',#11673,.T.);
#11673 = EDGE_LOOP('',(#11674,#11675));
#11674 = ORIENTED_EDGE('',*,*,#6952,.T.);
#11675 = ORIENTED_EDGE('',*,*,#6976,.T.);
#11676 = FACE_BOUND('',#11677,.T.);
#11677 = EDGE_LOOP('',(#11678,#11679));
#11678 = ORIENTED_EDGE('',*,*,#7018,.T.);
#11679 = ORIENTED_EDGE('',*,*,#7042,.T.);
#11680 = FACE_BOUND('',#11681,.T.);
#11681 = EDGE_LOOP('',(#11682,#11683));
#11682 = ORIENTED_EDGE('',*,*,#7084,.T.);
#11683 = ORIENTED_EDGE('',*,*,#7108,.T.);
#11684 = FACE_BOUND('',#11685,.T.);
#11685 = EDGE_LOOP('',(#11686,#11687));
#11686 = ORIENTED_EDGE('',*,*,#7150,.T.);
#11687 = ORIENTED_EDGE('',*,*,#7174,.T.);
#11688 = FACE_BOUND('',#11689,.T.);
#11689 = EDGE_LOOP('',(#11690,#11691));
#11690 = ORIENTED_EDGE('',*,*,#7216,.T.);
#11691 = ORIENTED_EDGE('',*,*,#7240,.T.);
#11692 = FACE_BOUND('',#11693,.T.);
#11693 = EDGE_LOOP('',(#11694,#11695));
#11694 = ORIENTED_EDGE('',*,*,#7282,.T.);
#11695 = ORIENTED_EDGE('',*,*,#7306,.T.);
#11696 = FACE_BOUND('',#11697,.T.);
#11697 = EDGE_LOOP('',(#11698,#11699));
#11698 = ORIENTED_EDGE('',*,*,#7348,.T.);
#11699 = ORIENTED_EDGE('',*,*,#7372,.T.);
#11700 = FACE_BOUND('',#11701,.T.);
#11701 = EDGE_LOOP('',(#11702,#11703));
#11702 = ORIENTED_EDGE('',*,*,#7414,.T.);
#11703 = ORIENTED_EDGE('',*,*,#7438,.T.);
#11704 = FACE_BOUND('',#11705,.T.);
#11705 = EDGE_LOOP('',(#11706,#11707));
#11706 = ORIENTED_EDGE('',*,*,#7480,.T.);
#11707 = ORIENTED_EDGE('',*,*,#7504,.T.);
#11708 = FACE_BOUND('',#11709,.T.);
#11709 = EDGE_LOOP('',(#11710,#11711));
#11710 = ORIENTED_EDGE('',*,*,#7546,.T.);
#11711 = ORIENTED_EDGE('',*,*,#7570,.T.);
#11712 = FACE_BOUND('',#11713,.T.);
#11713 = EDGE_LOOP('',(#11714,#11715));
#11714 = ORIENTED_EDGE('',*,*,#7612,.T.);
#11715 = ORIENTED_EDGE('',*,*,#7636,.T.);
#11716 = FACE_BOUND('',#11717,.T.);
#11717 = EDGE_LOOP('',(#11718,#11719));
#11718 = ORIENTED_EDGE('',*,*,#7678,.T.);
#11719 = ORIENTED_EDGE('',*,*,#7702,.T.);
#11720 = FACE_BOUND('',#11721,.T.);
#11721 = EDGE_LOOP('',(#11722,#11723));
#11722 = ORIENTED_EDGE('',*,*,#7744,.T.);
#11723 = ORIENTED_EDGE('',*,*,#7768,.T.);
#11724 = FACE_BOUND('',#11725,.T.);
#11725 = EDGE_LOOP('',(#11726,#11727));
#11726 = ORIENTED_EDGE('',*,*,#7810,.T.);
#11727 = ORIENTED_EDGE('',*,*,#7834,.T.);
#11728 = FACE_BOUND('',#11729,.T.);
#11729 = EDGE_LOOP('',(#11730,#11731));
#11730 = ORIENTED_EDGE('',*,*,#7876,.T.);
#11731 = ORIENTED_EDGE('',*,*,#7900,.T.);
#11732 = FACE_BOUND('',#11733,.T.);
#11733 = EDGE_LOOP('',(#11734,#11735));
#11734 = ORIENTED_EDGE('',*,*,#7942,.T.);
#11735 = ORIENTED_EDGE('',*,*,#7966,.T.);
#11736 = FACE_BOUND('',#11737,.T.);
#11737 = EDGE_LOOP('',(#11738,#11739,#11740,#11741));
#11738 = ORIENTED_EDGE('',*,*,#8007,.T.);
#11739 = ORIENTED_EDGE('',*,*,#8039,.T.);
#11740 = ORIENTED_EDGE('',*,*,#8071,.T.);
#11741 = ORIENTED_EDGE('',*,*,#8094,.T.);
#11742 = FACE_BOUND('',#11743,.T.);
#11743 = EDGE_LOOP('',(#11744,#11745,#11746,#11747));
#11744 = ORIENTED_EDGE('',*,*,#8135,.T.);
#11745 = ORIENTED_EDGE('',*,*,#8167,.T.);
#11746 = ORIENTED_EDGE('',*,*,#8199,.T.);
#11747 = ORIENTED_EDGE('',*,*,#8222,.T.);
#11748 = FACE_BOUND('',#11749,.T.);
#11749 = EDGE_LOOP('',(#11750,#11751));
#11750 = ORIENTED_EDGE('',*,*,#8264,.T.);
#11751 = ORIENTED_EDGE('',*,*,#8288,.T.);
#11752 = FACE_BOUND('',#11753,.T.);
#11753 = EDGE_LOOP('',(#11754,#11755));
#11754 = ORIENTED_EDGE('',*,*,#8330,.T.);
#11755 = ORIENTED_EDGE('',*,*,#8354,.T.);
#11756 = FACE_BOUND('',#11757,.T.);
#11757 = EDGE_LOOP('',(#11758,#11759));
#11758 = ORIENTED_EDGE('',*,*,#8396,.T.);
#11759 = ORIENTED_EDGE('',*,*,#8420,.T.);
#11760 = FACE_BOUND('',#11761,.T.);
#11761 = EDGE_LOOP('',(#11762,#11763));
#11762 = ORIENTED_EDGE('',*,*,#8462,.T.);
#11763 = ORIENTED_EDGE('',*,*,#8486,.T.);
#11764 = FACE_BOUND('',#11765,.T.);
#11765 = EDGE_LOOP('',(#11766,#11767));
#11766 = ORIENTED_EDGE('',*,*,#8528,.T.);
#11767 = ORIENTED_EDGE('',*,*,#8552,.T.);
#11768 = FACE_BOUND('',#11769,.T.);
#11769 = EDGE_LOOP('',(#11770,#11771));
#11770 = ORIENTED_EDGE('',*,*,#8594,.T.);
#11771 = ORIENTED_EDGE('',*,*,#8618,.T.);
#11772 = FACE_BOUND('',#11773,.T.);
#11773 = EDGE_LOOP('',(#11774,#11775));
#11774 = ORIENTED_EDGE('',*,*,#8660,.T.);
#11775 = ORIENTED_EDGE('',*,*,#8684,.T.);
#11776 = FACE_BOUND('',#11777,.T.);
#11777 = EDGE_LOOP('',(#11778,#11779));
#11778 = ORIENTED_EDGE('',*,*,#8726,.T.);
#11779 = ORIENTED_EDGE('',*,*,#8750,.T.);
#11780 = FACE_BOUND('',#11781,.T.);
#11781 = EDGE_LOOP('',(#11782,#11783));
#11782 = ORIENTED_EDGE('',*,*,#8792,.T.);
#11783 = ORIENTED_EDGE('',*,*,#8816,.T.);
#11784 = FACE_BOUND('',#11785,.T.);
#11785 = EDGE_LOOP('',(#11786,#11787));
#11786 = ORIENTED_EDGE('',*,*,#8858,.T.);
#11787 = ORIENTED_EDGE('',*,*,#8882,.T.);
#11788 = FACE_BOUND('',#11789,.T.);
#11789 = EDGE_LOOP('',(#11790,#11791));
#11790 = ORIENTED_EDGE('',*,*,#8924,.T.);
#11791 = ORIENTED_EDGE('',*,*,#8948,.T.);
#11792 = FACE_BOUND('',#11793,.T.);
#11793 = EDGE_LOOP('',(#11794,#11795));
#11794 = ORIENTED_EDGE('',*,*,#8990,.T.);
#11795 = ORIENTED_EDGE('',*,*,#9014,.T.);
#11796 = FACE_BOUND('',#11797,.T.);
#11797 = EDGE_LOOP('',(#11798,#11799));
#11798 = ORIENTED_EDGE('',*,*,#9056,.T.);
#11799 = ORIENTED_EDGE('',*,*,#9080,.T.);
#11800 = FACE_BOUND('',#11801,.T.);
#11801 = EDGE_LOOP('',(#11802,#11803));
#11802 = ORIENTED_EDGE('',*,*,#9122,.T.);
#11803 = ORIENTED_EDGE('',*,*,#9146,.T.);
#11804 = FACE_BOUND('',#11805,.T.);
#11805 = EDGE_LOOP('',(#11806,#11807));
#11806 = ORIENTED_EDGE('',*,*,#9188,.T.);
#11807 = ORIENTED_EDGE('',*,*,#9212,.T.);
#11808 = FACE_BOUND('',#11809,.T.);
#11809 = EDGE_LOOP('',(#11810,#11811));
#11810 = ORIENTED_EDGE('',*,*,#9254,.T.);
#11811 = ORIENTED_EDGE('',*,*,#9278,.T.);
#11812 = FACE_BOUND('',#11813,.T.);
#11813 = EDGE_LOOP('',(#11814,#11815));
#11814 = ORIENTED_EDGE('',*,*,#9320,.T.);
#11815 = ORIENTED_EDGE('',*,*,#9344,.T.);
#11816 = FACE_BOUND('',#11817,.T.);
#11817 = EDGE_LOOP('',(#11818,#11819));
#11818 = ORIENTED_EDGE('',*,*,#9386,.T.);
#11819 = ORIENTED_EDGE('',*,*,#9410,.T.);
#11820 = FACE_BOUND('',#11821,.T.);
#11821 = EDGE_LOOP('',(#11822,#11823));
#11822 = ORIENTED_EDGE('',*,*,#9452,.T.);
#11823 = ORIENTED_EDGE('',*,*,#9476,.T.);
#11824 = FACE_BOUND('',#11825,.T.);
#11825 = EDGE_LOOP('',(#11826,#11827));
#11826 = ORIENTED_EDGE('',*,*,#9518,.T.);
#11827 = ORIENTED_EDGE('',*,*,#9542,.T.);
#11828 = FACE_BOUND('',#11829,.T.);
#11829 = EDGE_LOOP('',(#11830,#11831));
#11830 = ORIENTED_EDGE('',*,*,#9584,.T.);
#11831 = ORIENTED_EDGE('',*,*,#9608,.T.);
#11832 = FACE_BOUND('',#11833,.T.);
#11833 = EDGE_LOOP('',(#11834,#11835));
#11834 = ORIENTED_EDGE('',*,*,#9650,.T.);
#11835 = ORIENTED_EDGE('',*,*,#9674,.T.);
#11836 = FACE_BOUND('',#11837,.T.);
#11837 = EDGE_LOOP('',(#11838,#11839));
#11838 = ORIENTED_EDGE('',*,*,#9716,.T.);
#11839 = ORIENTED_EDGE('',*,*,#9740,.T.);
#11840 = FACE_BOUND('',#11841,.T.);
#11841 = EDGE_LOOP('',(#11842,#11843));
#11842 = ORIENTED_EDGE('',*,*,#9782,.T.);
#11843 = ORIENTED_EDGE('',*,*,#9806,.T.);
#11844 = FACE_BOUND('',#11845,.T.);
#11845 = EDGE_LOOP('',(#11846,#11847));
#11846 = ORIENTED_EDGE('',*,*,#9848,.T.);
#11847 = ORIENTED_EDGE('',*,*,#9872,.T.);
#11848 = FACE_BOUND('',#11849,.T.);
#11849 = EDGE_LOOP('',(#11850,#11851));
#11850 = ORIENTED_EDGE('',*,*,#9914,.T.);
#11851 = ORIENTED_EDGE('',*,*,#9938,.T.);
#11852 = FACE_BOUND('',#11853,.T.);
#11853 = EDGE_LOOP('',(#11854,#11855));
#11854 = ORIENTED_EDGE('',*,*,#9980,.T.);
#11855 = ORIENTED_EDGE('',*,*,#10004,.T.);
#11856 = FACE_BOUND('',#11857,.T.);
#11857 = EDGE_LOOP('',(#11858,#11859));
#11858 = ORIENTED_EDGE('',*,*,#10046,.T.);
#11859 = ORIENTED_EDGE('',*,*,#10070,.T.);
#11860 = FACE_BOUND('',#11861,.T.);
#11861 = EDGE_LOOP('',(#11862,#11863));
#11862 = ORIENTED_EDGE('',*,*,#10112,.T.);
#11863 = ORIENTED_EDGE('',*,*,#10136,.T.);
#11864 = FACE_BOUND('',#11865,.T.);
#11865 = EDGE_LOOP('',(#11866,#11867));
#11866 = ORIENTED_EDGE('',*,*,#10178,.T.);
#11867 = ORIENTED_EDGE('',*,*,#10202,.T.);
#11868 = FACE_BOUND('',#11869,.T.);
#11869 = EDGE_LOOP('',(#11870,#11871));
#11870 = ORIENTED_EDGE('',*,*,#10244,.T.);
#11871 = ORIENTED_EDGE('',*,*,#10268,.T.);
#11872 = FACE_BOUND('',#11873,.T.);
#11873 = EDGE_LOOP('',(#11874,#11875));
#11874 = ORIENTED_EDGE('',*,*,#10310,.T.);
#11875 = ORIENTED_EDGE('',*,*,#10334,.T.);
#11876 = FACE_BOUND('',#11877,.T.);
#11877 = EDGE_LOOP('',(#11878,#11879));
#11878 = ORIENTED_EDGE('',*,*,#10376,.T.);
#11879 = ORIENTED_EDGE('',*,*,#10400,.T.);
#11880 = FACE_BOUND('',#11881,.T.);
#11881 = EDGE_LOOP('',(#11882,#11883));
#11882 = ORIENTED_EDGE('',*,*,#10442,.T.);
#11883 = ORIENTED_EDGE('',*,*,#10466,.T.);
#11884 = FACE_BOUND('',#11885,.T.);
#11885 = EDGE_LOOP('',(#11886,#11887));
#11886 = ORIENTED_EDGE('',*,*,#10508,.T.);
#11887 = ORIENTED_EDGE('',*,*,#10532,.T.);
#11888 = FACE_BOUND('',#11889,.T.);
#11889 = EDGE_LOOP('',(#11890,#11891));
#11890 = ORIENTED_EDGE('',*,*,#10574,.T.);
#11891 = ORIENTED_EDGE('',*,*,#10598,.T.);
#11892 = FACE_BOUND('',#11893,.T.);
#11893 = EDGE_LOOP('',(#11894,#11895));
#11894 = ORIENTED_EDGE('',*,*,#10640,.T.);
#11895 = ORIENTED_EDGE('',*,*,#10664,.T.);
#11896 = FACE_BOUND('',#11897,.T.);
#11897 = EDGE_LOOP('',(#11898,#11899));
#11898 = ORIENTED_EDGE('',*,*,#10706,.T.);
#11899 = ORIENTED_EDGE('',*,*,#10730,.T.);
#11900 = FACE_BOUND('',#11901,.T.);
#11901 = EDGE_LOOP('',(#11902,#11903));
#11902 = ORIENTED_EDGE('',*,*,#10772,.T.);
#11903 = ORIENTED_EDGE('',*,*,#10796,.T.);
#11904 = FACE_BOUND('',#11905,.T.);
#11905 = EDGE_LOOP('',(#11906,#11907));
#11906 = ORIENTED_EDGE('',*,*,#10838,.T.);
#11907 = ORIENTED_EDGE('',*,*,#10862,.T.);
#11908 = FACE_BOUND('',#11909,.T.);
#11909 = EDGE_LOOP('',(#11910,#11911));
#11910 = ORIENTED_EDGE('',*,*,#10904,.T.);
#11911 = ORIENTED_EDGE('',*,*,#10928,.T.);
#11912 = FACE_BOUND('',#11913,.T.);
#11913 = EDGE_LOOP('',(#11914,#11915));
#11914 = ORIENTED_EDGE('',*,*,#10970,.T.);
#11915 = ORIENTED_EDGE('',*,*,#10994,.T.);
#11916 = FACE_BOUND('',#11917,.T.);
#11917 = EDGE_LOOP('',(#11918,#11919));
#11918 = ORIENTED_EDGE('',*,*,#11036,.T.);
#11919 = ORIENTED_EDGE('',*,*,#11060,.T.);
#11920 = FACE_BOUND('',#11921,.T.);
#11921 = EDGE_LOOP('',(#11922,#11923));
#11922 = ORIENTED_EDGE('',*,*,#11102,.T.);
#11923 = ORIENTED_EDGE('',*,*,#11126,.T.);
#11924 = FACE_BOUND('',#11925,.T.);
#11925 = EDGE_LOOP('',(#11926,#11927));
#11926 = ORIENTED_EDGE('',*,*,#11168,.T.);
#11927 = ORIENTED_EDGE('',*,*,#11192,.T.);
#11928 = FACE_BOUND('',#11929,.T.);
#11929 = EDGE_LOOP('',(#11930,#11931));
#11930 = ORIENTED_EDGE('',*,*,#11234,.T.);
#11931 = ORIENTED_EDGE('',*,*,#11258,.T.);
#11932 = PLANE('',#11933);
#11933 = AXIS2_PLACEMENT_3D('',#11934,#11935,#11936);
#11934 = CARTESIAN_POINT('',(20.320040640081,33.440067310135,0.));
#11935 = DIRECTION('',(-0.,-0.,-1.));
#11936 = DIRECTION('',(-1.,0.,0.));
#11937 = ADVANCED_FACE('',(#11938,#11948,#11952,#11956,#11960,#11964,
    #11968,#11972,#11976,#11980,#11984,#11988,#11992,#11996,#12000,
    #12004,#12008,#12012,#12016,#12020,#12024,#12028,#12032,#12036,
    #12040,#12044,#12048,#12052,#12056,#12060,#12064,#12068,#12072,
    #12076,#12080,#12084,#12088,#12092,#12096,#12100,#12104,#12108,
    #12112,#12116,#12120,#12124,#12128,#12132,#12136,#12140,#12144,
    #12148,#12152,#12156,#12160,#12164,#12168,#12172,#12176,#12180,
    #12184,#12188,#12192,#12196,#12200,#12204,#12208,#12214,#12218,
    #12222,#12226,#12230,#12234,#12238,#12242,#12246,#12250,#12254,
    #12258,#12262,#12266,#12270,#12274,#12278,#12282,#12288,#12292,
    #12296,#12300,#12306,#12312,#12316,#12320,#12324,#12328,#12332,
    #12336,#12340,#12344,#12348,#12352,#12356,#12360,#12364,#12368,
    #12372,#12376,#12380,#12384,#12388,#12392,#12396,#12400,#12404,
    #12410,#12416,#12420,#12424,#12428,#12432,#12436,#12440,#12444,
    #12448,#12452,#12456,#12460,#12464,#12468,#12472,#12476,#12480,
    #12484,#12488,#12492,#12496,#12500,#12504,#12508,#12512,#12516,
    #12520,#12524,#12528,#12532,#12536,#12540,#12544,#12548,#12552,
    #12556,#12560,#12564,#12568,#12572,#12576,#12580,#12584,#12588,
    #12592,#12596),#12600,.F.);
#11938 = FACE_BOUND('',#11939,.F.);
#11939 = EDGE_LOOP('',(#11940,#11941,#11942,#11943,#11944,#11945,#11946,
    #11947));
#11940 = ORIENTED_EDGE('',*,*,#95,.T.);
#11941 = ORIENTED_EDGE('',*,*,#126,.T.);
#11942 = ORIENTED_EDGE('',*,*,#159,.T.);
#11943 = ORIENTED_EDGE('',*,*,#190,.T.);
#11944 = ORIENTED_EDGE('',*,*,#223,.T.);
#11945 = ORIENTED_EDGE('',*,*,#254,.T.);
#11946 = ORIENTED_EDGE('',*,*,#287,.T.);
#11947 = ORIENTED_EDGE('',*,*,#318,.T.);
#11948 = FACE_BOUND('',#11949,.F.);
#11949 = EDGE_LOOP('',(#11950,#11951));
#11950 = ORIENTED_EDGE('',*,*,#351,.T.);
#11951 = ORIENTED_EDGE('',*,*,#384,.T.);
#11952 = FACE_BOUND('',#11953,.F.);
#11953 = EDGE_LOOP('',(#11954,#11955));
#11954 = ORIENTED_EDGE('',*,*,#417,.T.);
#11955 = ORIENTED_EDGE('',*,*,#450,.T.);
#11956 = FACE_BOUND('',#11957,.F.);
#11957 = EDGE_LOOP('',(#11958,#11959));
#11958 = ORIENTED_EDGE('',*,*,#483,.T.);
#11959 = ORIENTED_EDGE('',*,*,#516,.T.);
#11960 = FACE_BOUND('',#11961,.F.);
#11961 = EDGE_LOOP('',(#11962,#11963));
#11962 = ORIENTED_EDGE('',*,*,#549,.T.);
#11963 = ORIENTED_EDGE('',*,*,#582,.T.);
#11964 = FACE_BOUND('',#11965,.F.);
#11965 = EDGE_LOOP('',(#11966,#11967));
#11966 = ORIENTED_EDGE('',*,*,#615,.T.);
#11967 = ORIENTED_EDGE('',*,*,#648,.T.);
#11968 = FACE_BOUND('',#11969,.F.);
#11969 = EDGE_LOOP('',(#11970,#11971));
#11970 = ORIENTED_EDGE('',*,*,#681,.T.);
#11971 = ORIENTED_EDGE('',*,*,#714,.T.);
#11972 = FACE_BOUND('',#11973,.F.);
#11973 = EDGE_LOOP('',(#11974,#11975));
#11974 = ORIENTED_EDGE('',*,*,#747,.T.);
#11975 = ORIENTED_EDGE('',*,*,#780,.T.);
#11976 = FACE_BOUND('',#11977,.F.);
#11977 = EDGE_LOOP('',(#11978,#11979));
#11978 = ORIENTED_EDGE('',*,*,#813,.T.);
#11979 = ORIENTED_EDGE('',*,*,#846,.T.);
#11980 = FACE_BOUND('',#11981,.F.);
#11981 = EDGE_LOOP('',(#11982,#11983));
#11982 = ORIENTED_EDGE('',*,*,#879,.T.);
#11983 = ORIENTED_EDGE('',*,*,#912,.T.);
#11984 = FACE_BOUND('',#11985,.F.);
#11985 = EDGE_LOOP('',(#11986,#11987));
#11986 = ORIENTED_EDGE('',*,*,#945,.T.);
#11987 = ORIENTED_EDGE('',*,*,#978,.T.);
#11988 = FACE_BOUND('',#11989,.F.);
#11989 = EDGE_LOOP('',(#11990,#11991));
#11990 = ORIENTED_EDGE('',*,*,#1011,.T.);
#11991 = ORIENTED_EDGE('',*,*,#1044,.T.);
#11992 = FACE_BOUND('',#11993,.F.);
#11993 = EDGE_LOOP('',(#11994,#11995));
#11994 = ORIENTED_EDGE('',*,*,#1077,.T.);
#11995 = ORIENTED_EDGE('',*,*,#1110,.T.);
#11996 = FACE_BOUND('',#11997,.F.);
#11997 = EDGE_LOOP('',(#11998,#11999));
#11998 = ORIENTED_EDGE('',*,*,#1143,.T.);
#11999 = ORIENTED_EDGE('',*,*,#1176,.T.);
#12000 = FACE_BOUND('',#12001,.F.);
#12001 = EDGE_LOOP('',(#12002,#12003));
#12002 = ORIENTED_EDGE('',*,*,#1209,.T.);
#12003 = ORIENTED_EDGE('',*,*,#1242,.T.);
#12004 = FACE_BOUND('',#12005,.F.);
#12005 = EDGE_LOOP('',(#12006,#12007));
#12006 = ORIENTED_EDGE('',*,*,#1275,.T.);
#12007 = ORIENTED_EDGE('',*,*,#1308,.T.);
#12008 = FACE_BOUND('',#12009,.F.);
#12009 = EDGE_LOOP('',(#12010,#12011));
#12010 = ORIENTED_EDGE('',*,*,#1341,.T.);
#12011 = ORIENTED_EDGE('',*,*,#1374,.T.);
#12012 = FACE_BOUND('',#12013,.F.);
#12013 = EDGE_LOOP('',(#12014,#12015));
#12014 = ORIENTED_EDGE('',*,*,#1407,.T.);
#12015 = ORIENTED_EDGE('',*,*,#1440,.T.);
#12016 = FACE_BOUND('',#12017,.F.);
#12017 = EDGE_LOOP('',(#12018,#12019));
#12018 = ORIENTED_EDGE('',*,*,#1473,.T.);
#12019 = ORIENTED_EDGE('',*,*,#1506,.T.);
#12020 = FACE_BOUND('',#12021,.F.);
#12021 = EDGE_LOOP('',(#12022,#12023));
#12022 = ORIENTED_EDGE('',*,*,#1539,.T.);
#12023 = ORIENTED_EDGE('',*,*,#1572,.T.);
#12024 = FACE_BOUND('',#12025,.F.);
#12025 = EDGE_LOOP('',(#12026,#12027));
#12026 = ORIENTED_EDGE('',*,*,#1605,.T.);
#12027 = ORIENTED_EDGE('',*,*,#1638,.T.);
#12028 = FACE_BOUND('',#12029,.F.);
#12029 = EDGE_LOOP('',(#12030,#12031));
#12030 = ORIENTED_EDGE('',*,*,#1671,.T.);
#12031 = ORIENTED_EDGE('',*,*,#1704,.T.);
#12032 = FACE_BOUND('',#12033,.F.);
#12033 = EDGE_LOOP('',(#12034,#12035));
#12034 = ORIENTED_EDGE('',*,*,#1737,.T.);
#12035 = ORIENTED_EDGE('',*,*,#1770,.T.);
#12036 = FACE_BOUND('',#12037,.F.);
#12037 = EDGE_LOOP('',(#12038,#12039));
#12038 = ORIENTED_EDGE('',*,*,#1803,.T.);
#12039 = ORIENTED_EDGE('',*,*,#1836,.T.);
#12040 = FACE_BOUND('',#12041,.F.);
#12041 = EDGE_LOOP('',(#12042,#12043));
#12042 = ORIENTED_EDGE('',*,*,#1869,.T.);
#12043 = ORIENTED_EDGE('',*,*,#1902,.T.);
#12044 = FACE_BOUND('',#12045,.F.);
#12045 = EDGE_LOOP('',(#12046,#12047));
#12046 = ORIENTED_EDGE('',*,*,#1935,.T.);
#12047 = ORIENTED_EDGE('',*,*,#1968,.T.);
#12048 = FACE_BOUND('',#12049,.F.);
#12049 = EDGE_LOOP('',(#12050,#12051));
#12050 = ORIENTED_EDGE('',*,*,#2001,.T.);
#12051 = ORIENTED_EDGE('',*,*,#2034,.T.);
#12052 = FACE_BOUND('',#12053,.F.);
#12053 = EDGE_LOOP('',(#12054,#12055));
#12054 = ORIENTED_EDGE('',*,*,#2067,.T.);
#12055 = ORIENTED_EDGE('',*,*,#2100,.T.);
#12056 = FACE_BOUND('',#12057,.F.);
#12057 = EDGE_LOOP('',(#12058,#12059));
#12058 = ORIENTED_EDGE('',*,*,#2133,.T.);
#12059 = ORIENTED_EDGE('',*,*,#2166,.T.);
#12060 = FACE_BOUND('',#12061,.F.);
#12061 = EDGE_LOOP('',(#12062,#12063));
#12062 = ORIENTED_EDGE('',*,*,#2199,.T.);
#12063 = ORIENTED_EDGE('',*,*,#2232,.T.);
#12064 = FACE_BOUND('',#12065,.F.);
#12065 = EDGE_LOOP('',(#12066,#12067));
#12066 = ORIENTED_EDGE('',*,*,#2265,.T.);
#12067 = ORIENTED_EDGE('',*,*,#2298,.T.);
#12068 = FACE_BOUND('',#12069,.F.);
#12069 = EDGE_LOOP('',(#12070,#12071));
#12070 = ORIENTED_EDGE('',*,*,#2331,.T.);
#12071 = ORIENTED_EDGE('',*,*,#2364,.T.);
#12072 = FACE_BOUND('',#12073,.F.);
#12073 = EDGE_LOOP('',(#12074,#12075));
#12074 = ORIENTED_EDGE('',*,*,#2397,.T.);
#12075 = ORIENTED_EDGE('',*,*,#2430,.T.);
#12076 = FACE_BOUND('',#12077,.F.);
#12077 = EDGE_LOOP('',(#12078,#12079));
#12078 = ORIENTED_EDGE('',*,*,#2463,.T.);
#12079 = ORIENTED_EDGE('',*,*,#2496,.T.);
#12080 = FACE_BOUND('',#12081,.F.);
#12081 = EDGE_LOOP('',(#12082,#12083));
#12082 = ORIENTED_EDGE('',*,*,#2529,.T.);
#12083 = ORIENTED_EDGE('',*,*,#2562,.T.);
#12084 = FACE_BOUND('',#12085,.F.);
#12085 = EDGE_LOOP('',(#12086,#12087));
#12086 = ORIENTED_EDGE('',*,*,#2595,.T.);
#12087 = ORIENTED_EDGE('',*,*,#2628,.T.);
#12088 = FACE_BOUND('',#12089,.F.);
#12089 = EDGE_LOOP('',(#12090,#12091));
#12090 = ORIENTED_EDGE('',*,*,#2661,.T.);
#12091 = ORIENTED_EDGE('',*,*,#2694,.T.);
#12092 = FACE_BOUND('',#12093,.F.);
#12093 = EDGE_LOOP('',(#12094,#12095));
#12094 = ORIENTED_EDGE('',*,*,#2727,.T.);
#12095 = ORIENTED_EDGE('',*,*,#2760,.T.);
#12096 = FACE_BOUND('',#12097,.F.);
#12097 = EDGE_LOOP('',(#12098,#12099));
#12098 = ORIENTED_EDGE('',*,*,#2793,.T.);
#12099 = ORIENTED_EDGE('',*,*,#2826,.T.);
#12100 = FACE_BOUND('',#12101,.F.);
#12101 = EDGE_LOOP('',(#12102,#12103));
#12102 = ORIENTED_EDGE('',*,*,#2859,.T.);
#12103 = ORIENTED_EDGE('',*,*,#2892,.T.);
#12104 = FACE_BOUND('',#12105,.F.);
#12105 = EDGE_LOOP('',(#12106,#12107));
#12106 = ORIENTED_EDGE('',*,*,#2925,.T.);
#12107 = ORIENTED_EDGE('',*,*,#2958,.T.);
#12108 = FACE_BOUND('',#12109,.F.);
#12109 = EDGE_LOOP('',(#12110,#12111));
#12110 = ORIENTED_EDGE('',*,*,#2991,.T.);
#12111 = ORIENTED_EDGE('',*,*,#3024,.T.);
#12112 = FACE_BOUND('',#12113,.F.);
#12113 = EDGE_LOOP('',(#12114,#12115));
#12114 = ORIENTED_EDGE('',*,*,#3057,.T.);
#12115 = ORIENTED_EDGE('',*,*,#3090,.T.);
#12116 = FACE_BOUND('',#12117,.F.);
#12117 = EDGE_LOOP('',(#12118,#12119));
#12118 = ORIENTED_EDGE('',*,*,#3123,.T.);
#12119 = ORIENTED_EDGE('',*,*,#3156,.T.);
#12120 = FACE_BOUND('',#12121,.F.);
#12121 = EDGE_LOOP('',(#12122,#12123));
#12122 = ORIENTED_EDGE('',*,*,#3189,.T.);
#12123 = ORIENTED_EDGE('',*,*,#3222,.T.);
#12124 = FACE_BOUND('',#12125,.F.);
#12125 = EDGE_LOOP('',(#12126,#12127));
#12126 = ORIENTED_EDGE('',*,*,#3255,.T.);
#12127 = ORIENTED_EDGE('',*,*,#3288,.T.);
#12128 = FACE_BOUND('',#12129,.F.);
#12129 = EDGE_LOOP('',(#12130,#12131));
#12130 = ORIENTED_EDGE('',*,*,#3321,.T.);
#12131 = ORIENTED_EDGE('',*,*,#3354,.T.);
#12132 = FACE_BOUND('',#12133,.F.);
#12133 = EDGE_LOOP('',(#12134,#12135));
#12134 = ORIENTED_EDGE('',*,*,#3387,.T.);
#12135 = ORIENTED_EDGE('',*,*,#3420,.T.);
#12136 = FACE_BOUND('',#12137,.F.);
#12137 = EDGE_LOOP('',(#12138,#12139));
#12138 = ORIENTED_EDGE('',*,*,#3453,.T.);
#12139 = ORIENTED_EDGE('',*,*,#3486,.T.);
#12140 = FACE_BOUND('',#12141,.F.);
#12141 = EDGE_LOOP('',(#12142,#12143));
#12142 = ORIENTED_EDGE('',*,*,#3519,.T.);
#12143 = ORIENTED_EDGE('',*,*,#3552,.T.);
#12144 = FACE_BOUND('',#12145,.F.);
#12145 = EDGE_LOOP('',(#12146,#12147));
#12146 = ORIENTED_EDGE('',*,*,#3585,.T.);
#12147 = ORIENTED_EDGE('',*,*,#3618,.T.);
#12148 = FACE_BOUND('',#12149,.F.);
#12149 = EDGE_LOOP('',(#12150,#12151));
#12150 = ORIENTED_EDGE('',*,*,#3651,.T.);
#12151 = ORIENTED_EDGE('',*,*,#3684,.T.);
#12152 = FACE_BOUND('',#12153,.F.);
#12153 = EDGE_LOOP('',(#12154,#12155));
#12154 = ORIENTED_EDGE('',*,*,#3717,.T.);
#12155 = ORIENTED_EDGE('',*,*,#3750,.T.);
#12156 = FACE_BOUND('',#12157,.F.);
#12157 = EDGE_LOOP('',(#12158,#12159));
#12158 = ORIENTED_EDGE('',*,*,#3783,.T.);
#12159 = ORIENTED_EDGE('',*,*,#3816,.T.);
#12160 = FACE_BOUND('',#12161,.F.);
#12161 = EDGE_LOOP('',(#12162,#12163));
#12162 = ORIENTED_EDGE('',*,*,#3849,.T.);
#12163 = ORIENTED_EDGE('',*,*,#3882,.T.);
#12164 = FACE_BOUND('',#12165,.F.);
#12165 = EDGE_LOOP('',(#12166,#12167));
#12166 = ORIENTED_EDGE('',*,*,#3915,.T.);
#12167 = ORIENTED_EDGE('',*,*,#3948,.T.);
#12168 = FACE_BOUND('',#12169,.F.);
#12169 = EDGE_LOOP('',(#12170,#12171));
#12170 = ORIENTED_EDGE('',*,*,#3981,.T.);
#12171 = ORIENTED_EDGE('',*,*,#4014,.T.);
#12172 = FACE_BOUND('',#12173,.F.);
#12173 = EDGE_LOOP('',(#12174,#12175));
#12174 = ORIENTED_EDGE('',*,*,#4047,.T.);
#12175 = ORIENTED_EDGE('',*,*,#4080,.T.);
#12176 = FACE_BOUND('',#12177,.F.);
#12177 = EDGE_LOOP('',(#12178,#12179));
#12178 = ORIENTED_EDGE('',*,*,#4113,.T.);
#12179 = ORIENTED_EDGE('',*,*,#4146,.T.);
#12180 = FACE_BOUND('',#12181,.F.);
#12181 = EDGE_LOOP('',(#12182,#12183));
#12182 = ORIENTED_EDGE('',*,*,#4179,.T.);
#12183 = ORIENTED_EDGE('',*,*,#4212,.T.);
#12184 = FACE_BOUND('',#12185,.F.);
#12185 = EDGE_LOOP('',(#12186,#12187));
#12186 = ORIENTED_EDGE('',*,*,#4245,.T.);
#12187 = ORIENTED_EDGE('',*,*,#4278,.T.);
#12188 = FACE_BOUND('',#12189,.F.);
#12189 = EDGE_LOOP('',(#12190,#12191));
#12190 = ORIENTED_EDGE('',*,*,#4311,.T.);
#12191 = ORIENTED_EDGE('',*,*,#4344,.T.);
#12192 = FACE_BOUND('',#12193,.F.);
#12193 = EDGE_LOOP('',(#12194,#12195));
#12194 = ORIENTED_EDGE('',*,*,#4377,.T.);
#12195 = ORIENTED_EDGE('',*,*,#4410,.T.);
#12196 = FACE_BOUND('',#12197,.F.);
#12197 = EDGE_LOOP('',(#12198,#12199));
#12198 = ORIENTED_EDGE('',*,*,#4443,.T.);
#12199 = ORIENTED_EDGE('',*,*,#4476,.T.);
#12200 = FACE_BOUND('',#12201,.F.);
#12201 = EDGE_LOOP('',(#12202,#12203));
#12202 = ORIENTED_EDGE('',*,*,#4509,.T.);
#12203 = ORIENTED_EDGE('',*,*,#4542,.T.);
#12204 = FACE_BOUND('',#12205,.F.);
#12205 = EDGE_LOOP('',(#12206,#12207));
#12206 = ORIENTED_EDGE('',*,*,#4575,.T.);
#12207 = ORIENTED_EDGE('',*,*,#4608,.T.);
#12208 = FACE_BOUND('',#12209,.F.);
#12209 = EDGE_LOOP('',(#12210,#12211,#12212,#12213));
#12210 = ORIENTED_EDGE('',*,*,#4641,.T.);
#12211 = ORIENTED_EDGE('',*,*,#4672,.T.);
#12212 = ORIENTED_EDGE('',*,*,#4705,.T.);
#12213 = ORIENTED_EDGE('',*,*,#4736,.T.);
#12214 = FACE_BOUND('',#12215,.F.);
#12215 = EDGE_LOOP('',(#12216,#12217));
#12216 = ORIENTED_EDGE('',*,*,#4769,.T.);
#12217 = ORIENTED_EDGE('',*,*,#4802,.T.);
#12218 = FACE_BOUND('',#12219,.F.);
#12219 = EDGE_LOOP('',(#12220,#12221));
#12220 = ORIENTED_EDGE('',*,*,#4835,.T.);
#12221 = ORIENTED_EDGE('',*,*,#4868,.T.);
#12222 = FACE_BOUND('',#12223,.F.);
#12223 = EDGE_LOOP('',(#12224,#12225));
#12224 = ORIENTED_EDGE('',*,*,#4901,.T.);
#12225 = ORIENTED_EDGE('',*,*,#4934,.T.);
#12226 = FACE_BOUND('',#12227,.F.);
#12227 = EDGE_LOOP('',(#12228,#12229));
#12228 = ORIENTED_EDGE('',*,*,#4967,.T.);
#12229 = ORIENTED_EDGE('',*,*,#5000,.T.);
#12230 = FACE_BOUND('',#12231,.F.);
#12231 = EDGE_LOOP('',(#12232,#12233));
#12232 = ORIENTED_EDGE('',*,*,#5033,.T.);
#12233 = ORIENTED_EDGE('',*,*,#5066,.T.);
#12234 = FACE_BOUND('',#12235,.F.);
#12235 = EDGE_LOOP('',(#12236,#12237));
#12236 = ORIENTED_EDGE('',*,*,#5099,.T.);
#12237 = ORIENTED_EDGE('',*,*,#5132,.T.);
#12238 = FACE_BOUND('',#12239,.F.);
#12239 = EDGE_LOOP('',(#12240,#12241));
#12240 = ORIENTED_EDGE('',*,*,#5165,.T.);
#12241 = ORIENTED_EDGE('',*,*,#5198,.T.);
#12242 = FACE_BOUND('',#12243,.F.);
#12243 = EDGE_LOOP('',(#12244,#12245));
#12244 = ORIENTED_EDGE('',*,*,#5231,.T.);
#12245 = ORIENTED_EDGE('',*,*,#5264,.T.);
#12246 = FACE_BOUND('',#12247,.F.);
#12247 = EDGE_LOOP('',(#12248,#12249));
#12248 = ORIENTED_EDGE('',*,*,#5297,.T.);
#12249 = ORIENTED_EDGE('',*,*,#5330,.T.);
#12250 = FACE_BOUND('',#12251,.F.);
#12251 = EDGE_LOOP('',(#12252,#12253));
#12252 = ORIENTED_EDGE('',*,*,#5363,.T.);
#12253 = ORIENTED_EDGE('',*,*,#5396,.T.);
#12254 = FACE_BOUND('',#12255,.F.);
#12255 = EDGE_LOOP('',(#12256,#12257));
#12256 = ORIENTED_EDGE('',*,*,#5429,.T.);
#12257 = ORIENTED_EDGE('',*,*,#5462,.T.);
#12258 = FACE_BOUND('',#12259,.F.);
#12259 = EDGE_LOOP('',(#12260,#12261));
#12260 = ORIENTED_EDGE('',*,*,#5495,.T.);
#12261 = ORIENTED_EDGE('',*,*,#5528,.T.);
#12262 = FACE_BOUND('',#12263,.F.);
#12263 = EDGE_LOOP('',(#12264,#12265));
#12264 = ORIENTED_EDGE('',*,*,#5561,.T.);
#12265 = ORIENTED_EDGE('',*,*,#5594,.T.);
#12266 = FACE_BOUND('',#12267,.F.);
#12267 = EDGE_LOOP('',(#12268,#12269));
#12268 = ORIENTED_EDGE('',*,*,#5627,.T.);
#12269 = ORIENTED_EDGE('',*,*,#5660,.T.);
#12270 = FACE_BOUND('',#12271,.F.);
#12271 = EDGE_LOOP('',(#12272,#12273));
#12272 = ORIENTED_EDGE('',*,*,#5693,.T.);
#12273 = ORIENTED_EDGE('',*,*,#5726,.T.);
#12274 = FACE_BOUND('',#12275,.F.);
#12275 = EDGE_LOOP('',(#12276,#12277));
#12276 = ORIENTED_EDGE('',*,*,#5759,.T.);
#12277 = ORIENTED_EDGE('',*,*,#5792,.T.);
#12278 = FACE_BOUND('',#12279,.F.);
#12279 = EDGE_LOOP('',(#12280,#12281));
#12280 = ORIENTED_EDGE('',*,*,#5825,.T.);
#12281 = ORIENTED_EDGE('',*,*,#5858,.T.);
#12282 = FACE_BOUND('',#12283,.F.);
#12283 = EDGE_LOOP('',(#12284,#12285,#12286,#12287));
#12284 = ORIENTED_EDGE('',*,*,#5891,.T.);
#12285 = ORIENTED_EDGE('',*,*,#5922,.T.);
#12286 = ORIENTED_EDGE('',*,*,#5955,.T.);
#12287 = ORIENTED_EDGE('',*,*,#5986,.T.);
#12288 = FACE_BOUND('',#12289,.F.);
#12289 = EDGE_LOOP('',(#12290,#12291));
#12290 = ORIENTED_EDGE('',*,*,#6019,.T.);
#12291 = ORIENTED_EDGE('',*,*,#6052,.T.);
#12292 = FACE_BOUND('',#12293,.F.);
#12293 = EDGE_LOOP('',(#12294,#12295));
#12294 = ORIENTED_EDGE('',*,*,#6085,.T.);
#12295 = ORIENTED_EDGE('',*,*,#6118,.T.);
#12296 = FACE_BOUND('',#12297,.F.);
#12297 = EDGE_LOOP('',(#12298,#12299));
#12298 = ORIENTED_EDGE('',*,*,#6151,.T.);
#12299 = ORIENTED_EDGE('',*,*,#6184,.T.);
#12300 = FACE_BOUND('',#12301,.F.);
#12301 = EDGE_LOOP('',(#12302,#12303,#12304,#12305));
#12302 = ORIENTED_EDGE('',*,*,#6217,.T.);
#12303 = ORIENTED_EDGE('',*,*,#6248,.T.);
#12304 = ORIENTED_EDGE('',*,*,#6281,.T.);
#12305 = ORIENTED_EDGE('',*,*,#6312,.T.);
#12306 = FACE_BOUND('',#12307,.F.);
#12307 = EDGE_LOOP('',(#12308,#12309,#12310,#12311));
#12308 = ORIENTED_EDGE('',*,*,#6345,.T.);
#12309 = ORIENTED_EDGE('',*,*,#6376,.T.);
#12310 = ORIENTED_EDGE('',*,*,#6409,.T.);
#12311 = ORIENTED_EDGE('',*,*,#6440,.T.);
#12312 = FACE_BOUND('',#12313,.F.);
#12313 = EDGE_LOOP('',(#12314,#12315));
#12314 = ORIENTED_EDGE('',*,*,#6473,.T.);
#12315 = ORIENTED_EDGE('',*,*,#6506,.T.);
#12316 = FACE_BOUND('',#12317,.F.);
#12317 = EDGE_LOOP('',(#12318,#12319));
#12318 = ORIENTED_EDGE('',*,*,#6539,.T.);
#12319 = ORIENTED_EDGE('',*,*,#6572,.T.);
#12320 = FACE_BOUND('',#12321,.F.);
#12321 = EDGE_LOOP('',(#12322,#12323));
#12322 = ORIENTED_EDGE('',*,*,#6605,.T.);
#12323 = ORIENTED_EDGE('',*,*,#6638,.T.);
#12324 = FACE_BOUND('',#12325,.F.);
#12325 = EDGE_LOOP('',(#12326,#12327));
#12326 = ORIENTED_EDGE('',*,*,#6671,.T.);
#12327 = ORIENTED_EDGE('',*,*,#6704,.T.);
#12328 = FACE_BOUND('',#12329,.F.);
#12329 = EDGE_LOOP('',(#12330,#12331));
#12330 = ORIENTED_EDGE('',*,*,#6737,.T.);
#12331 = ORIENTED_EDGE('',*,*,#6770,.T.);
#12332 = FACE_BOUND('',#12333,.F.);
#12333 = EDGE_LOOP('',(#12334,#12335));
#12334 = ORIENTED_EDGE('',*,*,#6803,.T.);
#12335 = ORIENTED_EDGE('',*,*,#6836,.T.);
#12336 = FACE_BOUND('',#12337,.F.);
#12337 = EDGE_LOOP('',(#12338,#12339));
#12338 = ORIENTED_EDGE('',*,*,#6869,.T.);
#12339 = ORIENTED_EDGE('',*,*,#6902,.T.);
#12340 = FACE_BOUND('',#12341,.F.);
#12341 = EDGE_LOOP('',(#12342,#12343));
#12342 = ORIENTED_EDGE('',*,*,#6935,.T.);
#12343 = ORIENTED_EDGE('',*,*,#6968,.T.);
#12344 = FACE_BOUND('',#12345,.F.);
#12345 = EDGE_LOOP('',(#12346,#12347));
#12346 = ORIENTED_EDGE('',*,*,#7001,.T.);
#12347 = ORIENTED_EDGE('',*,*,#7034,.T.);
#12348 = FACE_BOUND('',#12349,.F.);
#12349 = EDGE_LOOP('',(#12350,#12351));
#12350 = ORIENTED_EDGE('',*,*,#7067,.T.);
#12351 = ORIENTED_EDGE('',*,*,#7100,.T.);
#12352 = FACE_BOUND('',#12353,.F.);
#12353 = EDGE_LOOP('',(#12354,#12355));
#12354 = ORIENTED_EDGE('',*,*,#7133,.T.);
#12355 = ORIENTED_EDGE('',*,*,#7166,.T.);
#12356 = FACE_BOUND('',#12357,.F.);
#12357 = EDGE_LOOP('',(#12358,#12359));
#12358 = ORIENTED_EDGE('',*,*,#7199,.T.);
#12359 = ORIENTED_EDGE('',*,*,#7232,.T.);
#12360 = FACE_BOUND('',#12361,.F.);
#12361 = EDGE_LOOP('',(#12362,#12363));
#12362 = ORIENTED_EDGE('',*,*,#7265,.T.);
#12363 = ORIENTED_EDGE('',*,*,#7298,.T.);
#12364 = FACE_BOUND('',#12365,.F.);
#12365 = EDGE_LOOP('',(#12366,#12367));
#12366 = ORIENTED_EDGE('',*,*,#7331,.T.);
#12367 = ORIENTED_EDGE('',*,*,#7364,.T.);
#12368 = FACE_BOUND('',#12369,.F.);
#12369 = EDGE_LOOP('',(#12370,#12371));
#12370 = ORIENTED_EDGE('',*,*,#7397,.T.);
#12371 = ORIENTED_EDGE('',*,*,#7430,.T.);
#12372 = FACE_BOUND('',#12373,.F.);
#12373 = EDGE_LOOP('',(#12374,#12375));
#12374 = ORIENTED_EDGE('',*,*,#7463,.T.);
#12375 = ORIENTED_EDGE('',*,*,#7496,.T.);
#12376 = FACE_BOUND('',#12377,.F.);
#12377 = EDGE_LOOP('',(#12378,#12379));
#12378 = ORIENTED_EDGE('',*,*,#7529,.T.);
#12379 = ORIENTED_EDGE('',*,*,#7562,.T.);
#12380 = FACE_BOUND('',#12381,.F.);
#12381 = EDGE_LOOP('',(#12382,#12383));
#12382 = ORIENTED_EDGE('',*,*,#7595,.T.);
#12383 = ORIENTED_EDGE('',*,*,#7628,.T.);
#12384 = FACE_BOUND('',#12385,.F.);
#12385 = EDGE_LOOP('',(#12386,#12387));
#12386 = ORIENTED_EDGE('',*,*,#7661,.T.);
#12387 = ORIENTED_EDGE('',*,*,#7694,.T.);
#12388 = FACE_BOUND('',#12389,.F.);
#12389 = EDGE_LOOP('',(#12390,#12391));
#12390 = ORIENTED_EDGE('',*,*,#7727,.T.);
#12391 = ORIENTED_EDGE('',*,*,#7760,.T.);
#12392 = FACE_BOUND('',#12393,.F.);
#12393 = EDGE_LOOP('',(#12394,#12395));
#12394 = ORIENTED_EDGE('',*,*,#7793,.T.);
#12395 = ORIENTED_EDGE('',*,*,#7826,.T.);
#12396 = FACE_BOUND('',#12397,.F.);
#12397 = EDGE_LOOP('',(#12398,#12399));
#12398 = ORIENTED_EDGE('',*,*,#7859,.T.);
#12399 = ORIENTED_EDGE('',*,*,#7892,.T.);
#12400 = FACE_BOUND('',#12401,.F.);
#12401 = EDGE_LOOP('',(#12402,#12403));
#12402 = ORIENTED_EDGE('',*,*,#7925,.T.);
#12403 = ORIENTED_EDGE('',*,*,#7958,.T.);
#12404 = FACE_BOUND('',#12405,.F.);
#12405 = EDGE_LOOP('',(#12406,#12407,#12408,#12409));
#12406 = ORIENTED_EDGE('',*,*,#7991,.T.);
#12407 = ORIENTED_EDGE('',*,*,#8022,.T.);
#12408 = ORIENTED_EDGE('',*,*,#8055,.T.);
#12409 = ORIENTED_EDGE('',*,*,#8086,.T.);
#12410 = FACE_BOUND('',#12411,.F.);
#12411 = EDGE_LOOP('',(#12412,#12413,#12414,#12415));
#12412 = ORIENTED_EDGE('',*,*,#8119,.T.);
#12413 = ORIENTED_EDGE('',*,*,#8150,.T.);
#12414 = ORIENTED_EDGE('',*,*,#8183,.T.);
#12415 = ORIENTED_EDGE('',*,*,#8214,.T.);
#12416 = FACE_BOUND('',#12417,.F.);
#12417 = EDGE_LOOP('',(#12418,#12419));
#12418 = ORIENTED_EDGE('',*,*,#8247,.T.);
#12419 = ORIENTED_EDGE('',*,*,#8280,.T.);
#12420 = FACE_BOUND('',#12421,.F.);
#12421 = EDGE_LOOP('',(#12422,#12423));
#12422 = ORIENTED_EDGE('',*,*,#8313,.T.);
#12423 = ORIENTED_EDGE('',*,*,#8346,.T.);
#12424 = FACE_BOUND('',#12425,.F.);
#12425 = EDGE_LOOP('',(#12426,#12427));
#12426 = ORIENTED_EDGE('',*,*,#8379,.T.);
#12427 = ORIENTED_EDGE('',*,*,#8412,.T.);
#12428 = FACE_BOUND('',#12429,.F.);
#12429 = EDGE_LOOP('',(#12430,#12431));
#12430 = ORIENTED_EDGE('',*,*,#8445,.T.);
#12431 = ORIENTED_EDGE('',*,*,#8478,.T.);
#12432 = FACE_BOUND('',#12433,.F.);
#12433 = EDGE_LOOP('',(#12434,#12435));
#12434 = ORIENTED_EDGE('',*,*,#8511,.T.);
#12435 = ORIENTED_EDGE('',*,*,#8544,.T.);
#12436 = FACE_BOUND('',#12437,.F.);
#12437 = EDGE_LOOP('',(#12438,#12439));
#12438 = ORIENTED_EDGE('',*,*,#8577,.T.);
#12439 = ORIENTED_EDGE('',*,*,#8610,.T.);
#12440 = FACE_BOUND('',#12441,.F.);
#12441 = EDGE_LOOP('',(#12442,#12443));
#12442 = ORIENTED_EDGE('',*,*,#8643,.T.);
#12443 = ORIENTED_EDGE('',*,*,#8676,.T.);
#12444 = FACE_BOUND('',#12445,.F.);
#12445 = EDGE_LOOP('',(#12446,#12447));
#12446 = ORIENTED_EDGE('',*,*,#8709,.T.);
#12447 = ORIENTED_EDGE('',*,*,#8742,.T.);
#12448 = FACE_BOUND('',#12449,.F.);
#12449 = EDGE_LOOP('',(#12450,#12451));
#12450 = ORIENTED_EDGE('',*,*,#8775,.T.);
#12451 = ORIENTED_EDGE('',*,*,#8808,.T.);
#12452 = FACE_BOUND('',#12453,.F.);
#12453 = EDGE_LOOP('',(#12454,#12455));
#12454 = ORIENTED_EDGE('',*,*,#8841,.T.);
#12455 = ORIENTED_EDGE('',*,*,#8874,.T.);
#12456 = FACE_BOUND('',#12457,.F.);
#12457 = EDGE_LOOP('',(#12458,#12459));
#12458 = ORIENTED_EDGE('',*,*,#8907,.T.);
#12459 = ORIENTED_EDGE('',*,*,#8940,.T.);
#12460 = FACE_BOUND('',#12461,.F.);
#12461 = EDGE_LOOP('',(#12462,#12463));
#12462 = ORIENTED_EDGE('',*,*,#8973,.T.);
#12463 = ORIENTED_EDGE('',*,*,#9006,.T.);
#12464 = FACE_BOUND('',#12465,.F.);
#12465 = EDGE_LOOP('',(#12466,#12467));
#12466 = ORIENTED_EDGE('',*,*,#9039,.T.);
#12467 = ORIENTED_EDGE('',*,*,#9072,.T.);
#12468 = FACE_BOUND('',#12469,.F.);
#12469 = EDGE_LOOP('',(#12470,#12471));
#12470 = ORIENTED_EDGE('',*,*,#9105,.T.);
#12471 = ORIENTED_EDGE('',*,*,#9138,.T.);
#12472 = FACE_BOUND('',#12473,.F.);
#12473 = EDGE_LOOP('',(#12474,#12475));
#12474 = ORIENTED_EDGE('',*,*,#9171,.T.);
#12475 = ORIENTED_EDGE('',*,*,#9204,.T.);
#12476 = FACE_BOUND('',#12477,.F.);
#12477 = EDGE_LOOP('',(#12478,#12479));
#12478 = ORIENTED_EDGE('',*,*,#9237,.T.);
#12479 = ORIENTED_EDGE('',*,*,#9270,.T.);
#12480 = FACE_BOUND('',#12481,.F.);
#12481 = EDGE_LOOP('',(#12482,#12483));
#12482 = ORIENTED_EDGE('',*,*,#9303,.T.);
#12483 = ORIENTED_EDGE('',*,*,#9336,.T.);
#12484 = FACE_BOUND('',#12485,.F.);
#12485 = EDGE_LOOP('',(#12486,#12487));
#12486 = ORIENTED_EDGE('',*,*,#9369,.T.);
#12487 = ORIENTED_EDGE('',*,*,#9402,.T.);
#12488 = FACE_BOUND('',#12489,.F.);
#12489 = EDGE_LOOP('',(#12490,#12491));
#12490 = ORIENTED_EDGE('',*,*,#9435,.T.);
#12491 = ORIENTED_EDGE('',*,*,#9468,.T.);
#12492 = FACE_BOUND('',#12493,.F.);
#12493 = EDGE_LOOP('',(#12494,#12495));
#12494 = ORIENTED_EDGE('',*,*,#9501,.T.);
#12495 = ORIENTED_EDGE('',*,*,#9534,.T.);
#12496 = FACE_BOUND('',#12497,.F.);
#12497 = EDGE_LOOP('',(#12498,#12499));
#12498 = ORIENTED_EDGE('',*,*,#9567,.T.);
#12499 = ORIENTED_EDGE('',*,*,#9600,.T.);
#12500 = FACE_BOUND('',#12501,.F.);
#12501 = EDGE_LOOP('',(#12502,#12503));
#12502 = ORIENTED_EDGE('',*,*,#9633,.T.);
#12503 = ORIENTED_EDGE('',*,*,#9666,.T.);
#12504 = FACE_BOUND('',#12505,.F.);
#12505 = EDGE_LOOP('',(#12506,#12507));
#12506 = ORIENTED_EDGE('',*,*,#9699,.T.);
#12507 = ORIENTED_EDGE('',*,*,#9732,.T.);
#12508 = FACE_BOUND('',#12509,.F.);
#12509 = EDGE_LOOP('',(#12510,#12511));
#12510 = ORIENTED_EDGE('',*,*,#9765,.T.);
#12511 = ORIENTED_EDGE('',*,*,#9798,.T.);
#12512 = FACE_BOUND('',#12513,.F.);
#12513 = EDGE_LOOP('',(#12514,#12515));
#12514 = ORIENTED_EDGE('',*,*,#9831,.T.);
#12515 = ORIENTED_EDGE('',*,*,#9864,.T.);
#12516 = FACE_BOUND('',#12517,.F.);
#12517 = EDGE_LOOP('',(#12518,#12519));
#12518 = ORIENTED_EDGE('',*,*,#9897,.T.);
#12519 = ORIENTED_EDGE('',*,*,#9930,.T.);
#12520 = FACE_BOUND('',#12521,.F.);
#12521 = EDGE_LOOP('',(#12522,#12523));
#12522 = ORIENTED_EDGE('',*,*,#9963,.T.);
#12523 = ORIENTED_EDGE('',*,*,#9996,.T.);
#12524 = FACE_BOUND('',#12525,.F.);
#12525 = EDGE_LOOP('',(#12526,#12527));
#12526 = ORIENTED_EDGE('',*,*,#10029,.T.);
#12527 = ORIENTED_EDGE('',*,*,#10062,.T.);
#12528 = FACE_BOUND('',#12529,.F.);
#12529 = EDGE_LOOP('',(#12530,#12531));
#12530 = ORIENTED_EDGE('',*,*,#10095,.T.);
#12531 = ORIENTED_EDGE('',*,*,#10128,.T.);
#12532 = FACE_BOUND('',#12533,.F.);
#12533 = EDGE_LOOP('',(#12534,#12535));
#12534 = ORIENTED_EDGE('',*,*,#10161,.T.);
#12535 = ORIENTED_EDGE('',*,*,#10194,.T.);
#12536 = FACE_BOUND('',#12537,.F.);
#12537 = EDGE_LOOP('',(#12538,#12539));
#12538 = ORIENTED_EDGE('',*,*,#10227,.T.);
#12539 = ORIENTED_EDGE('',*,*,#10260,.T.);
#12540 = FACE_BOUND('',#12541,.F.);
#12541 = EDGE_LOOP('',(#12542,#12543));
#12542 = ORIENTED_EDGE('',*,*,#10293,.T.);
#12543 = ORIENTED_EDGE('',*,*,#10326,.T.);
#12544 = FACE_BOUND('',#12545,.F.);
#12545 = EDGE_LOOP('',(#12546,#12547));
#12546 = ORIENTED_EDGE('',*,*,#10359,.T.);
#12547 = ORIENTED_EDGE('',*,*,#10392,.T.);
#12548 = FACE_BOUND('',#12549,.F.);
#12549 = EDGE_LOOP('',(#12550,#12551));
#12550 = ORIENTED_EDGE('',*,*,#10425,.T.);
#12551 = ORIENTED_EDGE('',*,*,#10458,.T.);
#12552 = FACE_BOUND('',#12553,.F.);
#12553 = EDGE_LOOP('',(#12554,#12555));
#12554 = ORIENTED_EDGE('',*,*,#10491,.T.);
#12555 = ORIENTED_EDGE('',*,*,#10524,.T.);
#12556 = FACE_BOUND('',#12557,.F.);
#12557 = EDGE_LOOP('',(#12558,#12559));
#12558 = ORIENTED_EDGE('',*,*,#10557,.T.);
#12559 = ORIENTED_EDGE('',*,*,#10590,.T.);
#12560 = FACE_BOUND('',#12561,.F.);
#12561 = EDGE_LOOP('',(#12562,#12563));
#12562 = ORIENTED_EDGE('',*,*,#10623,.T.);
#12563 = ORIENTED_EDGE('',*,*,#10656,.T.);
#12564 = FACE_BOUND('',#12565,.F.);
#12565 = EDGE_LOOP('',(#12566,#12567));
#12566 = ORIENTED_EDGE('',*,*,#10689,.T.);
#12567 = ORIENTED_EDGE('',*,*,#10722,.T.);
#12568 = FACE_BOUND('',#12569,.F.);
#12569 = EDGE_LOOP('',(#12570,#12571));
#12570 = ORIENTED_EDGE('',*,*,#10755,.T.);
#12571 = ORIENTED_EDGE('',*,*,#10788,.T.);
#12572 = FACE_BOUND('',#12573,.F.);
#12573 = EDGE_LOOP('',(#12574,#12575));
#12574 = ORIENTED_EDGE('',*,*,#10821,.T.);
#12575 = ORIENTED_EDGE('',*,*,#10854,.T.);
#12576 = FACE_BOUND('',#12577,.F.);
#12577 = EDGE_LOOP('',(#12578,#12579));
#12578 = ORIENTED_EDGE('',*,*,#10887,.T.);
#12579 = ORIENTED_EDGE('',*,*,#10920,.T.);
#12580 = FACE_BOUND('',#12581,.F.);
#12581 = EDGE_LOOP('',(#12582,#12583));
#12582 = ORIENTED_EDGE('',*,*,#10953,.T.);
#12583 = ORIENTED_EDGE('',*,*,#10986,.T.);
#12584 = FACE_BOUND('',#12585,.F.);
#12585 = EDGE_LOOP('',(#12586,#12587));
#12586 = ORIENTED_EDGE('',*,*,#11019,.T.);
#12587 = ORIENTED_EDGE('',*,*,#11052,.T.);
#12588 = FACE_BOUND('',#12589,.F.);
#12589 = EDGE_LOOP('',(#12590,#12591));
#12590 = ORIENTED_EDGE('',*,*,#11085,.T.);
#12591 = ORIENTED_EDGE('',*,*,#11118,.T.);
#12592 = FACE_BOUND('',#12593,.F.);
#12593 = EDGE_LOOP('',(#12594,#12595));
#12594 = ORIENTED_EDGE('',*,*,#11151,.T.);
#12595 = ORIENTED_EDGE('',*,*,#11184,.T.);
#12596 = FACE_BOUND('',#12597,.F.);
#12597 = EDGE_LOOP('',(#12598,#12599));
#12598 = ORIENTED_EDGE('',*,*,#11217,.T.);
#12599 = ORIENTED_EDGE('',*,*,#11250,.T.);
#12600 = PLANE('',#12601);
#12601 = AXIS2_PLACEMENT_3D('',#12602,#12603,#12604);
#12602 = CARTESIAN_POINT('',(20.320040640081,33.440067310135,
    1.600050800102));
#12603 = DIRECTION('',(-0.,-0.,-1.));
#12604 = DIRECTION('',(-1.,0.,0.));
#12605 = ( GEOMETRIC_REPRESENTATION_CONTEXT(3) 
GLOBAL_UNCERTAINTY_ASSIGNED_CONTEXT((#12609)) 
GLOBAL_UNIT_ASSIGNED_CONTEXT((#12606,#12607,#12608)) 
REPRESENTATION_CONTEXT('Context #1',
  '3D Context with UNIT and UNCERTAINTY') );
#12606 = ( LENGTH_UNIT() NAMED_UNIT(*) SI_UNIT(.MILLI.,.METRE.) );
#12607 = ( NAMED_UNIT(*) PLANE_ANGLE_UNIT() SI_UNIT($,.RADIAN.) );
#12608 = ( NAMED_UNIT(*) SI_UNIT($,.STERADIAN.) SOLID_ANGLE_UNIT() );
#12609 = UNCERTAINTY_MEASURE_WITH_UNIT(LENGTH_MEASURE(1.E-07),#12606,
  'distance_accuracy_value','confusion accuracy');
#12610 = CONTEXT_DEPENDENT_SHAPE_REPRESENTATION(#12611,#12613);
#12611 = ( REPRESENTATION_RELATIONSHIP('','',#78,#10) 
REPRESENTATION_RELATIONSHIP_WITH_TRANSFORMATION(#12612) 
SHAPE_REPRESENTATION_RELATIONSHIP() );
#12612 = ITEM_DEFINED_TRANSFORMATION('','',#11,#23);
#12613 = PRODUCT_DEFINITION_SHAPE('Placement','Placement of an item',
  #12614);
#12614 = NEXT_ASSEMBLY_USAGE_OCCURRENCE('3','=>[0:1:1:4]','',#5,#73,$);
#12615 = PRODUCT_RELATED_PRODUCT_CATEGORY('part',$,(#75));
#12616 = MECHANICAL_DESIGN_GEOMETRIC_PRESENTATION_REPRESENTATION('',(
    #12617,#12627,#12635,#12642,#12649,#12656,#12663,#12670,#12677,
    #12684,#12691,#12698,#12705,#12712,#12719,#12726,#12733,#12740,
    #12747,#12754,#12761,#12768,#12775,#12782,#12789,#12796,#12803,
    #12810,#12817,#12824,#12831,#12838,#12845,#12852,#12859,#12866,
    #12873,#12880,#12887,#12894,#12901,#12908,#12915,#12922,#12929,
    #12936,#12943,#12950,#12957,#12964,#12971,#12978,#12985,#12992,
    #12999,#13006,#13013,#13020,#13027,#13034,#13041,#13048,#13055,
    #13062,#13069,#13076,#13083,#13090,#13097,#13104,#13111,#13118,
    #13125,#13132,#13139,#13146,#13153,#13160,#13167,#13174,#13181,
    #13188,#13195,#13202,#13209,#13216,#13223,#13230,#13237,#13244,
    #13251,#13258,#13265,#13272,#13279,#13286,#13293,#13300,#13307,
    #13314,#13321,#13328,#13335,#13342,#13349,#13356,#13363,#13370,
    #13377,#13384,#13391,#13398,#13405,#13412,#13419,#13426,#13433,
    #13440,#13447,#13454,#13461,#13468,#13475,#13482,#13489,#13496,
    #13503,#13510,#13517,#13524,#13531,#13538,#13545,#13552,#13559,
    #13566,#13573,#13580,#13587,#13594,#13601,#13608,#13615,#13622,
    #13629,#13636,#13643,#13650,#13657,#13664,#13671,#13678,#13685,
    #13692,#13699,#13706,#13713,#13720,#13727,#13734,#13741,#13748,
    #13755,#13762,#13769,#13776,#13783,#13790,#13797,#13804,#13811,
    #13818,#13825,#13832,#13839,#13846,#13853,#13860,#13867,#13874,
    #13881,#13888,#13895,#13902,#13909,#13916,#13923,#13930,#13937,
    #13944,#13951,#13958,#13965,#13972,#13979,#13986,#13993,#14000,
    #14007,#14014,#14021,#14028,#14035,#14042,#14049,#14056,#14063,
    #14070,#14077,#14084,#14091,#14098,#14105,#14112,#14119,#14126,
    #14133,#14140,#14147,#14154,#14161,#14168,#14175,#14182,#14189,
    #14196,#14203,#14210,#14217,#14224,#14231,#14238,#14245,#14252,
    #14259,#14266,#14273,#14280,#14287,#14294,#14301,#14308,#14315,
    #14322,#14329,#14336,#14343,#14350,#14357,#14364,#14371,#14378,
    #14385,#14392,#14399,#14406,#14413,#14420,#14427,#14434,#14441,
    #14448,#14455,#14462,#14469,#14476,#14483,#14490,#14497,#14504,
    #14511,#14518,#14525,#14532,#14539,#14546,#14553,#14560,#14567,
    #14574,#14581,#14588,#14595,#14602,#14609,#14616,#14623,#14630,
    #14637,#14644,#14651,#14658,#14665,#14672,#14679,#14686,#14693,
    #14700,#14707,#14714,#14721,#14728,#14735,#14742,#14749,#14756,
    #14763,#14770,#14777,#14784,#14791,#14798,#14805,#14812,#14819,
    #14826,#14833,#14840,#14847,#14854,#14861,#14868,#14875,#14882,
    #14889,#14896,#14903,#14910,#14917,#14924,#14931,#14938,#14945,
    #14952,#14959,#14966,#14973,#14980,#14987,#14994,#15001),#12605);
#12617 = STYLED_ITEM('color',(#12618),#79);
#12618 = PRESENTATION_STYLE_ASSIGNMENT((#12619,#12625));
#12619 = SURFACE_STYLE_USAGE(.BOTH.,#12620);
#12620 = SURFACE_SIDE_STYLE('',(#12621));
#12621 = SURFACE_STYLE_FILL_AREA(#12622);
#12622 = FILL_AREA_STYLE('',(#12623));
#12623 = FILL_AREA_STYLE_COLOUR('',#12624);
#12624 = COLOUR_RGB('',0.,0.377508427907,0.578582128266);
#12625 = CURVE_STYLE('',#12626,POSITIVE_LENGTH_MEASURE(0.1),#12624);
#12626 = DRAUGHTING_PRE_DEFINED_CURVE_FONT('continuous');
#12627 = OVER_RIDING_STYLED_ITEM('overriding color',(#12628),#81,#12617
  );
#12628 = PRESENTATION_STYLE_ASSIGNMENT((#12629));
#12629 = SURFACE_STYLE_USAGE(.BOTH.,#12630);
#12630 = SURFACE_SIDE_STYLE('',(#12631));
#12631 = SURFACE_STYLE_FILL_AREA(#12632);
#12632 = FILL_AREA_STYLE('',(#12633));
#12633 = FILL_AREA_STYLE_COLOUR('',#12634);
#12634 = COLOUR_RGB('',0.937179583391,0.9357410338,0.649182888601);
#12635 = OVER_RIDING_STYLED_ITEM('overriding color',(#12636),#121,#12617
  );
#12636 = PRESENTATION_STYLE_ASSIGNMENT((#12637));
#12637 = SURFACE_STYLE_USAGE(.BOTH.,#12638);
#12638 = SURFACE_SIDE_STYLE('',(#12639));
#12639 = SURFACE_STYLE_FILL_AREA(#12640);
#12640 = FILL_AREA_STYLE('',(#12641));
#12641 = FILL_AREA_STYLE_COLOUR('',#12634);
#12642 = OVER_RIDING_STYLED_ITEM('overriding color',(#12643),#154,#12617
  );
#12643 = PRESENTATION_STYLE_ASSIGNMENT((#12644));
#12644 = SURFACE_STYLE_USAGE(.BOTH.,#12645);
#12645 = SURFACE_SIDE_STYLE('',(#12646));
#12646 = SURFACE_STYLE_FILL_AREA(#12647);
#12647 = FILL_AREA_STYLE('',(#12648));
#12648 = FILL_AREA_STYLE_COLOUR('',#12634);
#12649 = OVER_RIDING_STYLED_ITEM('overriding color',(#12650),#185,#12617
  );
#12650 = PRESENTATION_STYLE_ASSIGNMENT((#12651));
#12651 = SURFACE_STYLE_USAGE(.BOTH.,#12652);
#12652 = SURFACE_SIDE_STYLE('',(#12653));
#12653 = SURFACE_STYLE_FILL_AREA(#12654);
#12654 = FILL_AREA_STYLE('',(#12655));
#12655 = FILL_AREA_STYLE_COLOUR('',#12634);
#12656 = OVER_RIDING_STYLED_ITEM('overriding color',(#12657),#218,#12617
  );
#12657 = PRESENTATION_STYLE_ASSIGNMENT((#12658));
#12658 = SURFACE_STYLE_USAGE(.BOTH.,#12659);
#12659 = SURFACE_SIDE_STYLE('',(#12660));
#12660 = SURFACE_STYLE_FILL_AREA(#12661);
#12661 = FILL_AREA_STYLE('',(#12662));
#12662 = FILL_AREA_STYLE_COLOUR('',#12634);
#12663 = OVER_RIDING_STYLED_ITEM('overriding color',(#12664),#249,#12617
  );
#12664 = PRESENTATION_STYLE_ASSIGNMENT((#12665));
#12665 = SURFACE_STYLE_USAGE(.BOTH.,#12666);
#12666 = SURFACE_SIDE_STYLE('',(#12667));
#12667 = SURFACE_STYLE_FILL_AREA(#12668);
#12668 = FILL_AREA_STYLE('',(#12669));
#12669 = FILL_AREA_STYLE_COLOUR('',#12634);
#12670 = OVER_RIDING_STYLED_ITEM('overriding color',(#12671),#282,#12617
  );
#12671 = PRESENTATION_STYLE_ASSIGNMENT((#12672));
#12672 = SURFACE_STYLE_USAGE(.BOTH.,#12673);
#12673 = SURFACE_SIDE_STYLE('',(#12674));
#12674 = SURFACE_STYLE_FILL_AREA(#12675);
#12675 = FILL_AREA_STYLE('',(#12676));
#12676 = FILL_AREA_STYLE_COLOUR('',#12634);
#12677 = OVER_RIDING_STYLED_ITEM('overriding color',(#12678),#313,#12617
  );
#12678 = PRESENTATION_STYLE_ASSIGNMENT((#12679));
#12679 = SURFACE_STYLE_USAGE(.BOTH.,#12680);
#12680 = SURFACE_SIDE_STYLE('',(#12681));
#12681 = SURFACE_STYLE_FILL_AREA(#12682);
#12682 = FILL_AREA_STYLE('',(#12683));
#12683 = FILL_AREA_STYLE_COLOUR('',#12634);
#12684 = OVER_RIDING_STYLED_ITEM('overriding color',(#12685),#337,#12617
  );
#12685 = PRESENTATION_STYLE_ASSIGNMENT((#12686));
#12686 = SURFACE_STYLE_USAGE(.BOTH.,#12687);
#12687 = SURFACE_SIDE_STYLE('',(#12688));
#12688 = SURFACE_STYLE_FILL_AREA(#12689);
#12689 = FILL_AREA_STYLE('',(#12690));
#12690 = FILL_AREA_STYLE_COLOUR('',#12634);
#12691 = OVER_RIDING_STYLED_ITEM('overriding color',(#12692),#379,#12617
  );
#12692 = PRESENTATION_STYLE_ASSIGNMENT((#12693));
#12693 = SURFACE_STYLE_USAGE(.BOTH.,#12694);
#12694 = SURFACE_SIDE_STYLE('',(#12695));
#12695 = SURFACE_STYLE_FILL_AREA(#12696);
#12696 = FILL_AREA_STYLE('',(#12697));
#12697 = FILL_AREA_STYLE_COLOUR('',#12634);
#12698 = OVER_RIDING_STYLED_ITEM('overriding color',(#12699),#403,#12617
  );
#12699 = PRESENTATION_STYLE_ASSIGNMENT((#12700));
#12700 = SURFACE_STYLE_USAGE(.BOTH.,#12701);
#12701 = SURFACE_SIDE_STYLE('',(#12702));
#12702 = SURFACE_STYLE_FILL_AREA(#12703);
#12703 = FILL_AREA_STYLE('',(#12704));
#12704 = FILL_AREA_STYLE_COLOUR('',#12634);
#12705 = OVER_RIDING_STYLED_ITEM('overriding color',(#12706),#445,#12617
  );
#12706 = PRESENTATION_STYLE_ASSIGNMENT((#12707));
#12707 = SURFACE_STYLE_USAGE(.BOTH.,#12708);
#12708 = SURFACE_SIDE_STYLE('',(#12709));
#12709 = SURFACE_STYLE_FILL_AREA(#12710);
#12710 = FILL_AREA_STYLE('',(#12711));
#12711 = FILL_AREA_STYLE_COLOUR('',#12634);
#12712 = OVER_RIDING_STYLED_ITEM('overriding color',(#12713),#469,#12617
  );
#12713 = PRESENTATION_STYLE_ASSIGNMENT((#12714));
#12714 = SURFACE_STYLE_USAGE(.BOTH.,#12715);
#12715 = SURFACE_SIDE_STYLE('',(#12716));
#12716 = SURFACE_STYLE_FILL_AREA(#12717);
#12717 = FILL_AREA_STYLE('',(#12718));
#12718 = FILL_AREA_STYLE_COLOUR('',#12634);
#12719 = OVER_RIDING_STYLED_ITEM('overriding color',(#12720),#511,#12617
  );
#12720 = PRESENTATION_STYLE_ASSIGNMENT((#12721));
#12721 = SURFACE_STYLE_USAGE(.BOTH.,#12722);
#12722 = SURFACE_SIDE_STYLE('',(#12723));
#12723 = SURFACE_STYLE_FILL_AREA(#12724);
#12724 = FILL_AREA_STYLE('',(#12725));
#12725 = FILL_AREA_STYLE_COLOUR('',#12634);
#12726 = OVER_RIDING_STYLED_ITEM('overriding color',(#12727),#535,#12617
  );
#12727 = PRESENTATION_STYLE_ASSIGNMENT((#12728));
#12728 = SURFACE_STYLE_USAGE(.BOTH.,#12729);
#12729 = SURFACE_SIDE_STYLE('',(#12730));
#12730 = SURFACE_STYLE_FILL_AREA(#12731);
#12731 = FILL_AREA_STYLE('',(#12732));
#12732 = FILL_AREA_STYLE_COLOUR('',#12634);
#12733 = OVER_RIDING_STYLED_ITEM('overriding color',(#12734),#577,#12617
  );
#12734 = PRESENTATION_STYLE_ASSIGNMENT((#12735));
#12735 = SURFACE_STYLE_USAGE(.BOTH.,#12736);
#12736 = SURFACE_SIDE_STYLE('',(#12737));
#12737 = SURFACE_STYLE_FILL_AREA(#12738);
#12738 = FILL_AREA_STYLE('',(#12739));
#12739 = FILL_AREA_STYLE_COLOUR('',#12634);
#12740 = OVER_RIDING_STYLED_ITEM('overriding color',(#12741),#601,#12617
  );
#12741 = PRESENTATION_STYLE_ASSIGNMENT((#12742));
#12742 = SURFACE_STYLE_USAGE(.BOTH.,#12743);
#12743 = SURFACE_SIDE_STYLE('',(#12744));
#12744 = SURFACE_STYLE_FILL_AREA(#12745);
#12745 = FILL_AREA_STYLE('',(#12746));
#12746 = FILL_AREA_STYLE_COLOUR('',#12634);
#12747 = OVER_RIDING_STYLED_ITEM('overriding color',(#12748),#643,#12617
  );
#12748 = PRESENTATION_STYLE_ASSIGNMENT((#12749));
#12749 = SURFACE_STYLE_USAGE(.BOTH.,#12750);
#12750 = SURFACE_SIDE_STYLE('',(#12751));
#12751 = SURFACE_STYLE_FILL_AREA(#12752);
#12752 = FILL_AREA_STYLE('',(#12753));
#12753 = FILL_AREA_STYLE_COLOUR('',#12634);
#12754 = OVER_RIDING_STYLED_ITEM('overriding color',(#12755),#667,#12617
  );
#12755 = PRESENTATION_STYLE_ASSIGNMENT((#12756));
#12756 = SURFACE_STYLE_USAGE(.BOTH.,#12757);
#12757 = SURFACE_SIDE_STYLE('',(#12758));
#12758 = SURFACE_STYLE_FILL_AREA(#12759);
#12759 = FILL_AREA_STYLE('',(#12760));
#12760 = FILL_AREA_STYLE_COLOUR('',#12634);
#12761 = OVER_RIDING_STYLED_ITEM('overriding color',(#12762),#709,#12617
  );
#12762 = PRESENTATION_STYLE_ASSIGNMENT((#12763));
#12763 = SURFACE_STYLE_USAGE(.BOTH.,#12764);
#12764 = SURFACE_SIDE_STYLE('',(#12765));
#12765 = SURFACE_STYLE_FILL_AREA(#12766);
#12766 = FILL_AREA_STYLE('',(#12767));
#12767 = FILL_AREA_STYLE_COLOUR('',#12634);
#12768 = OVER_RIDING_STYLED_ITEM('overriding color',(#12769),#733,#12617
  );
#12769 = PRESENTATION_STYLE_ASSIGNMENT((#12770));
#12770 = SURFACE_STYLE_USAGE(.BOTH.,#12771);
#12771 = SURFACE_SIDE_STYLE('',(#12772));
#12772 = SURFACE_STYLE_FILL_AREA(#12773);
#12773 = FILL_AREA_STYLE('',(#12774));
#12774 = FILL_AREA_STYLE_COLOUR('',#12634);
#12775 = OVER_RIDING_STYLED_ITEM('overriding color',(#12776),#775,#12617
  );
#12776 = PRESENTATION_STYLE_ASSIGNMENT((#12777));
#12777 = SURFACE_STYLE_USAGE(.BOTH.,#12778);
#12778 = SURFACE_SIDE_STYLE('',(#12779));
#12779 = SURFACE_STYLE_FILL_AREA(#12780);
#12780 = FILL_AREA_STYLE('',(#12781));
#12781 = FILL_AREA_STYLE_COLOUR('',#12634);
#12782 = OVER_RIDING_STYLED_ITEM('overriding color',(#12783),#799,#12617
  );
#12783 = PRESENTATION_STYLE_ASSIGNMENT((#12784));
#12784 = SURFACE_STYLE_USAGE(.BOTH.,#12785);
#12785 = SURFACE_SIDE_STYLE('',(#12786));
#12786 = SURFACE_STYLE_FILL_AREA(#12787);
#12787 = FILL_AREA_STYLE('',(#12788));
#12788 = FILL_AREA_STYLE_COLOUR('',#12634);
#12789 = OVER_RIDING_STYLED_ITEM('overriding color',(#12790),#841,#12617
  );
#12790 = PRESENTATION_STYLE_ASSIGNMENT((#12791));
#12791 = SURFACE_STYLE_USAGE(.BOTH.,#12792);
#12792 = SURFACE_SIDE_STYLE('',(#12793));
#12793 = SURFACE_STYLE_FILL_AREA(#12794);
#12794 = FILL_AREA_STYLE('',(#12795));
#12795 = FILL_AREA_STYLE_COLOUR('',#12634);
#12796 = OVER_RIDING_STYLED_ITEM('overriding color',(#12797),#865,#12617
  );
#12797 = PRESENTATION_STYLE_ASSIGNMENT((#12798));
#12798 = SURFACE_STYLE_USAGE(.BOTH.,#12799);
#12799 = SURFACE_SIDE_STYLE('',(#12800));
#12800 = SURFACE_STYLE_FILL_AREA(#12801);
#12801 = FILL_AREA_STYLE('',(#12802));
#12802 = FILL_AREA_STYLE_COLOUR('',#12634);
#12803 = OVER_RIDING_STYLED_ITEM('overriding color',(#12804),#907,#12617
  );
#12804 = PRESENTATION_STYLE_ASSIGNMENT((#12805));
#12805 = SURFACE_STYLE_USAGE(.BOTH.,#12806);
#12806 = SURFACE_SIDE_STYLE('',(#12807));
#12807 = SURFACE_STYLE_FILL_AREA(#12808);
#12808 = FILL_AREA_STYLE('',(#12809));
#12809 = FILL_AREA_STYLE_COLOUR('',#12634);
#12810 = OVER_RIDING_STYLED_ITEM('overriding color',(#12811),#931,#12617
  );
#12811 = PRESENTATION_STYLE_ASSIGNMENT((#12812));
#12812 = SURFACE_STYLE_USAGE(.BOTH.,#12813);
#12813 = SURFACE_SIDE_STYLE('',(#12814));
#12814 = SURFACE_STYLE_FILL_AREA(#12815);
#12815 = FILL_AREA_STYLE('',(#12816));
#12816 = FILL_AREA_STYLE_COLOUR('',#12634);
#12817 = OVER_RIDING_STYLED_ITEM('overriding color',(#12818),#973,#12617
  );
#12818 = PRESENTATION_STYLE_ASSIGNMENT((#12819));
#12819 = SURFACE_STYLE_USAGE(.BOTH.,#12820);
#12820 = SURFACE_SIDE_STYLE('',(#12821));
#12821 = SURFACE_STYLE_FILL_AREA(#12822);
#12822 = FILL_AREA_STYLE('',(#12823));
#12823 = FILL_AREA_STYLE_COLOUR('',#12634);
#12824 = OVER_RIDING_STYLED_ITEM('overriding color',(#12825),#997,#12617
  );
#12825 = PRESENTATION_STYLE_ASSIGNMENT((#12826));
#12826 = SURFACE_STYLE_USAGE(.BOTH.,#12827);
#12827 = SURFACE_SIDE_STYLE('',(#12828));
#12828 = SURFACE_STYLE_FILL_AREA(#12829);
#12829 = FILL_AREA_STYLE('',(#12830));
#12830 = FILL_AREA_STYLE_COLOUR('',#12634);
#12831 = OVER_RIDING_STYLED_ITEM('overriding color',(#12832),#1039,
  #12617);
#12832 = PRESENTATION_STYLE_ASSIGNMENT((#12833));
#12833 = SURFACE_STYLE_USAGE(.BOTH.,#12834);
#12834 = SURFACE_SIDE_STYLE('',(#12835));
#12835 = SURFACE_STYLE_FILL_AREA(#12836);
#12836 = FILL_AREA_STYLE('',(#12837));
#12837 = FILL_AREA_STYLE_COLOUR('',#12634);
#12838 = OVER_RIDING_STYLED_ITEM('overriding color',(#12839),#1063,
  #12617);
#12839 = PRESENTATION_STYLE_ASSIGNMENT((#12840));
#12840 = SURFACE_STYLE_USAGE(.BOTH.,#12841);
#12841 = SURFACE_SIDE_STYLE('',(#12842));
#12842 = SURFACE_STYLE_FILL_AREA(#12843);
#12843 = FILL_AREA_STYLE('',(#12844));
#12844 = FILL_AREA_STYLE_COLOUR('',#12634);
#12845 = OVER_RIDING_STYLED_ITEM('overriding color',(#12846),#1105,
  #12617);
#12846 = PRESENTATION_STYLE_ASSIGNMENT((#12847));
#12847 = SURFACE_STYLE_USAGE(.BOTH.,#12848);
#12848 = SURFACE_SIDE_STYLE('',(#12849));
#12849 = SURFACE_STYLE_FILL_AREA(#12850);
#12850 = FILL_AREA_STYLE('',(#12851));
#12851 = FILL_AREA_STYLE_COLOUR('',#12634);
#12852 = OVER_RIDING_STYLED_ITEM('overriding color',(#12853),#1129,
  #12617);
#12853 = PRESENTATION_STYLE_ASSIGNMENT((#12854));
#12854 = SURFACE_STYLE_USAGE(.BOTH.,#12855);
#12855 = SURFACE_SIDE_STYLE('',(#12856));
#12856 = SURFACE_STYLE_FILL_AREA(#12857);
#12857 = FILL_AREA_STYLE('',(#12858));
#12858 = FILL_AREA_STYLE_COLOUR('',#12634);
#12859 = OVER_RIDING_STYLED_ITEM('overriding color',(#12860),#1171,
  #12617);
#12860 = PRESENTATION_STYLE_ASSIGNMENT((#12861));
#12861 = SURFACE_STYLE_USAGE(.BOTH.,#12862);
#12862 = SURFACE_SIDE_STYLE('',(#12863));
#12863 = SURFACE_STYLE_FILL_AREA(#12864);
#12864 = FILL_AREA_STYLE('',(#12865));
#12865 = FILL_AREA_STYLE_COLOUR('',#12634);
#12866 = OVER_RIDING_STYLED_ITEM('overriding color',(#12867),#1195,
  #12617);
#12867 = PRESENTATION_STYLE_ASSIGNMENT((#12868));
#12868 = SURFACE_STYLE_USAGE(.BOTH.,#12869);
#12869 = SURFACE_SIDE_STYLE('',(#12870));
#12870 = SURFACE_STYLE_FILL_AREA(#12871);
#12871 = FILL_AREA_STYLE('',(#12872));
#12872 = FILL_AREA_STYLE_COLOUR('',#12634);
#12873 = OVER_RIDING_STYLED_ITEM('overriding color',(#12874),#1237,
  #12617);
#12874 = PRESENTATION_STYLE_ASSIGNMENT((#12875));
#12875 = SURFACE_STYLE_USAGE(.BOTH.,#12876);
#12876 = SURFACE_SIDE_STYLE('',(#12877));
#12877 = SURFACE_STYLE_FILL_AREA(#12878);
#12878 = FILL_AREA_STYLE('',(#12879));
#12879 = FILL_AREA_STYLE_COLOUR('',#12634);
#12880 = OVER_RIDING_STYLED_ITEM('overriding color',(#12881),#1261,
  #12617);
#12881 = PRESENTATION_STYLE_ASSIGNMENT((#12882));
#12882 = SURFACE_STYLE_USAGE(.BOTH.,#12883);
#12883 = SURFACE_SIDE_STYLE('',(#12884));
#12884 = SURFACE_STYLE_FILL_AREA(#12885);
#12885 = FILL_AREA_STYLE('',(#12886));
#12886 = FILL_AREA_STYLE_COLOUR('',#12634);
#12887 = OVER_RIDING_STYLED_ITEM('overriding color',(#12888),#1303,
  #12617);
#12888 = PRESENTATION_STYLE_ASSIGNMENT((#12889));
#12889 = SURFACE_STYLE_USAGE(.BOTH.,#12890);
#12890 = SURFACE_SIDE_STYLE('',(#12891));
#12891 = SURFACE_STYLE_FILL_AREA(#12892);
#12892 = FILL_AREA_STYLE('',(#12893));
#12893 = FILL_AREA_STYLE_COLOUR('',#12634);
#12894 = OVER_RIDING_STYLED_ITEM('overriding color',(#12895),#1327,
  #12617);
#12895 = PRESENTATION_STYLE_ASSIGNMENT((#12896));
#12896 = SURFACE_STYLE_USAGE(.BOTH.,#12897);
#12897 = SURFACE_SIDE_STYLE('',(#12898));
#12898 = SURFACE_STYLE_FILL_AREA(#12899);
#12899 = FILL_AREA_STYLE('',(#12900));
#12900 = FILL_AREA_STYLE_COLOUR('',#12634);
#12901 = OVER_RIDING_STYLED_ITEM('overriding color',(#12902),#1369,
  #12617);
#12902 = PRESENTATION_STYLE_ASSIGNMENT((#12903));
#12903 = SURFACE_STYLE_USAGE(.BOTH.,#12904);
#12904 = SURFACE_SIDE_STYLE('',(#12905));
#12905 = SURFACE_STYLE_FILL_AREA(#12906);
#12906 = FILL_AREA_STYLE('',(#12907));
#12907 = FILL_AREA_STYLE_COLOUR('',#12634);
#12908 = OVER_RIDING_STYLED_ITEM('overriding color',(#12909),#1393,
  #12617);
#12909 = PRESENTATION_STYLE_ASSIGNMENT((#12910));
#12910 = SURFACE_STYLE_USAGE(.BOTH.,#12911);
#12911 = SURFACE_SIDE_STYLE('',(#12912));
#12912 = SURFACE_STYLE_FILL_AREA(#12913);
#12913 = FILL_AREA_STYLE('',(#12914));
#12914 = FILL_AREA_STYLE_COLOUR('',#12634);
#12915 = OVER_RIDING_STYLED_ITEM('overriding color',(#12916),#1435,
  #12617);
#12916 = PRESENTATION_STYLE_ASSIGNMENT((#12917));
#12917 = SURFACE_STYLE_USAGE(.BOTH.,#12918);
#12918 = SURFACE_SIDE_STYLE('',(#12919));
#12919 = SURFACE_STYLE_FILL_AREA(#12920);
#12920 = FILL_AREA_STYLE('',(#12921));
#12921 = FILL_AREA_STYLE_COLOUR('',#12634);
#12922 = OVER_RIDING_STYLED_ITEM('overriding color',(#12923),#1459,
  #12617);
#12923 = PRESENTATION_STYLE_ASSIGNMENT((#12924));
#12924 = SURFACE_STYLE_USAGE(.BOTH.,#12925);
#12925 = SURFACE_SIDE_STYLE('',(#12926));
#12926 = SURFACE_STYLE_FILL_AREA(#12927);
#12927 = FILL_AREA_STYLE('',(#12928));
#12928 = FILL_AREA_STYLE_COLOUR('',#12634);
#12929 = OVER_RIDING_STYLED_ITEM('overriding color',(#12930),#1501,
  #12617);
#12930 = PRESENTATION_STYLE_ASSIGNMENT((#12931));
#12931 = SURFACE_STYLE_USAGE(.BOTH.,#12932);
#12932 = SURFACE_SIDE_STYLE('',(#12933));
#12933 = SURFACE_STYLE_FILL_AREA(#12934);
#12934 = FILL_AREA_STYLE('',(#12935));
#12935 = FILL_AREA_STYLE_COLOUR('',#12634);
#12936 = OVER_RIDING_STYLED_ITEM('overriding color',(#12937),#1525,
  #12617);
#12937 = PRESENTATION_STYLE_ASSIGNMENT((#12938));
#12938 = SURFACE_STYLE_USAGE(.BOTH.,#12939);
#12939 = SURFACE_SIDE_STYLE('',(#12940));
#12940 = SURFACE_STYLE_FILL_AREA(#12941);
#12941 = FILL_AREA_STYLE('',(#12942));
#12942 = FILL_AREA_STYLE_COLOUR('',#12634);
#12943 = OVER_RIDING_STYLED_ITEM('overriding color',(#12944),#1567,
  #12617);
#12944 = PRESENTATION_STYLE_ASSIGNMENT((#12945));
#12945 = SURFACE_STYLE_USAGE(.BOTH.,#12946);
#12946 = SURFACE_SIDE_STYLE('',(#12947));
#12947 = SURFACE_STYLE_FILL_AREA(#12948);
#12948 = FILL_AREA_STYLE('',(#12949));
#12949 = FILL_AREA_STYLE_COLOUR('',#12634);
#12950 = OVER_RIDING_STYLED_ITEM('overriding color',(#12951),#1591,
  #12617);
#12951 = PRESENTATION_STYLE_ASSIGNMENT((#12952));
#12952 = SURFACE_STYLE_USAGE(.BOTH.,#12953);
#12953 = SURFACE_SIDE_STYLE('',(#12954));
#12954 = SURFACE_STYLE_FILL_AREA(#12955);
#12955 = FILL_AREA_STYLE('',(#12956));
#12956 = FILL_AREA_STYLE_COLOUR('',#12634);
#12957 = OVER_RIDING_STYLED_ITEM('overriding color',(#12958),#1633,
  #12617);
#12958 = PRESENTATION_STYLE_ASSIGNMENT((#12959));
#12959 = SURFACE_STYLE_USAGE(.BOTH.,#12960);
#12960 = SURFACE_SIDE_STYLE('',(#12961));
#12961 = SURFACE_STYLE_FILL_AREA(#12962);
#12962 = FILL_AREA_STYLE('',(#12963));
#12963 = FILL_AREA_STYLE_COLOUR('',#12634);
#12964 = OVER_RIDING_STYLED_ITEM('overriding color',(#12965),#1657,
  #12617);
#12965 = PRESENTATION_STYLE_ASSIGNMENT((#12966));
#12966 = SURFACE_STYLE_USAGE(.BOTH.,#12967);
#12967 = SURFACE_SIDE_STYLE('',(#12968));
#12968 = SURFACE_STYLE_FILL_AREA(#12969);
#12969 = FILL_AREA_STYLE('',(#12970));
#12970 = FILL_AREA_STYLE_COLOUR('',#12634);
#12971 = OVER_RIDING_STYLED_ITEM('overriding color',(#12972),#1699,
  #12617);
#12972 = PRESENTATION_STYLE_ASSIGNMENT((#12973));
#12973 = SURFACE_STYLE_USAGE(.BOTH.,#12974);
#12974 = SURFACE_SIDE_STYLE('',(#12975));
#12975 = SURFACE_STYLE_FILL_AREA(#12976);
#12976 = FILL_AREA_STYLE('',(#12977));
#12977 = FILL_AREA_STYLE_COLOUR('',#12634);
#12978 = OVER_RIDING_STYLED_ITEM('overriding color',(#12979),#1723,
  #12617);
#12979 = PRESENTATION_STYLE_ASSIGNMENT((#12980));
#12980 = SURFACE_STYLE_USAGE(.BOTH.,#12981);
#12981 = SURFACE_SIDE_STYLE('',(#12982));
#12982 = SURFACE_STYLE_FILL_AREA(#12983);
#12983 = FILL_AREA_STYLE('',(#12984));
#12984 = FILL_AREA_STYLE_COLOUR('',#12634);
#12985 = OVER_RIDING_STYLED_ITEM('overriding color',(#12986),#1765,
  #12617);
#12986 = PRESENTATION_STYLE_ASSIGNMENT((#12987));
#12987 = SURFACE_STYLE_USAGE(.BOTH.,#12988);
#12988 = SURFACE_SIDE_STYLE('',(#12989));
#12989 = SURFACE_STYLE_FILL_AREA(#12990);
#12990 = FILL_AREA_STYLE('',(#12991));
#12991 = FILL_AREA_STYLE_COLOUR('',#12634);
#12992 = OVER_RIDING_STYLED_ITEM('overriding color',(#12993),#1789,
  #12617);
#12993 = PRESENTATION_STYLE_ASSIGNMENT((#12994));
#12994 = SURFACE_STYLE_USAGE(.BOTH.,#12995);
#12995 = SURFACE_SIDE_STYLE('',(#12996));
#12996 = SURFACE_STYLE_FILL_AREA(#12997);
#12997 = FILL_AREA_STYLE('',(#12998));
#12998 = FILL_AREA_STYLE_COLOUR('',#12634);
#12999 = OVER_RIDING_STYLED_ITEM('overriding color',(#13000),#1831,
  #12617);
#13000 = PRESENTATION_STYLE_ASSIGNMENT((#13001));
#13001 = SURFACE_STYLE_USAGE(.BOTH.,#13002);
#13002 = SURFACE_SIDE_STYLE('',(#13003));
#13003 = SURFACE_STYLE_FILL_AREA(#13004);
#13004 = FILL_AREA_STYLE('',(#13005));
#13005 = FILL_AREA_STYLE_COLOUR('',#12634);
#13006 = OVER_RIDING_STYLED_ITEM('overriding color',(#13007),#1855,
  #12617);
#13007 = PRESENTATION_STYLE_ASSIGNMENT((#13008));
#13008 = SURFACE_STYLE_USAGE(.BOTH.,#13009);
#13009 = SURFACE_SIDE_STYLE('',(#13010));
#13010 = SURFACE_STYLE_FILL_AREA(#13011);
#13011 = FILL_AREA_STYLE('',(#13012));
#13012 = FILL_AREA_STYLE_COLOUR('',#12634);
#13013 = OVER_RIDING_STYLED_ITEM('overriding color',(#13014),#1897,
  #12617);
#13014 = PRESENTATION_STYLE_ASSIGNMENT((#13015));
#13015 = SURFACE_STYLE_USAGE(.BOTH.,#13016);
#13016 = SURFACE_SIDE_STYLE('',(#13017));
#13017 = SURFACE_STYLE_FILL_AREA(#13018);
#13018 = FILL_AREA_STYLE('',(#13019));
#13019 = FILL_AREA_STYLE_COLOUR('',#12634);
#13020 = OVER_RIDING_STYLED_ITEM('overriding color',(#13021),#1921,
  #12617);
#13021 = PRESENTATION_STYLE_ASSIGNMENT((#13022));
#13022 = SURFACE_STYLE_USAGE(.BOTH.,#13023);
#13023 = SURFACE_SIDE_STYLE('',(#13024));
#13024 = SURFACE_STYLE_FILL_AREA(#13025);
#13025 = FILL_AREA_STYLE('',(#13026));
#13026 = FILL_AREA_STYLE_COLOUR('',#12634);
#13027 = OVER_RIDING_STYLED_ITEM('overriding color',(#13028),#1963,
  #12617);
#13028 = PRESENTATION_STYLE_ASSIGNMENT((#13029));
#13029 = SURFACE_STYLE_USAGE(.BOTH.,#13030);
#13030 = SURFACE_SIDE_STYLE('',(#13031));
#13031 = SURFACE_STYLE_FILL_AREA(#13032);
#13032 = FILL_AREA_STYLE('',(#13033));
#13033 = FILL_AREA_STYLE_COLOUR('',#12634);
#13034 = OVER_RIDING_STYLED_ITEM('overriding color',(#13035),#1987,
  #12617);
#13035 = PRESENTATION_STYLE_ASSIGNMENT((#13036));
#13036 = SURFACE_STYLE_USAGE(.BOTH.,#13037);
#13037 = SURFACE_SIDE_STYLE('',(#13038));
#13038 = SURFACE_STYLE_FILL_AREA(#13039);
#13039 = FILL_AREA_STYLE('',(#13040));
#13040 = FILL_AREA_STYLE_COLOUR('',#12634);
#13041 = OVER_RIDING_STYLED_ITEM('overriding color',(#13042),#2029,
  #12617);
#13042 = PRESENTATION_STYLE_ASSIGNMENT((#13043));
#13043 = SURFACE_STYLE_USAGE(.BOTH.,#13044);
#13044 = SURFACE_SIDE_STYLE('',(#13045));
#13045 = SURFACE_STYLE_FILL_AREA(#13046);
#13046 = FILL_AREA_STYLE('',(#13047));
#13047 = FILL_AREA_STYLE_COLOUR('',#12634);
#13048 = OVER_RIDING_STYLED_ITEM('overriding color',(#13049),#2053,
  #12617);
#13049 = PRESENTATION_STYLE_ASSIGNMENT((#13050));
#13050 = SURFACE_STYLE_USAGE(.BOTH.,#13051);
#13051 = SURFACE_SIDE_STYLE('',(#13052));
#13052 = SURFACE_STYLE_FILL_AREA(#13053);
#13053 = FILL_AREA_STYLE('',(#13054));
#13054 = FILL_AREA_STYLE_COLOUR('',#12634);
#13055 = OVER_RIDING_STYLED_ITEM('overriding color',(#13056),#2095,
  #12617);
#13056 = PRESENTATION_STYLE_ASSIGNMENT((#13057));
#13057 = SURFACE_STYLE_USAGE(.BOTH.,#13058);
#13058 = SURFACE_SIDE_STYLE('',(#13059));
#13059 = SURFACE_STYLE_FILL_AREA(#13060);
#13060 = FILL_AREA_STYLE('',(#13061));
#13061 = FILL_AREA_STYLE_COLOUR('',#12634);
#13062 = OVER_RIDING_STYLED_ITEM('overriding color',(#13063),#2119,
  #12617);
#13063 = PRESENTATION_STYLE_ASSIGNMENT((#13064));
#13064 = SURFACE_STYLE_USAGE(.BOTH.,#13065);
#13065 = SURFACE_SIDE_STYLE('',(#13066));
#13066 = SURFACE_STYLE_FILL_AREA(#13067);
#13067 = FILL_AREA_STYLE('',(#13068));
#13068 = FILL_AREA_STYLE_COLOUR('',#12634);
#13069 = OVER_RIDING_STYLED_ITEM('overriding color',(#13070),#2161,
  #12617);
#13070 = PRESENTATION_STYLE_ASSIGNMENT((#13071));
#13071 = SURFACE_STYLE_USAGE(.BOTH.,#13072);
#13072 = SURFACE_SIDE_STYLE('',(#13073));
#13073 = SURFACE_STYLE_FILL_AREA(#13074);
#13074 = FILL_AREA_STYLE('',(#13075));
#13075 = FILL_AREA_STYLE_COLOUR('',#12634);
#13076 = OVER_RIDING_STYLED_ITEM('overriding color',(#13077),#2185,
  #12617);
#13077 = PRESENTATION_STYLE_ASSIGNMENT((#13078));
#13078 = SURFACE_STYLE_USAGE(.BOTH.,#13079);
#13079 = SURFACE_SIDE_STYLE('',(#13080));
#13080 = SURFACE_STYLE_FILL_AREA(#13081);
#13081 = FILL_AREA_STYLE('',(#13082));
#13082 = FILL_AREA_STYLE_COLOUR('',#12634);
#13083 = OVER_RIDING_STYLED_ITEM('overriding color',(#13084),#2227,
  #12617);
#13084 = PRESENTATION_STYLE_ASSIGNMENT((#13085));
#13085 = SURFACE_STYLE_USAGE(.BOTH.,#13086);
#13086 = SURFACE_SIDE_STYLE('',(#13087));
#13087 = SURFACE_STYLE_FILL_AREA(#13088);
#13088 = FILL_AREA_STYLE('',(#13089));
#13089 = FILL_AREA_STYLE_COLOUR('',#12634);
#13090 = OVER_RIDING_STYLED_ITEM('overriding color',(#13091),#2251,
  #12617);
#13091 = PRESENTATION_STYLE_ASSIGNMENT((#13092));
#13092 = SURFACE_STYLE_USAGE(.BOTH.,#13093);
#13093 = SURFACE_SIDE_STYLE('',(#13094));
#13094 = SURFACE_STYLE_FILL_AREA(#13095);
#13095 = FILL_AREA_STYLE('',(#13096));
#13096 = FILL_AREA_STYLE_COLOUR('',#12634);
#13097 = OVER_RIDING_STYLED_ITEM('overriding color',(#13098),#2293,
  #12617);
#13098 = PRESENTATION_STYLE_ASSIGNMENT((#13099));
#13099 = SURFACE_STYLE_USAGE(.BOTH.,#13100);
#13100 = SURFACE_SIDE_STYLE('',(#13101));
#13101 = SURFACE_STYLE_FILL_AREA(#13102);
#13102 = FILL_AREA_STYLE('',(#13103));
#13103 = FILL_AREA_STYLE_COLOUR('',#12634);
#13104 = OVER_RIDING_STYLED_ITEM('overriding color',(#13105),#2317,
  #12617);
#13105 = PRESENTATION_STYLE_ASSIGNMENT((#13106));
#13106 = SURFACE_STYLE_USAGE(.BOTH.,#13107);
#13107 = SURFACE_SIDE_STYLE('',(#13108));
#13108 = SURFACE_STYLE_FILL_AREA(#13109);
#13109 = FILL_AREA_STYLE('',(#13110));
#13110 = FILL_AREA_STYLE_COLOUR('',#12634);
#13111 = OVER_RIDING_STYLED_ITEM('overriding color',(#13112),#2359,
  #12617);
#13112 = PRESENTATION_STYLE_ASSIGNMENT((#13113));
#13113 = SURFACE_STYLE_USAGE(.BOTH.,#13114);
#13114 = SURFACE_SIDE_STYLE('',(#13115));
#13115 = SURFACE_STYLE_FILL_AREA(#13116);
#13116 = FILL_AREA_STYLE('',(#13117));
#13117 = FILL_AREA_STYLE_COLOUR('',#12634);
#13118 = OVER_RIDING_STYLED_ITEM('overriding color',(#13119),#2383,
  #12617);
#13119 = PRESENTATION_STYLE_ASSIGNMENT((#13120));
#13120 = SURFACE_STYLE_USAGE(.BOTH.,#13121);
#13121 = SURFACE_SIDE_STYLE('',(#13122));
#13122 = SURFACE_STYLE_FILL_AREA(#13123);
#13123 = FILL_AREA_STYLE('',(#13124));
#13124 = FILL_AREA_STYLE_COLOUR('',#12634);
#13125 = OVER_RIDING_STYLED_ITEM('overriding color',(#13126),#2425,
  #12617);
#13126 = PRESENTATION_STYLE_ASSIGNMENT((#13127));
#13127 = SURFACE_STYLE_USAGE(.BOTH.,#13128);
#13128 = SURFACE_SIDE_STYLE('',(#13129));
#13129 = SURFACE_STYLE_FILL_AREA(#13130);
#13130 = FILL_AREA_STYLE('',(#13131));
#13131 = FILL_AREA_STYLE_COLOUR('',#12634);
#13132 = OVER_RIDING_STYLED_ITEM('overriding color',(#13133),#2449,
  #12617);
#13133 = PRESENTATION_STYLE_ASSIGNMENT((#13134));
#13134 = SURFACE_STYLE_USAGE(.BOTH.,#13135);
#13135 = SURFACE_SIDE_STYLE('',(#13136));
#13136 = SURFACE_STYLE_FILL_AREA(#13137);
#13137 = FILL_AREA_STYLE('',(#13138));
#13138 = FILL_AREA_STYLE_COLOUR('',#12634);
#13139 = OVER_RIDING_STYLED_ITEM('overriding color',(#13140),#2491,
  #12617);
#13140 = PRESENTATION_STYLE_ASSIGNMENT((#13141));
#13141 = SURFACE_STYLE_USAGE(.BOTH.,#13142);
#13142 = SURFACE_SIDE_STYLE('',(#13143));
#13143 = SURFACE_STYLE_FILL_AREA(#13144);
#13144 = FILL_AREA_STYLE('',(#13145));
#13145 = FILL_AREA_STYLE_COLOUR('',#12634);
#13146 = OVER_RIDING_STYLED_ITEM('overriding color',(#13147),#2515,
  #12617);
#13147 = PRESENTATION_STYLE_ASSIGNMENT((#13148));
#13148 = SURFACE_STYLE_USAGE(.BOTH.,#13149);
#13149 = SURFACE_SIDE_STYLE('',(#13150));
#13150 = SURFACE_STYLE_FILL_AREA(#13151);
#13151 = FILL_AREA_STYLE('',(#13152));
#13152 = FILL_AREA_STYLE_COLOUR('',#12634);
#13153 = OVER_RIDING_STYLED_ITEM('overriding color',(#13154),#2557,
  #12617);
#13154 = PRESENTATION_STYLE_ASSIGNMENT((#13155));
#13155 = SURFACE_STYLE_USAGE(.BOTH.,#13156);
#13156 = SURFACE_SIDE_STYLE('',(#13157));
#13157 = SURFACE_STYLE_FILL_AREA(#13158);
#13158 = FILL_AREA_STYLE('',(#13159));
#13159 = FILL_AREA_STYLE_COLOUR('',#12634);
#13160 = OVER_RIDING_STYLED_ITEM('overriding color',(#13161),#2581,
  #12617);
#13161 = PRESENTATION_STYLE_ASSIGNMENT((#13162));
#13162 = SURFACE_STYLE_USAGE(.BOTH.,#13163);
#13163 = SURFACE_SIDE_STYLE('',(#13164));
#13164 = SURFACE_STYLE_FILL_AREA(#13165);
#13165 = FILL_AREA_STYLE('',(#13166));
#13166 = FILL_AREA_STYLE_COLOUR('',#12634);
#13167 = OVER_RIDING_STYLED_ITEM('overriding color',(#13168),#2623,
  #12617);
#13168 = PRESENTATION_STYLE_ASSIGNMENT((#13169));
#13169 = SURFACE_STYLE_USAGE(.BOTH.,#13170);
#13170 = SURFACE_SIDE_STYLE('',(#13171));
#13171 = SURFACE_STYLE_FILL_AREA(#13172);
#13172 = FILL_AREA_STYLE('',(#13173));
#13173 = FILL_AREA_STYLE_COLOUR('',#12634);
#13174 = OVER_RIDING_STYLED_ITEM('overriding color',(#13175),#2647,
  #12617);
#13175 = PRESENTATION_STYLE_ASSIGNMENT((#13176));
#13176 = SURFACE_STYLE_USAGE(.BOTH.,#13177);
#13177 = SURFACE_SIDE_STYLE('',(#13178));
#13178 = SURFACE_STYLE_FILL_AREA(#13179);
#13179 = FILL_AREA_STYLE('',(#13180));
#13180 = FILL_AREA_STYLE_COLOUR('',#12634);
#13181 = OVER_RIDING_STYLED_ITEM('overriding color',(#13182),#2689,
  #12617);
#13182 = PRESENTATION_STYLE_ASSIGNMENT((#13183));
#13183 = SURFACE_STYLE_USAGE(.BOTH.,#13184);
#13184 = SURFACE_SIDE_STYLE('',(#13185));
#13185 = SURFACE_STYLE_FILL_AREA(#13186);
#13186 = FILL_AREA_STYLE('',(#13187));
#13187 = FILL_AREA_STYLE_COLOUR('',#12634);
#13188 = OVER_RIDING_STYLED_ITEM('overriding color',(#13189),#2713,
  #12617);
#13189 = PRESENTATION_STYLE_ASSIGNMENT((#13190));
#13190 = SURFACE_STYLE_USAGE(.BOTH.,#13191);
#13191 = SURFACE_SIDE_STYLE('',(#13192));
#13192 = SURFACE_STYLE_FILL_AREA(#13193);
#13193 = FILL_AREA_STYLE('',(#13194));
#13194 = FILL_AREA_STYLE_COLOUR('',#12634);
#13195 = OVER_RIDING_STYLED_ITEM('overriding color',(#13196),#2755,
  #12617);
#13196 = PRESENTATION_STYLE_ASSIGNMENT((#13197));
#13197 = SURFACE_STYLE_USAGE(.BOTH.,#13198);
#13198 = SURFACE_SIDE_STYLE('',(#13199));
#13199 = SURFACE_STYLE_FILL_AREA(#13200);
#13200 = FILL_AREA_STYLE('',(#13201));
#13201 = FILL_AREA_STYLE_COLOUR('',#12634);
#13202 = OVER_RIDING_STYLED_ITEM('overriding color',(#13203),#2779,
  #12617);
#13203 = PRESENTATION_STYLE_ASSIGNMENT((#13204));
#13204 = SURFACE_STYLE_USAGE(.BOTH.,#13205);
#13205 = SURFACE_SIDE_STYLE('',(#13206));
#13206 = SURFACE_STYLE_FILL_AREA(#13207);
#13207 = FILL_AREA_STYLE('',(#13208));
#13208 = FILL_AREA_STYLE_COLOUR('',#12634);
#13209 = OVER_RIDING_STYLED_ITEM('overriding color',(#13210),#2821,
  #12617);
#13210 = PRESENTATION_STYLE_ASSIGNMENT((#13211));
#13211 = SURFACE_STYLE_USAGE(.BOTH.,#13212);
#13212 = SURFACE_SIDE_STYLE('',(#13213));
#13213 = SURFACE_STYLE_FILL_AREA(#13214);
#13214 = FILL_AREA_STYLE('',(#13215));
#13215 = FILL_AREA_STYLE_COLOUR('',#12634);
#13216 = OVER_RIDING_STYLED_ITEM('overriding color',(#13217),#2845,
  #12617);
#13217 = PRESENTATION_STYLE_ASSIGNMENT((#13218));
#13218 = SURFACE_STYLE_USAGE(.BOTH.,#13219);
#13219 = SURFACE_SIDE_STYLE('',(#13220));
#13220 = SURFACE_STYLE_FILL_AREA(#13221);
#13221 = FILL_AREA_STYLE('',(#13222));
#13222 = FILL_AREA_STYLE_COLOUR('',#12634);
#13223 = OVER_RIDING_STYLED_ITEM('overriding color',(#13224),#2887,
  #12617);
#13224 = PRESENTATION_STYLE_ASSIGNMENT((#13225));
#13225 = SURFACE_STYLE_USAGE(.BOTH.,#13226);
#13226 = SURFACE_SIDE_STYLE('',(#13227));
#13227 = SURFACE_STYLE_FILL_AREA(#13228);
#13228 = FILL_AREA_STYLE('',(#13229));
#13229 = FILL_AREA_STYLE_COLOUR('',#12634);
#13230 = OVER_RIDING_STYLED_ITEM('overriding color',(#13231),#2911,
  #12617);
#13231 = PRESENTATION_STYLE_ASSIGNMENT((#13232));
#13232 = SURFACE_STYLE_USAGE(.BOTH.,#13233);
#13233 = SURFACE_SIDE_STYLE('',(#13234));
#13234 = SURFACE_STYLE_FILL_AREA(#13235);
#13235 = FILL_AREA_STYLE('',(#13236));
#13236 = FILL_AREA_STYLE_COLOUR('',#12634);
#13237 = OVER_RIDING_STYLED_ITEM('overriding color',(#13238),#2953,
  #12617);
#13238 = PRESENTATION_STYLE_ASSIGNMENT((#13239));
#13239 = SURFACE_STYLE_USAGE(.BOTH.,#13240);
#13240 = SURFACE_SIDE_STYLE('',(#13241));
#13241 = SURFACE_STYLE_FILL_AREA(#13242);
#13242 = FILL_AREA_STYLE('',(#13243));
#13243 = FILL_AREA_STYLE_COLOUR('',#12634);
#13244 = OVER_RIDING_STYLED_ITEM('overriding color',(#13245),#2977,
  #12617);
#13245 = PRESENTATION_STYLE_ASSIGNMENT((#13246));
#13246 = SURFACE_STYLE_USAGE(.BOTH.,#13247);
#13247 = SURFACE_SIDE_STYLE('',(#13248));
#13248 = SURFACE_STYLE_FILL_AREA(#13249);
#13249 = FILL_AREA_STYLE('',(#13250));
#13250 = FILL_AREA_STYLE_COLOUR('',#12634);
#13251 = OVER_RIDING_STYLED_ITEM('overriding color',(#13252),#3019,
  #12617);
#13252 = PRESENTATION_STYLE_ASSIGNMENT((#13253));
#13253 = SURFACE_STYLE_USAGE(.BOTH.,#13254);
#13254 = SURFACE_SIDE_STYLE('',(#13255));
#13255 = SURFACE_STYLE_FILL_AREA(#13256);
#13256 = FILL_AREA_STYLE('',(#13257));
#13257 = FILL_AREA_STYLE_COLOUR('',#12634);
#13258 = OVER_RIDING_STYLED_ITEM('overriding color',(#13259),#3043,
  #12617);
#13259 = PRESENTATION_STYLE_ASSIGNMENT((#13260));
#13260 = SURFACE_STYLE_USAGE(.BOTH.,#13261);
#13261 = SURFACE_SIDE_STYLE('',(#13262));
#13262 = SURFACE_STYLE_FILL_AREA(#13263);
#13263 = FILL_AREA_STYLE('',(#13264));
#13264 = FILL_AREA_STYLE_COLOUR('',#12634);
#13265 = OVER_RIDING_STYLED_ITEM('overriding color',(#13266),#3085,
  #12617);
#13266 = PRESENTATION_STYLE_ASSIGNMENT((#13267));
#13267 = SURFACE_STYLE_USAGE(.BOTH.,#13268);
#13268 = SURFACE_SIDE_STYLE('',(#13269));
#13269 = SURFACE_STYLE_FILL_AREA(#13270);
#13270 = FILL_AREA_STYLE('',(#13271));
#13271 = FILL_AREA_STYLE_COLOUR('',#12634);
#13272 = OVER_RIDING_STYLED_ITEM('overriding color',(#13273),#3109,
  #12617);
#13273 = PRESENTATION_STYLE_ASSIGNMENT((#13274));
#13274 = SURFACE_STYLE_USAGE(.BOTH.,#13275);
#13275 = SURFACE_SIDE_STYLE('',(#13276));
#13276 = SURFACE_STYLE_FILL_AREA(#13277);
#13277 = FILL_AREA_STYLE('',(#13278));
#13278 = FILL_AREA_STYLE_COLOUR('',#12634);
#13279 = OVER_RIDING_STYLED_ITEM('overriding color',(#13280),#3151,
  #12617);
#13280 = PRESENTATION_STYLE_ASSIGNMENT((#13281));
#13281 = SURFACE_STYLE_USAGE(.BOTH.,#13282);
#13282 = SURFACE_SIDE_STYLE('',(#13283));
#13283 = SURFACE_STYLE_FILL_AREA(#13284);
#13284 = FILL_AREA_STYLE('',(#13285));
#13285 = FILL_AREA_STYLE_COLOUR('',#12634);
#13286 = OVER_RIDING_STYLED_ITEM('overriding color',(#13287),#3175,
  #12617);
#13287 = PRESENTATION_STYLE_ASSIGNMENT((#13288));
#13288 = SURFACE_STYLE_USAGE(.BOTH.,#13289);
#13289 = SURFACE_SIDE_STYLE('',(#13290));
#13290 = SURFACE_STYLE_FILL_AREA(#13291);
#13291 = FILL_AREA_STYLE('',(#13292));
#13292 = FILL_AREA_STYLE_COLOUR('',#12634);
#13293 = OVER_RIDING_STYLED_ITEM('overriding color',(#13294),#3217,
  #12617);
#13294 = PRESENTATION_STYLE_ASSIGNMENT((#13295));
#13295 = SURFACE_STYLE_USAGE(.BOTH.,#13296);
#13296 = SURFACE_SIDE_STYLE('',(#13297));
#13297 = SURFACE_STYLE_FILL_AREA(#13298);
#13298 = FILL_AREA_STYLE('',(#13299));
#13299 = FILL_AREA_STYLE_COLOUR('',#12634);
#13300 = OVER_RIDING_STYLED_ITEM('overriding color',(#13301),#3241,
  #12617);
#13301 = PRESENTATION_STYLE_ASSIGNMENT((#13302));
#13302 = SURFACE_STYLE_USAGE(.BOTH.,#13303);
#13303 = SURFACE_SIDE_STYLE('',(#13304));
#13304 = SURFACE_STYLE_FILL_AREA(#13305);
#13305 = FILL_AREA_STYLE('',(#13306));
#13306 = FILL_AREA_STYLE_COLOUR('',#12634);
#13307 = OVER_RIDING_STYLED_ITEM('overriding color',(#13308),#3283,
  #12617);
#13308 = PRESENTATION_STYLE_ASSIGNMENT((#13309));
#13309 = SURFACE_STYLE_USAGE(.BOTH.,#13310);
#13310 = SURFACE_SIDE_STYLE('',(#13311));
#13311 = SURFACE_STYLE_FILL_AREA(#13312);
#13312 = FILL_AREA_STYLE('',(#13313));
#13313 = FILL_AREA_STYLE_COLOUR('',#12634);
#13314 = OVER_RIDING_STYLED_ITEM('overriding color',(#13315),#3307,
  #12617);
#13315 = PRESENTATION_STYLE_ASSIGNMENT((#13316));
#13316 = SURFACE_STYLE_USAGE(.BOTH.,#13317);
#13317 = SURFACE_SIDE_STYLE('',(#13318));
#13318 = SURFACE_STYLE_FILL_AREA(#13319);
#13319 = FILL_AREA_STYLE('',(#13320));
#13320 = FILL_AREA_STYLE_COLOUR('',#12634);
#13321 = OVER_RIDING_STYLED_ITEM('overriding color',(#13322),#3349,
  #12617);
#13322 = PRESENTATION_STYLE_ASSIGNMENT((#13323));
#13323 = SURFACE_STYLE_USAGE(.BOTH.,#13324);
#13324 = SURFACE_SIDE_STYLE('',(#13325));
#13325 = SURFACE_STYLE_FILL_AREA(#13326);
#13326 = FILL_AREA_STYLE('',(#13327));
#13327 = FILL_AREA_STYLE_COLOUR('',#12634);
#13328 = OVER_RIDING_STYLED_ITEM('overriding color',(#13329),#3373,
  #12617);
#13329 = PRESENTATION_STYLE_ASSIGNMENT((#13330));
#13330 = SURFACE_STYLE_USAGE(.BOTH.,#13331);
#13331 = SURFACE_SIDE_STYLE('',(#13332));
#13332 = SURFACE_STYLE_FILL_AREA(#13333);
#13333 = FILL_AREA_STYLE('',(#13334));
#13334 = FILL_AREA_STYLE_COLOUR('',#12634);
#13335 = OVER_RIDING_STYLED_ITEM('overriding color',(#13336),#3415,
  #12617);
#13336 = PRESENTATION_STYLE_ASSIGNMENT((#13337));
#13337 = SURFACE_STYLE_USAGE(.BOTH.,#13338);
#13338 = SURFACE_SIDE_STYLE('',(#13339));
#13339 = SURFACE_STYLE_FILL_AREA(#13340);
#13340 = FILL_AREA_STYLE('',(#13341));
#13341 = FILL_AREA_STYLE_COLOUR('',#12634);
#13342 = OVER_RIDING_STYLED_ITEM('overriding color',(#13343),#3439,
  #12617);
#13343 = PRESENTATION_STYLE_ASSIGNMENT((#13344));
#13344 = SURFACE_STYLE_USAGE(.BOTH.,#13345);
#13345 = SURFACE_SIDE_STYLE('',(#13346));
#13346 = SURFACE_STYLE_FILL_AREA(#13347);
#13347 = FILL_AREA_STYLE('',(#13348));
#13348 = FILL_AREA_STYLE_COLOUR('',#12634);
#13349 = OVER_RIDING_STYLED_ITEM('overriding color',(#13350),#3481,
  #12617);
#13350 = PRESENTATION_STYLE_ASSIGNMENT((#13351));
#13351 = SURFACE_STYLE_USAGE(.BOTH.,#13352);
#13352 = SURFACE_SIDE_STYLE('',(#13353));
#13353 = SURFACE_STYLE_FILL_AREA(#13354);
#13354 = FILL_AREA_STYLE('',(#13355));
#13355 = FILL_AREA_STYLE_COLOUR('',#12634);
#13356 = OVER_RIDING_STYLED_ITEM('overriding color',(#13357),#3505,
  #12617);
#13357 = PRESENTATION_STYLE_ASSIGNMENT((#13358));
#13358 = SURFACE_STYLE_USAGE(.BOTH.,#13359);
#13359 = SURFACE_SIDE_STYLE('',(#13360));
#13360 = SURFACE_STYLE_FILL_AREA(#13361);
#13361 = FILL_AREA_STYLE('',(#13362));
#13362 = FILL_AREA_STYLE_COLOUR('',#12634);
#13363 = OVER_RIDING_STYLED_ITEM('overriding color',(#13364),#3547,
  #12617);
#13364 = PRESENTATION_STYLE_ASSIGNMENT((#13365));
#13365 = SURFACE_STYLE_USAGE(.BOTH.,#13366);
#13366 = SURFACE_SIDE_STYLE('',(#13367));
#13367 = SURFACE_STYLE_FILL_AREA(#13368);
#13368 = FILL_AREA_STYLE('',(#13369));
#13369 = FILL_AREA_STYLE_COLOUR('',#12634);
#13370 = OVER_RIDING_STYLED_ITEM('overriding color',(#13371),#3571,
  #12617);
#13371 = PRESENTATION_STYLE_ASSIGNMENT((#13372));
#13372 = SURFACE_STYLE_USAGE(.BOTH.,#13373);
#13373 = SURFACE_SIDE_STYLE('',(#13374));
#13374 = SURFACE_STYLE_FILL_AREA(#13375);
#13375 = FILL_AREA_STYLE('',(#13376));
#13376 = FILL_AREA_STYLE_COLOUR('',#12634);
#13377 = OVER_RIDING_STYLED_ITEM('overriding color',(#13378),#3613,
  #12617);
#13378 = PRESENTATION_STYLE_ASSIGNMENT((#13379));
#13379 = SURFACE_STYLE_USAGE(.BOTH.,#13380);
#13380 = SURFACE_SIDE_STYLE('',(#13381));
#13381 = SURFACE_STYLE_FILL_AREA(#13382);
#13382 = FILL_AREA_STYLE('',(#13383));
#13383 = FILL_AREA_STYLE_COLOUR('',#12634);
#13384 = OVER_RIDING_STYLED_ITEM('overriding color',(#13385),#3637,
  #12617);
#13385 = PRESENTATION_STYLE_ASSIGNMENT((#13386));
#13386 = SURFACE_STYLE_USAGE(.BOTH.,#13387);
#13387 = SURFACE_SIDE_STYLE('',(#13388));
#13388 = SURFACE_STYLE_FILL_AREA(#13389);
#13389 = FILL_AREA_STYLE('',(#13390));
#13390 = FILL_AREA_STYLE_COLOUR('',#12634);
#13391 = OVER_RIDING_STYLED_ITEM('overriding color',(#13392),#3679,
  #12617);
#13392 = PRESENTATION_STYLE_ASSIGNMENT((#13393));
#13393 = SURFACE_STYLE_USAGE(.BOTH.,#13394);
#13394 = SURFACE_SIDE_STYLE('',(#13395));
#13395 = SURFACE_STYLE_FILL_AREA(#13396);
#13396 = FILL_AREA_STYLE('',(#13397));
#13397 = FILL_AREA_STYLE_COLOUR('',#12634);
#13398 = OVER_RIDING_STYLED_ITEM('overriding color',(#13399),#3703,
  #12617);
#13399 = PRESENTATION_STYLE_ASSIGNMENT((#13400));
#13400 = SURFACE_STYLE_USAGE(.BOTH.,#13401);
#13401 = SURFACE_SIDE_STYLE('',(#13402));
#13402 = SURFACE_STYLE_FILL_AREA(#13403);
#13403 = FILL_AREA_STYLE('',(#13404));
#13404 = FILL_AREA_STYLE_COLOUR('',#12634);
#13405 = OVER_RIDING_STYLED_ITEM('overriding color',(#13406),#3745,
  #12617);
#13406 = PRESENTATION_STYLE_ASSIGNMENT((#13407));
#13407 = SURFACE_STYLE_USAGE(.BOTH.,#13408);
#13408 = SURFACE_SIDE_STYLE('',(#13409));
#13409 = SURFACE_STYLE_FILL_AREA(#13410);
#13410 = FILL_AREA_STYLE('',(#13411));
#13411 = FILL_AREA_STYLE_COLOUR('',#12634);
#13412 = OVER_RIDING_STYLED_ITEM('overriding color',(#13413),#3769,
  #12617);
#13413 = PRESENTATION_STYLE_ASSIGNMENT((#13414));
#13414 = SURFACE_STYLE_USAGE(.BOTH.,#13415);
#13415 = SURFACE_SIDE_STYLE('',(#13416));
#13416 = SURFACE_STYLE_FILL_AREA(#13417);
#13417 = FILL_AREA_STYLE('',(#13418));
#13418 = FILL_AREA_STYLE_COLOUR('',#12634);
#13419 = OVER_RIDING_STYLED_ITEM('overriding color',(#13420),#3811,
  #12617);
#13420 = PRESENTATION_STYLE_ASSIGNMENT((#13421));
#13421 = SURFACE_STYLE_USAGE(.BOTH.,#13422);
#13422 = SURFACE_SIDE_STYLE('',(#13423));
#13423 = SURFACE_STYLE_FILL_AREA(#13424);
#13424 = FILL_AREA_STYLE('',(#13425));
#13425 = FILL_AREA_STYLE_COLOUR('',#12634);
#13426 = OVER_RIDING_STYLED_ITEM('overriding color',(#13427),#3835,
  #12617);
#13427 = PRESENTATION_STYLE_ASSIGNMENT((#13428));
#13428 = SURFACE_STYLE_USAGE(.BOTH.,#13429);
#13429 = SURFACE_SIDE_STYLE('',(#13430));
#13430 = SURFACE_STYLE_FILL_AREA(#13431);
#13431 = FILL_AREA_STYLE('',(#13432));
#13432 = FILL_AREA_STYLE_COLOUR('',#12634);
#13433 = OVER_RIDING_STYLED_ITEM('overriding color',(#13434),#3877,
  #12617);
#13434 = PRESENTATION_STYLE_ASSIGNMENT((#13435));
#13435 = SURFACE_STYLE_USAGE(.BOTH.,#13436);
#13436 = SURFACE_SIDE_STYLE('',(#13437));
#13437 = SURFACE_STYLE_FILL_AREA(#13438);
#13438 = FILL_AREA_STYLE('',(#13439));
#13439 = FILL_AREA_STYLE_COLOUR('',#12634);
#13440 = OVER_RIDING_STYLED_ITEM('overriding color',(#13441),#3901,
  #12617);
#13441 = PRESENTATION_STYLE_ASSIGNMENT((#13442));
#13442 = SURFACE_STYLE_USAGE(.BOTH.,#13443);
#13443 = SURFACE_SIDE_STYLE('',(#13444));
#13444 = SURFACE_STYLE_FILL_AREA(#13445);
#13445 = FILL_AREA_STYLE('',(#13446));
#13446 = FILL_AREA_STYLE_COLOUR('',#12634);
#13447 = OVER_RIDING_STYLED_ITEM('overriding color',(#13448),#3943,
  #12617);
#13448 = PRESENTATION_STYLE_ASSIGNMENT((#13449));
#13449 = SURFACE_STYLE_USAGE(.BOTH.,#13450);
#13450 = SURFACE_SIDE_STYLE('',(#13451));
#13451 = SURFACE_STYLE_FILL_AREA(#13452);
#13452 = FILL_AREA_STYLE('',(#13453));
#13453 = FILL_AREA_STYLE_COLOUR('',#12634);
#13454 = OVER_RIDING_STYLED_ITEM('overriding color',(#13455),#3967,
  #12617);
#13455 = PRESENTATION_STYLE_ASSIGNMENT((#13456));
#13456 = SURFACE_STYLE_USAGE(.BOTH.,#13457);
#13457 = SURFACE_SIDE_STYLE('',(#13458));
#13458 = SURFACE_STYLE_FILL_AREA(#13459);
#13459 = FILL_AREA_STYLE('',(#13460));
#13460 = FILL_AREA_STYLE_COLOUR('',#12634);
#13461 = OVER_RIDING_STYLED_ITEM('overriding color',(#13462),#4009,
  #12617);
#13462 = PRESENTATION_STYLE_ASSIGNMENT((#13463));
#13463 = SURFACE_STYLE_USAGE(.BOTH.,#13464);
#13464 = SURFACE_SIDE_STYLE('',(#13465));
#13465 = SURFACE_STYLE_FILL_AREA(#13466);
#13466 = FILL_AREA_STYLE('',(#13467));
#13467 = FILL_AREA_STYLE_COLOUR('',#12634);
#13468 = OVER_RIDING_STYLED_ITEM('overriding color',(#13469),#4033,
  #12617);
#13469 = PRESENTATION_STYLE_ASSIGNMENT((#13470));
#13470 = SURFACE_STYLE_USAGE(.BOTH.,#13471);
#13471 = SURFACE_SIDE_STYLE('',(#13472));
#13472 = SURFACE_STYLE_FILL_AREA(#13473);
#13473 = FILL_AREA_STYLE('',(#13474));
#13474 = FILL_AREA_STYLE_COLOUR('',#12634);
#13475 = OVER_RIDING_STYLED_ITEM('overriding color',(#13476),#4075,
  #12617);
#13476 = PRESENTATION_STYLE_ASSIGNMENT((#13477));
#13477 = SURFACE_STYLE_USAGE(.BOTH.,#13478);
#13478 = SURFACE_SIDE_STYLE('',(#13479));
#13479 = SURFACE_STYLE_FILL_AREA(#13480);
#13480 = FILL_AREA_STYLE('',(#13481));
#13481 = FILL_AREA_STYLE_COLOUR('',#12634);
#13482 = OVER_RIDING_STYLED_ITEM('overriding color',(#13483),#4099,
  #12617);
#13483 = PRESENTATION_STYLE_ASSIGNMENT((#13484));
#13484 = SURFACE_STYLE_USAGE(.BOTH.,#13485);
#13485 = SURFACE_SIDE_STYLE('',(#13486));
#13486 = SURFACE_STYLE_FILL_AREA(#13487);
#13487 = FILL_AREA_STYLE('',(#13488));
#13488 = FILL_AREA_STYLE_COLOUR('',#12634);
#13489 = OVER_RIDING_STYLED_ITEM('overriding color',(#13490),#4141,
  #12617);
#13490 = PRESENTATION_STYLE_ASSIGNMENT((#13491));
#13491 = SURFACE_STYLE_USAGE(.BOTH.,#13492);
#13492 = SURFACE_SIDE_STYLE('',(#13493));
#13493 = SURFACE_STYLE_FILL_AREA(#13494);
#13494 = FILL_AREA_STYLE('',(#13495));
#13495 = FILL_AREA_STYLE_COLOUR('',#12634);
#13496 = OVER_RIDING_STYLED_ITEM('overriding color',(#13497),#4165,
  #12617);
#13497 = PRESENTATION_STYLE_ASSIGNMENT((#13498));
#13498 = SURFACE_STYLE_USAGE(.BOTH.,#13499);
#13499 = SURFACE_SIDE_STYLE('',(#13500));
#13500 = SURFACE_STYLE_FILL_AREA(#13501);
#13501 = FILL_AREA_STYLE('',(#13502));
#13502 = FILL_AREA_STYLE_COLOUR('',#12634);
#13503 = OVER_RIDING_STYLED_ITEM('overriding color',(#13504),#4207,
  #12617);
#13504 = PRESENTATION_STYLE_ASSIGNMENT((#13505));
#13505 = SURFACE_STYLE_USAGE(.BOTH.,#13506);
#13506 = SURFACE_SIDE_STYLE('',(#13507));
#13507 = SURFACE_STYLE_FILL_AREA(#13508);
#13508 = FILL_AREA_STYLE('',(#13509));
#13509 = FILL_AREA_STYLE_COLOUR('',#12634);
#13510 = OVER_RIDING_STYLED_ITEM('overriding color',(#13511),#4231,
  #12617);
#13511 = PRESENTATION_STYLE_ASSIGNMENT((#13512));
#13512 = SURFACE_STYLE_USAGE(.BOTH.,#13513);
#13513 = SURFACE_SIDE_STYLE('',(#13514));
#13514 = SURFACE_STYLE_FILL_AREA(#13515);
#13515 = FILL_AREA_STYLE('',(#13516));
#13516 = FILL_AREA_STYLE_COLOUR('',#12634);
#13517 = OVER_RIDING_STYLED_ITEM('overriding color',(#13518),#4273,
  #12617);
#13518 = PRESENTATION_STYLE_ASSIGNMENT((#13519));
#13519 = SURFACE_STYLE_USAGE(.BOTH.,#13520);
#13520 = SURFACE_SIDE_STYLE('',(#13521));
#13521 = SURFACE_STYLE_FILL_AREA(#13522);
#13522 = FILL_AREA_STYLE('',(#13523));
#13523 = FILL_AREA_STYLE_COLOUR('',#12634);
#13524 = OVER_RIDING_STYLED_ITEM('overriding color',(#13525),#4297,
  #12617);
#13525 = PRESENTATION_STYLE_ASSIGNMENT((#13526));
#13526 = SURFACE_STYLE_USAGE(.BOTH.,#13527);
#13527 = SURFACE_SIDE_STYLE('',(#13528));
#13528 = SURFACE_STYLE_FILL_AREA(#13529);
#13529 = FILL_AREA_STYLE('',(#13530));
#13530 = FILL_AREA_STYLE_COLOUR('',#12634);
#13531 = OVER_RIDING_STYLED_ITEM('overriding color',(#13532),#4339,
  #12617);
#13532 = PRESENTATION_STYLE_ASSIGNMENT((#13533));
#13533 = SURFACE_STYLE_USAGE(.BOTH.,#13534);
#13534 = SURFACE_SIDE_STYLE('',(#13535));
#13535 = SURFACE_STYLE_FILL_AREA(#13536);
#13536 = FILL_AREA_STYLE('',(#13537));
#13537 = FILL_AREA_STYLE_COLOUR('',#12634);
#13538 = OVER_RIDING_STYLED_ITEM('overriding color',(#13539),#4363,
  #12617);
#13539 = PRESENTATION_STYLE_ASSIGNMENT((#13540));
#13540 = SURFACE_STYLE_USAGE(.BOTH.,#13541);
#13541 = SURFACE_SIDE_STYLE('',(#13542));
#13542 = SURFACE_STYLE_FILL_AREA(#13543);
#13543 = FILL_AREA_STYLE('',(#13544));
#13544 = FILL_AREA_STYLE_COLOUR('',#12634);
#13545 = OVER_RIDING_STYLED_ITEM('overriding color',(#13546),#4405,
  #12617);
#13546 = PRESENTATION_STYLE_ASSIGNMENT((#13547));
#13547 = SURFACE_STYLE_USAGE(.BOTH.,#13548);
#13548 = SURFACE_SIDE_STYLE('',(#13549));
#13549 = SURFACE_STYLE_FILL_AREA(#13550);
#13550 = FILL_AREA_STYLE('',(#13551));
#13551 = FILL_AREA_STYLE_COLOUR('',#12634);
#13552 = OVER_RIDING_STYLED_ITEM('overriding color',(#13553),#4429,
  #12617);
#13553 = PRESENTATION_STYLE_ASSIGNMENT((#13554));
#13554 = SURFACE_STYLE_USAGE(.BOTH.,#13555);
#13555 = SURFACE_SIDE_STYLE('',(#13556));
#13556 = SURFACE_STYLE_FILL_AREA(#13557);
#13557 = FILL_AREA_STYLE('',(#13558));
#13558 = FILL_AREA_STYLE_COLOUR('',#12634);
#13559 = OVER_RIDING_STYLED_ITEM('overriding color',(#13560),#4471,
  #12617);
#13560 = PRESENTATION_STYLE_ASSIGNMENT((#13561));
#13561 = SURFACE_STYLE_USAGE(.BOTH.,#13562);
#13562 = SURFACE_SIDE_STYLE('',(#13563));
#13563 = SURFACE_STYLE_FILL_AREA(#13564);
#13564 = FILL_AREA_STYLE('',(#13565));
#13565 = FILL_AREA_STYLE_COLOUR('',#12634);
#13566 = OVER_RIDING_STYLED_ITEM('overriding color',(#13567),#4495,
  #12617);
#13567 = PRESENTATION_STYLE_ASSIGNMENT((#13568));
#13568 = SURFACE_STYLE_USAGE(.BOTH.,#13569);
#13569 = SURFACE_SIDE_STYLE('',(#13570));
#13570 = SURFACE_STYLE_FILL_AREA(#13571);
#13571 = FILL_AREA_STYLE('',(#13572));
#13572 = FILL_AREA_STYLE_COLOUR('',#12634);
#13573 = OVER_RIDING_STYLED_ITEM('overriding color',(#13574),#4537,
  #12617);
#13574 = PRESENTATION_STYLE_ASSIGNMENT((#13575));
#13575 = SURFACE_STYLE_USAGE(.BOTH.,#13576);
#13576 = SURFACE_SIDE_STYLE('',(#13577));
#13577 = SURFACE_STYLE_FILL_AREA(#13578);
#13578 = FILL_AREA_STYLE('',(#13579));
#13579 = FILL_AREA_STYLE_COLOUR('',#12634);
#13580 = OVER_RIDING_STYLED_ITEM('overriding color',(#13581),#4561,
  #12617);
#13581 = PRESENTATION_STYLE_ASSIGNMENT((#13582));
#13582 = SURFACE_STYLE_USAGE(.BOTH.,#13583);
#13583 = SURFACE_SIDE_STYLE('',(#13584));
#13584 = SURFACE_STYLE_FILL_AREA(#13585);
#13585 = FILL_AREA_STYLE('',(#13586));
#13586 = FILL_AREA_STYLE_COLOUR('',#12634);
#13587 = OVER_RIDING_STYLED_ITEM('overriding color',(#13588),#4603,
  #12617);
#13588 = PRESENTATION_STYLE_ASSIGNMENT((#13589));
#13589 = SURFACE_STYLE_USAGE(.BOTH.,#13590);
#13590 = SURFACE_SIDE_STYLE('',(#13591));
#13591 = SURFACE_STYLE_FILL_AREA(#13592);
#13592 = FILL_AREA_STYLE('',(#13593));
#13593 = FILL_AREA_STYLE_COLOUR('',#12634);
#13594 = OVER_RIDING_STYLED_ITEM('overriding color',(#13595),#4627,
  #12617);
#13595 = PRESENTATION_STYLE_ASSIGNMENT((#13596));
#13596 = SURFACE_STYLE_USAGE(.BOTH.,#13597);
#13597 = SURFACE_SIDE_STYLE('',(#13598));
#13598 = SURFACE_STYLE_FILL_AREA(#13599);
#13599 = FILL_AREA_STYLE('',(#13600));
#13600 = FILL_AREA_STYLE_COLOUR('',#12634);
#13601 = OVER_RIDING_STYLED_ITEM('overriding color',(#13602),#4667,
  #12617);
#13602 = PRESENTATION_STYLE_ASSIGNMENT((#13603));
#13603 = SURFACE_STYLE_USAGE(.BOTH.,#13604);
#13604 = SURFACE_SIDE_STYLE('',(#13605));
#13605 = SURFACE_STYLE_FILL_AREA(#13606);
#13606 = FILL_AREA_STYLE('',(#13607));
#13607 = FILL_AREA_STYLE_COLOUR('',#12634);
#13608 = OVER_RIDING_STYLED_ITEM('overriding color',(#13609),#4700,
  #12617);
#13609 = PRESENTATION_STYLE_ASSIGNMENT((#13610));
#13610 = SURFACE_STYLE_USAGE(.BOTH.,#13611);
#13611 = SURFACE_SIDE_STYLE('',(#13612));
#13612 = SURFACE_STYLE_FILL_AREA(#13613);
#13613 = FILL_AREA_STYLE('',(#13614));
#13614 = FILL_AREA_STYLE_COLOUR('',#12634);
#13615 = OVER_RIDING_STYLED_ITEM('overriding color',(#13616),#4731,
  #12617);
#13616 = PRESENTATION_STYLE_ASSIGNMENT((#13617));
#13617 = SURFACE_STYLE_USAGE(.BOTH.,#13618);
#13618 = SURFACE_SIDE_STYLE('',(#13619));
#13619 = SURFACE_STYLE_FILL_AREA(#13620);
#13620 = FILL_AREA_STYLE('',(#13621));
#13621 = FILL_AREA_STYLE_COLOUR('',#12634);
#13622 = OVER_RIDING_STYLED_ITEM('overriding color',(#13623),#4755,
  #12617);
#13623 = PRESENTATION_STYLE_ASSIGNMENT((#13624));
#13624 = SURFACE_STYLE_USAGE(.BOTH.,#13625);
#13625 = SURFACE_SIDE_STYLE('',(#13626));
#13626 = SURFACE_STYLE_FILL_AREA(#13627);
#13627 = FILL_AREA_STYLE('',(#13628));
#13628 = FILL_AREA_STYLE_COLOUR('',#12634);
#13629 = OVER_RIDING_STYLED_ITEM('overriding color',(#13630),#4797,
  #12617);
#13630 = PRESENTATION_STYLE_ASSIGNMENT((#13631));
#13631 = SURFACE_STYLE_USAGE(.BOTH.,#13632);
#13632 = SURFACE_SIDE_STYLE('',(#13633));
#13633 = SURFACE_STYLE_FILL_AREA(#13634);
#13634 = FILL_AREA_STYLE('',(#13635));
#13635 = FILL_AREA_STYLE_COLOUR('',#12634);
#13636 = OVER_RIDING_STYLED_ITEM('overriding color',(#13637),#4821,
  #12617);
#13637 = PRESENTATION_STYLE_ASSIGNMENT((#13638));
#13638 = SURFACE_STYLE_USAGE(.BOTH.,#13639);
#13639 = SURFACE_SIDE_STYLE('',(#13640));
#13640 = SURFACE_STYLE_FILL_AREA(#13641);
#13641 = FILL_AREA_STYLE('',(#13642));
#13642 = FILL_AREA_STYLE_COLOUR('',#12634);
#13643 = OVER_RIDING_STYLED_ITEM('overriding color',(#13644),#4863,
  #12617);
#13644 = PRESENTATION_STYLE_ASSIGNMENT((#13645));
#13645 = SURFACE_STYLE_USAGE(.BOTH.,#13646);
#13646 = SURFACE_SIDE_STYLE('',(#13647));
#13647 = SURFACE_STYLE_FILL_AREA(#13648);
#13648 = FILL_AREA_STYLE('',(#13649));
#13649 = FILL_AREA_STYLE_COLOUR('',#12634);
#13650 = OVER_RIDING_STYLED_ITEM('overriding color',(#13651),#4887,
  #12617);
#13651 = PRESENTATION_STYLE_ASSIGNMENT((#13652));
#13652 = SURFACE_STYLE_USAGE(.BOTH.,#13653);
#13653 = SURFACE_SIDE_STYLE('',(#13654));
#13654 = SURFACE_STYLE_FILL_AREA(#13655);
#13655 = FILL_AREA_STYLE('',(#13656));
#13656 = FILL_AREA_STYLE_COLOUR('',#12634);
#13657 = OVER_RIDING_STYLED_ITEM('overriding color',(#13658),#4929,
  #12617);
#13658 = PRESENTATION_STYLE_ASSIGNMENT((#13659));
#13659 = SURFACE_STYLE_USAGE(.BOTH.,#13660);
#13660 = SURFACE_SIDE_STYLE('',(#13661));
#13661 = SURFACE_STYLE_FILL_AREA(#13662);
#13662 = FILL_AREA_STYLE('',(#13663));
#13663 = FILL_AREA_STYLE_COLOUR('',#12634);
#13664 = OVER_RIDING_STYLED_ITEM('overriding color',(#13665),#4953,
  #12617);
#13665 = PRESENTATION_STYLE_ASSIGNMENT((#13666));
#13666 = SURFACE_STYLE_USAGE(.BOTH.,#13667);
#13667 = SURFACE_SIDE_STYLE('',(#13668));
#13668 = SURFACE_STYLE_FILL_AREA(#13669);
#13669 = FILL_AREA_STYLE('',(#13670));
#13670 = FILL_AREA_STYLE_COLOUR('',#12634);
#13671 = OVER_RIDING_STYLED_ITEM('overriding color',(#13672),#4995,
  #12617);
#13672 = PRESENTATION_STYLE_ASSIGNMENT((#13673));
#13673 = SURFACE_STYLE_USAGE(.BOTH.,#13674);
#13674 = SURFACE_SIDE_STYLE('',(#13675));
#13675 = SURFACE_STYLE_FILL_AREA(#13676);
#13676 = FILL_AREA_STYLE('',(#13677));
#13677 = FILL_AREA_STYLE_COLOUR('',#12634);
#13678 = OVER_RIDING_STYLED_ITEM('overriding color',(#13679),#5019,
  #12617);
#13679 = PRESENTATION_STYLE_ASSIGNMENT((#13680));
#13680 = SURFACE_STYLE_USAGE(.BOTH.,#13681);
#13681 = SURFACE_SIDE_STYLE('',(#13682));
#13682 = SURFACE_STYLE_FILL_AREA(#13683);
#13683 = FILL_AREA_STYLE('',(#13684));
#13684 = FILL_AREA_STYLE_COLOUR('',#12634);
#13685 = OVER_RIDING_STYLED_ITEM('overriding color',(#13686),#5061,
  #12617);
#13686 = PRESENTATION_STYLE_ASSIGNMENT((#13687));
#13687 = SURFACE_STYLE_USAGE(.BOTH.,#13688);
#13688 = SURFACE_SIDE_STYLE('',(#13689));
#13689 = SURFACE_STYLE_FILL_AREA(#13690);
#13690 = FILL_AREA_STYLE('',(#13691));
#13691 = FILL_AREA_STYLE_COLOUR('',#12634);
#13692 = OVER_RIDING_STYLED_ITEM('overriding color',(#13693),#5085,
  #12617);
#13693 = PRESENTATION_STYLE_ASSIGNMENT((#13694));
#13694 = SURFACE_STYLE_USAGE(.BOTH.,#13695);
#13695 = SURFACE_SIDE_STYLE('',(#13696));
#13696 = SURFACE_STYLE_FILL_AREA(#13697);
#13697 = FILL_AREA_STYLE('',(#13698));
#13698 = FILL_AREA_STYLE_COLOUR('',#12634);
#13699 = OVER_RIDING_STYLED_ITEM('overriding color',(#13700),#5127,
  #12617);
#13700 = PRESENTATION_STYLE_ASSIGNMENT((#13701));
#13701 = SURFACE_STYLE_USAGE(.BOTH.,#13702);
#13702 = SURFACE_SIDE_STYLE('',(#13703));
#13703 = SURFACE_STYLE_FILL_AREA(#13704);
#13704 = FILL_AREA_STYLE('',(#13705));
#13705 = FILL_AREA_STYLE_COLOUR('',#12634);
#13706 = OVER_RIDING_STYLED_ITEM('overriding color',(#13707),#5151,
  #12617);
#13707 = PRESENTATION_STYLE_ASSIGNMENT((#13708));
#13708 = SURFACE_STYLE_USAGE(.BOTH.,#13709);
#13709 = SURFACE_SIDE_STYLE('',(#13710));
#13710 = SURFACE_STYLE_FILL_AREA(#13711);
#13711 = FILL_AREA_STYLE('',(#13712));
#13712 = FILL_AREA_STYLE_COLOUR('',#12634);
#13713 = OVER_RIDING_STYLED_ITEM('overriding color',(#13714),#5193,
  #12617);
#13714 = PRESENTATION_STYLE_ASSIGNMENT((#13715));
#13715 = SURFACE_STYLE_USAGE(.BOTH.,#13716);
#13716 = SURFACE_SIDE_STYLE('',(#13717));
#13717 = SURFACE_STYLE_FILL_AREA(#13718);
#13718 = FILL_AREA_STYLE('',(#13719));
#13719 = FILL_AREA_STYLE_COLOUR('',#12634);
#13720 = OVER_RIDING_STYLED_ITEM('overriding color',(#13721),#5217,
  #12617);
#13721 = PRESENTATION_STYLE_ASSIGNMENT((#13722));
#13722 = SURFACE_STYLE_USAGE(.BOTH.,#13723);
#13723 = SURFACE_SIDE_STYLE('',(#13724));
#13724 = SURFACE_STYLE_FILL_AREA(#13725);
#13725 = FILL_AREA_STYLE('',(#13726));
#13726 = FILL_AREA_STYLE_COLOUR('',#12634);
#13727 = OVER_RIDING_STYLED_ITEM('overriding color',(#13728),#5259,
  #12617);
#13728 = PRESENTATION_STYLE_ASSIGNMENT((#13729));
#13729 = SURFACE_STYLE_USAGE(.BOTH.,#13730);
#13730 = SURFACE_SIDE_STYLE('',(#13731));
#13731 = SURFACE_STYLE_FILL_AREA(#13732);
#13732 = FILL_AREA_STYLE('',(#13733));
#13733 = FILL_AREA_STYLE_COLOUR('',#12634);
#13734 = OVER_RIDING_STYLED_ITEM('overriding color',(#13735),#5283,
  #12617);
#13735 = PRESENTATION_STYLE_ASSIGNMENT((#13736));
#13736 = SURFACE_STYLE_USAGE(.BOTH.,#13737);
#13737 = SURFACE_SIDE_STYLE('',(#13738));
#13738 = SURFACE_STYLE_FILL_AREA(#13739);
#13739 = FILL_AREA_STYLE('',(#13740));
#13740 = FILL_AREA_STYLE_COLOUR('',#12634);
#13741 = OVER_RIDING_STYLED_ITEM('overriding color',(#13742),#5325,
  #12617);
#13742 = PRESENTATION_STYLE_ASSIGNMENT((#13743));
#13743 = SURFACE_STYLE_USAGE(.BOTH.,#13744);
#13744 = SURFACE_SIDE_STYLE('',(#13745));
#13745 = SURFACE_STYLE_FILL_AREA(#13746);
#13746 = FILL_AREA_STYLE('',(#13747));
#13747 = FILL_AREA_STYLE_COLOUR('',#12634);
#13748 = OVER_RIDING_STYLED_ITEM('overriding color',(#13749),#5349,
  #12617);
#13749 = PRESENTATION_STYLE_ASSIGNMENT((#13750));
#13750 = SURFACE_STYLE_USAGE(.BOTH.,#13751);
#13751 = SURFACE_SIDE_STYLE('',(#13752));
#13752 = SURFACE_STYLE_FILL_AREA(#13753);
#13753 = FILL_AREA_STYLE('',(#13754));
#13754 = FILL_AREA_STYLE_COLOUR('',#12634);
#13755 = OVER_RIDING_STYLED_ITEM('overriding color',(#13756),#5391,
  #12617);
#13756 = PRESENTATION_STYLE_ASSIGNMENT((#13757));
#13757 = SURFACE_STYLE_USAGE(.BOTH.,#13758);
#13758 = SURFACE_SIDE_STYLE('',(#13759));
#13759 = SURFACE_STYLE_FILL_AREA(#13760);
#13760 = FILL_AREA_STYLE('',(#13761));
#13761 = FILL_AREA_STYLE_COLOUR('',#12634);
#13762 = OVER_RIDING_STYLED_ITEM('overriding color',(#13763),#5415,
  #12617);
#13763 = PRESENTATION_STYLE_ASSIGNMENT((#13764));
#13764 = SURFACE_STYLE_USAGE(.BOTH.,#13765);
#13765 = SURFACE_SIDE_STYLE('',(#13766));
#13766 = SURFACE_STYLE_FILL_AREA(#13767);
#13767 = FILL_AREA_STYLE('',(#13768));
#13768 = FILL_AREA_STYLE_COLOUR('',#12634);
#13769 = OVER_RIDING_STYLED_ITEM('overriding color',(#13770),#5457,
  #12617);
#13770 = PRESENTATION_STYLE_ASSIGNMENT((#13771));
#13771 = SURFACE_STYLE_USAGE(.BOTH.,#13772);
#13772 = SURFACE_SIDE_STYLE('',(#13773));
#13773 = SURFACE_STYLE_FILL_AREA(#13774);
#13774 = FILL_AREA_STYLE('',(#13775));
#13775 = FILL_AREA_STYLE_COLOUR('',#12634);
#13776 = OVER_RIDING_STYLED_ITEM('overriding color',(#13777),#5481,
  #12617);
#13777 = PRESENTATION_STYLE_ASSIGNMENT((#13778));
#13778 = SURFACE_STYLE_USAGE(.BOTH.,#13779);
#13779 = SURFACE_SIDE_STYLE('',(#13780));
#13780 = SURFACE_STYLE_FILL_AREA(#13781);
#13781 = FILL_AREA_STYLE('',(#13782));
#13782 = FILL_AREA_STYLE_COLOUR('',#12634);
#13783 = OVER_RIDING_STYLED_ITEM('overriding color',(#13784),#5523,
  #12617);
#13784 = PRESENTATION_STYLE_ASSIGNMENT((#13785));
#13785 = SURFACE_STYLE_USAGE(.BOTH.,#13786);
#13786 = SURFACE_SIDE_STYLE('',(#13787));
#13787 = SURFACE_STYLE_FILL_AREA(#13788);
#13788 = FILL_AREA_STYLE('',(#13789));
#13789 = FILL_AREA_STYLE_COLOUR('',#12634);
#13790 = OVER_RIDING_STYLED_ITEM('overriding color',(#13791),#5547,
  #12617);
#13791 = PRESENTATION_STYLE_ASSIGNMENT((#13792));
#13792 = SURFACE_STYLE_USAGE(.BOTH.,#13793);
#13793 = SURFACE_SIDE_STYLE('',(#13794));
#13794 = SURFACE_STYLE_FILL_AREA(#13795);
#13795 = FILL_AREA_STYLE('',(#13796));
#13796 = FILL_AREA_STYLE_COLOUR('',#12634);
#13797 = OVER_RIDING_STYLED_ITEM('overriding color',(#13798),#5589,
  #12617);
#13798 = PRESENTATION_STYLE_ASSIGNMENT((#13799));
#13799 = SURFACE_STYLE_USAGE(.BOTH.,#13800);
#13800 = SURFACE_SIDE_STYLE('',(#13801));
#13801 = SURFACE_STYLE_FILL_AREA(#13802);
#13802 = FILL_AREA_STYLE('',(#13803));
#13803 = FILL_AREA_STYLE_COLOUR('',#12634);
#13804 = OVER_RIDING_STYLED_ITEM('overriding color',(#13805),#5613,
  #12617);
#13805 = PRESENTATION_STYLE_ASSIGNMENT((#13806));
#13806 = SURFACE_STYLE_USAGE(.BOTH.,#13807);
#13807 = SURFACE_SIDE_STYLE('',(#13808));
#13808 = SURFACE_STYLE_FILL_AREA(#13809);
#13809 = FILL_AREA_STYLE('',(#13810));
#13810 = FILL_AREA_STYLE_COLOUR('',#12634);
#13811 = OVER_RIDING_STYLED_ITEM('overriding color',(#13812),#5655,
  #12617);
#13812 = PRESENTATION_STYLE_ASSIGNMENT((#13813));
#13813 = SURFACE_STYLE_USAGE(.BOTH.,#13814);
#13814 = SURFACE_SIDE_STYLE('',(#13815));
#13815 = SURFACE_STYLE_FILL_AREA(#13816);
#13816 = FILL_AREA_STYLE('',(#13817));
#13817 = FILL_AREA_STYLE_COLOUR('',#12634);
#13818 = OVER_RIDING_STYLED_ITEM('overriding color',(#13819),#5679,
  #12617);
#13819 = PRESENTATION_STYLE_ASSIGNMENT((#13820));
#13820 = SURFACE_STYLE_USAGE(.BOTH.,#13821);
#13821 = SURFACE_SIDE_STYLE('',(#13822));
#13822 = SURFACE_STYLE_FILL_AREA(#13823);
#13823 = FILL_AREA_STYLE('',(#13824));
#13824 = FILL_AREA_STYLE_COLOUR('',#12634);
#13825 = OVER_RIDING_STYLED_ITEM('overriding color',(#13826),#5721,
  #12617);
#13826 = PRESENTATION_STYLE_ASSIGNMENT((#13827));
#13827 = SURFACE_STYLE_USAGE(.BOTH.,#13828);
#13828 = SURFACE_SIDE_STYLE('',(#13829));
#13829 = SURFACE_STYLE_FILL_AREA(#13830);
#13830 = FILL_AREA_STYLE('',(#13831));
#13831 = FILL_AREA_STYLE_COLOUR('',#12634);
#13832 = OVER_RIDING_STYLED_ITEM('overriding color',(#13833),#5745,
  #12617);
#13833 = PRESENTATION_STYLE_ASSIGNMENT((#13834));
#13834 = SURFACE_STYLE_USAGE(.BOTH.,#13835);
#13835 = SURFACE_SIDE_STYLE('',(#13836));
#13836 = SURFACE_STYLE_FILL_AREA(#13837);
#13837 = FILL_AREA_STYLE('',(#13838));
#13838 = FILL_AREA_STYLE_COLOUR('',#12634);
#13839 = OVER_RIDING_STYLED_ITEM('overriding color',(#13840),#5787,
  #12617);
#13840 = PRESENTATION_STYLE_ASSIGNMENT((#13841));
#13841 = SURFACE_STYLE_USAGE(.BOTH.,#13842);
#13842 = SURFACE_SIDE_STYLE('',(#13843));
#13843 = SURFACE_STYLE_FILL_AREA(#13844);
#13844 = FILL_AREA_STYLE('',(#13845));
#13845 = FILL_AREA_STYLE_COLOUR('',#12634);
#13846 = OVER_RIDING_STYLED_ITEM('overriding color',(#13847),#5811,
  #12617);
#13847 = PRESENTATION_STYLE_ASSIGNMENT((#13848));
#13848 = SURFACE_STYLE_USAGE(.BOTH.,#13849);
#13849 = SURFACE_SIDE_STYLE('',(#13850));
#13850 = SURFACE_STYLE_FILL_AREA(#13851);
#13851 = FILL_AREA_STYLE('',(#13852));
#13852 = FILL_AREA_STYLE_COLOUR('',#12634);
#13853 = OVER_RIDING_STYLED_ITEM('overriding color',(#13854),#5853,
  #12617);
#13854 = PRESENTATION_STYLE_ASSIGNMENT((#13855));
#13855 = SURFACE_STYLE_USAGE(.BOTH.,#13856);
#13856 = SURFACE_SIDE_STYLE('',(#13857));
#13857 = SURFACE_STYLE_FILL_AREA(#13858);
#13858 = FILL_AREA_STYLE('',(#13859));
#13859 = FILL_AREA_STYLE_COLOUR('',#12634);
#13860 = OVER_RIDING_STYLED_ITEM('overriding color',(#13861),#5877,
  #12617);
#13861 = PRESENTATION_STYLE_ASSIGNMENT((#13862));
#13862 = SURFACE_STYLE_USAGE(.BOTH.,#13863);
#13863 = SURFACE_SIDE_STYLE('',(#13864));
#13864 = SURFACE_STYLE_FILL_AREA(#13865);
#13865 = FILL_AREA_STYLE('',(#13866));
#13866 = FILL_AREA_STYLE_COLOUR('',#12634);
#13867 = OVER_RIDING_STYLED_ITEM('overriding color',(#13868),#5917,
  #12617);
#13868 = PRESENTATION_STYLE_ASSIGNMENT((#13869));
#13869 = SURFACE_STYLE_USAGE(.BOTH.,#13870);
#13870 = SURFACE_SIDE_STYLE('',(#13871));
#13871 = SURFACE_STYLE_FILL_AREA(#13872);
#13872 = FILL_AREA_STYLE('',(#13873));
#13873 = FILL_AREA_STYLE_COLOUR('',#12634);
#13874 = OVER_RIDING_STYLED_ITEM('overriding color',(#13875),#5950,
  #12617);
#13875 = PRESENTATION_STYLE_ASSIGNMENT((#13876));
#13876 = SURFACE_STYLE_USAGE(.BOTH.,#13877);
#13877 = SURFACE_SIDE_STYLE('',(#13878));
#13878 = SURFACE_STYLE_FILL_AREA(#13879);
#13879 = FILL_AREA_STYLE('',(#13880));
#13880 = FILL_AREA_STYLE_COLOUR('',#12634);
#13881 = OVER_RIDING_STYLED_ITEM('overriding color',(#13882),#5981,
  #12617);
#13882 = PRESENTATION_STYLE_ASSIGNMENT((#13883));
#13883 = SURFACE_STYLE_USAGE(.BOTH.,#13884);
#13884 = SURFACE_SIDE_STYLE('',(#13885));
#13885 = SURFACE_STYLE_FILL_AREA(#13886);
#13886 = FILL_AREA_STYLE('',(#13887));
#13887 = FILL_AREA_STYLE_COLOUR('',#12634);
#13888 = OVER_RIDING_STYLED_ITEM('overriding color',(#13889),#6005,
  #12617);
#13889 = PRESENTATION_STYLE_ASSIGNMENT((#13890));
#13890 = SURFACE_STYLE_USAGE(.BOTH.,#13891);
#13891 = SURFACE_SIDE_STYLE('',(#13892));
#13892 = SURFACE_STYLE_FILL_AREA(#13893);
#13893 = FILL_AREA_STYLE('',(#13894));
#13894 = FILL_AREA_STYLE_COLOUR('',#12634);
#13895 = OVER_RIDING_STYLED_ITEM('overriding color',(#13896),#6047,
  #12617);
#13896 = PRESENTATION_STYLE_ASSIGNMENT((#13897));
#13897 = SURFACE_STYLE_USAGE(.BOTH.,#13898);
#13898 = SURFACE_SIDE_STYLE('',(#13899));
#13899 = SURFACE_STYLE_FILL_AREA(#13900);
#13900 = FILL_AREA_STYLE('',(#13901));
#13901 = FILL_AREA_STYLE_COLOUR('',#12634);
#13902 = OVER_RIDING_STYLED_ITEM('overriding color',(#13903),#6071,
  #12617);
#13903 = PRESENTATION_STYLE_ASSIGNMENT((#13904));
#13904 = SURFACE_STYLE_USAGE(.BOTH.,#13905);
#13905 = SURFACE_SIDE_STYLE('',(#13906));
#13906 = SURFACE_STYLE_FILL_AREA(#13907);
#13907 = FILL_AREA_STYLE('',(#13908));
#13908 = FILL_AREA_STYLE_COLOUR('',#12634);
#13909 = OVER_RIDING_STYLED_ITEM('overriding color',(#13910),#6113,
  #12617);
#13910 = PRESENTATION_STYLE_ASSIGNMENT((#13911));
#13911 = SURFACE_STYLE_USAGE(.BOTH.,#13912);
#13912 = SURFACE_SIDE_STYLE('',(#13913));
#13913 = SURFACE_STYLE_FILL_AREA(#13914);
#13914 = FILL_AREA_STYLE('',(#13915));
#13915 = FILL_AREA_STYLE_COLOUR('',#12634);
#13916 = OVER_RIDING_STYLED_ITEM('overriding color',(#13917),#6137,
  #12617);
#13917 = PRESENTATION_STYLE_ASSIGNMENT((#13918));
#13918 = SURFACE_STYLE_USAGE(.BOTH.,#13919);
#13919 = SURFACE_SIDE_STYLE('',(#13920));
#13920 = SURFACE_STYLE_FILL_AREA(#13921);
#13921 = FILL_AREA_STYLE('',(#13922));
#13922 = FILL_AREA_STYLE_COLOUR('',#12634);
#13923 = OVER_RIDING_STYLED_ITEM('overriding color',(#13924),#6179,
  #12617);
#13924 = PRESENTATION_STYLE_ASSIGNMENT((#13925));
#13925 = SURFACE_STYLE_USAGE(.BOTH.,#13926);
#13926 = SURFACE_SIDE_STYLE('',(#13927));
#13927 = SURFACE_STYLE_FILL_AREA(#13928);
#13928 = FILL_AREA_STYLE('',(#13929));
#13929 = FILL_AREA_STYLE_COLOUR('',#12634);
#13930 = OVER_RIDING_STYLED_ITEM('overriding color',(#13931),#6203,
  #12617);
#13931 = PRESENTATION_STYLE_ASSIGNMENT((#13932));
#13932 = SURFACE_STYLE_USAGE(.BOTH.,#13933);
#13933 = SURFACE_SIDE_STYLE('',(#13934));
#13934 = SURFACE_STYLE_FILL_AREA(#13935);
#13935 = FILL_AREA_STYLE('',(#13936));
#13936 = FILL_AREA_STYLE_COLOUR('',#12634);
#13937 = OVER_RIDING_STYLED_ITEM('overriding color',(#13938),#6243,
  #12617);
#13938 = PRESENTATION_STYLE_ASSIGNMENT((#13939));
#13939 = SURFACE_STYLE_USAGE(.BOTH.,#13940);
#13940 = SURFACE_SIDE_STYLE('',(#13941));
#13941 = SURFACE_STYLE_FILL_AREA(#13942);
#13942 = FILL_AREA_STYLE('',(#13943));
#13943 = FILL_AREA_STYLE_COLOUR('',#12634);
#13944 = OVER_RIDING_STYLED_ITEM('overriding color',(#13945),#6276,
  #12617);
#13945 = PRESENTATION_STYLE_ASSIGNMENT((#13946));
#13946 = SURFACE_STYLE_USAGE(.BOTH.,#13947);
#13947 = SURFACE_SIDE_STYLE('',(#13948));
#13948 = SURFACE_STYLE_FILL_AREA(#13949);
#13949 = FILL_AREA_STYLE('',(#13950));
#13950 = FILL_AREA_STYLE_COLOUR('',#12634);
#13951 = OVER_RIDING_STYLED_ITEM('overriding color',(#13952),#6307,
  #12617);
#13952 = PRESENTATION_STYLE_ASSIGNMENT((#13953));
#13953 = SURFACE_STYLE_USAGE(.BOTH.,#13954);
#13954 = SURFACE_SIDE_STYLE('',(#13955));
#13955 = SURFACE_STYLE_FILL_AREA(#13956);
#13956 = FILL_AREA_STYLE('',(#13957));
#13957 = FILL_AREA_STYLE_COLOUR('',#12634);
#13958 = OVER_RIDING_STYLED_ITEM('overriding color',(#13959),#6331,
  #12617);
#13959 = PRESENTATION_STYLE_ASSIGNMENT((#13960));
#13960 = SURFACE_STYLE_USAGE(.BOTH.,#13961);
#13961 = SURFACE_SIDE_STYLE('',(#13962));
#13962 = SURFACE_STYLE_FILL_AREA(#13963);
#13963 = FILL_AREA_STYLE('',(#13964));
#13964 = FILL_AREA_STYLE_COLOUR('',#12634);
#13965 = OVER_RIDING_STYLED_ITEM('overriding color',(#13966),#6371,
  #12617);
#13966 = PRESENTATION_STYLE_ASSIGNMENT((#13967));
#13967 = SURFACE_STYLE_USAGE(.BOTH.,#13968);
#13968 = SURFACE_SIDE_STYLE('',(#13969));
#13969 = SURFACE_STYLE_FILL_AREA(#13970);
#13970 = FILL_AREA_STYLE('',(#13971));
#13971 = FILL_AREA_STYLE_COLOUR('',#12634);
#13972 = OVER_RIDING_STYLED_ITEM('overriding color',(#13973),#6404,
  #12617);
#13973 = PRESENTATION_STYLE_ASSIGNMENT((#13974));
#13974 = SURFACE_STYLE_USAGE(.BOTH.,#13975);
#13975 = SURFACE_SIDE_STYLE('',(#13976));
#13976 = SURFACE_STYLE_FILL_AREA(#13977);
#13977 = FILL_AREA_STYLE('',(#13978));
#13978 = FILL_AREA_STYLE_COLOUR('',#12634);
#13979 = OVER_RIDING_STYLED_ITEM('overriding color',(#13980),#6435,
  #12617);
#13980 = PRESENTATION_STYLE_ASSIGNMENT((#13981));
#13981 = SURFACE_STYLE_USAGE(.BOTH.,#13982);
#13982 = SURFACE_SIDE_STYLE('',(#13983));
#13983 = SURFACE_STYLE_FILL_AREA(#13984);
#13984 = FILL_AREA_STYLE('',(#13985));
#13985 = FILL_AREA_STYLE_COLOUR('',#12634);
#13986 = OVER_RIDING_STYLED_ITEM('overriding color',(#13987),#6459,
  #12617);
#13987 = PRESENTATION_STYLE_ASSIGNMENT((#13988));
#13988 = SURFACE_STYLE_USAGE(.BOTH.,#13989);
#13989 = SURFACE_SIDE_STYLE('',(#13990));
#13990 = SURFACE_STYLE_FILL_AREA(#13991);
#13991 = FILL_AREA_STYLE('',(#13992));
#13992 = FILL_AREA_STYLE_COLOUR('',#12634);
#13993 = OVER_RIDING_STYLED_ITEM('overriding color',(#13994),#6501,
  #12617);
#13994 = PRESENTATION_STYLE_ASSIGNMENT((#13995));
#13995 = SURFACE_STYLE_USAGE(.BOTH.,#13996);
#13996 = SURFACE_SIDE_STYLE('',(#13997));
#13997 = SURFACE_STYLE_FILL_AREA(#13998);
#13998 = FILL_AREA_STYLE('',(#13999));
#13999 = FILL_AREA_STYLE_COLOUR('',#12634);
#14000 = OVER_RIDING_STYLED_ITEM('overriding color',(#14001),#6525,
  #12617);
#14001 = PRESENTATION_STYLE_ASSIGNMENT((#14002));
#14002 = SURFACE_STYLE_USAGE(.BOTH.,#14003);
#14003 = SURFACE_SIDE_STYLE('',(#14004));
#14004 = SURFACE_STYLE_FILL_AREA(#14005);
#14005 = FILL_AREA_STYLE('',(#14006));
#14006 = FILL_AREA_STYLE_COLOUR('',#12634);
#14007 = OVER_RIDING_STYLED_ITEM('overriding color',(#14008),#6567,
  #12617);
#14008 = PRESENTATION_STYLE_ASSIGNMENT((#14009));
#14009 = SURFACE_STYLE_USAGE(.BOTH.,#14010);
#14010 = SURFACE_SIDE_STYLE('',(#14011));
#14011 = SURFACE_STYLE_FILL_AREA(#14012);
#14012 = FILL_AREA_STYLE('',(#14013));
#14013 = FILL_AREA_STYLE_COLOUR('',#12634);
#14014 = OVER_RIDING_STYLED_ITEM('overriding color',(#14015),#6591,
  #12617);
#14015 = PRESENTATION_STYLE_ASSIGNMENT((#14016));
#14016 = SURFACE_STYLE_USAGE(.BOTH.,#14017);
#14017 = SURFACE_SIDE_STYLE('',(#14018));
#14018 = SURFACE_STYLE_FILL_AREA(#14019);
#14019 = FILL_AREA_STYLE('',(#14020));
#14020 = FILL_AREA_STYLE_COLOUR('',#12634);
#14021 = OVER_RIDING_STYLED_ITEM('overriding color',(#14022),#6633,
  #12617);
#14022 = PRESENTATION_STYLE_ASSIGNMENT((#14023));
#14023 = SURFACE_STYLE_USAGE(.BOTH.,#14024);
#14024 = SURFACE_SIDE_STYLE('',(#14025));
#14025 = SURFACE_STYLE_FILL_AREA(#14026);
#14026 = FILL_AREA_STYLE('',(#14027));
#14027 = FILL_AREA_STYLE_COLOUR('',#12634);
#14028 = OVER_RIDING_STYLED_ITEM('overriding color',(#14029),#6657,
  #12617);
#14029 = PRESENTATION_STYLE_ASSIGNMENT((#14030));
#14030 = SURFACE_STYLE_USAGE(.BOTH.,#14031);
#14031 = SURFACE_SIDE_STYLE('',(#14032));
#14032 = SURFACE_STYLE_FILL_AREA(#14033);
#14033 = FILL_AREA_STYLE('',(#14034));
#14034 = FILL_AREA_STYLE_COLOUR('',#12634);
#14035 = OVER_RIDING_STYLED_ITEM('overriding color',(#14036),#6699,
  #12617);
#14036 = PRESENTATION_STYLE_ASSIGNMENT((#14037));
#14037 = SURFACE_STYLE_USAGE(.BOTH.,#14038);
#14038 = SURFACE_SIDE_STYLE('',(#14039));
#14039 = SURFACE_STYLE_FILL_AREA(#14040);
#14040 = FILL_AREA_STYLE('',(#14041));
#14041 = FILL_AREA_STYLE_COLOUR('',#12634);
#14042 = OVER_RIDING_STYLED_ITEM('overriding color',(#14043),#6723,
  #12617);
#14043 = PRESENTATION_STYLE_ASSIGNMENT((#14044));
#14044 = SURFACE_STYLE_USAGE(.BOTH.,#14045);
#14045 = SURFACE_SIDE_STYLE('',(#14046));
#14046 = SURFACE_STYLE_FILL_AREA(#14047);
#14047 = FILL_AREA_STYLE('',(#14048));
#14048 = FILL_AREA_STYLE_COLOUR('',#12634);
#14049 = OVER_RIDING_STYLED_ITEM('overriding color',(#14050),#6765,
  #12617);
#14050 = PRESENTATION_STYLE_ASSIGNMENT((#14051));
#14051 = SURFACE_STYLE_USAGE(.BOTH.,#14052);
#14052 = SURFACE_SIDE_STYLE('',(#14053));
#14053 = SURFACE_STYLE_FILL_AREA(#14054);
#14054 = FILL_AREA_STYLE('',(#14055));
#14055 = FILL_AREA_STYLE_COLOUR('',#12634);
#14056 = OVER_RIDING_STYLED_ITEM('overriding color',(#14057),#6789,
  #12617);
#14057 = PRESENTATION_STYLE_ASSIGNMENT((#14058));
#14058 = SURFACE_STYLE_USAGE(.BOTH.,#14059);
#14059 = SURFACE_SIDE_STYLE('',(#14060));
#14060 = SURFACE_STYLE_FILL_AREA(#14061);
#14061 = FILL_AREA_STYLE('',(#14062));
#14062 = FILL_AREA_STYLE_COLOUR('',#12634);
#14063 = OVER_RIDING_STYLED_ITEM('overriding color',(#14064),#6831,
  #12617);
#14064 = PRESENTATION_STYLE_ASSIGNMENT((#14065));
#14065 = SURFACE_STYLE_USAGE(.BOTH.,#14066);
#14066 = SURFACE_SIDE_STYLE('',(#14067));
#14067 = SURFACE_STYLE_FILL_AREA(#14068);
#14068 = FILL_AREA_STYLE('',(#14069));
#14069 = FILL_AREA_STYLE_COLOUR('',#12634);
#14070 = OVER_RIDING_STYLED_ITEM('overriding color',(#14071),#6855,
  #12617);
#14071 = PRESENTATION_STYLE_ASSIGNMENT((#14072));
#14072 = SURFACE_STYLE_USAGE(.BOTH.,#14073);
#14073 = SURFACE_SIDE_STYLE('',(#14074));
#14074 = SURFACE_STYLE_FILL_AREA(#14075);
#14075 = FILL_AREA_STYLE('',(#14076));
#14076 = FILL_AREA_STYLE_COLOUR('',#12634);
#14077 = OVER_RIDING_STYLED_ITEM('overriding color',(#14078),#6897,
  #12617);
#14078 = PRESENTATION_STYLE_ASSIGNMENT((#14079));
#14079 = SURFACE_STYLE_USAGE(.BOTH.,#14080);
#14080 = SURFACE_SIDE_STYLE('',(#14081));
#14081 = SURFACE_STYLE_FILL_AREA(#14082);
#14082 = FILL_AREA_STYLE('',(#14083));
#14083 = FILL_AREA_STYLE_COLOUR('',#12634);
#14084 = OVER_RIDING_STYLED_ITEM('overriding color',(#14085),#6921,
  #12617);
#14085 = PRESENTATION_STYLE_ASSIGNMENT((#14086));
#14086 = SURFACE_STYLE_USAGE(.BOTH.,#14087);
#14087 = SURFACE_SIDE_STYLE('',(#14088));
#14088 = SURFACE_STYLE_FILL_AREA(#14089);
#14089 = FILL_AREA_STYLE('',(#14090));
#14090 = FILL_AREA_STYLE_COLOUR('',#12634);
#14091 = OVER_RIDING_STYLED_ITEM('overriding color',(#14092),#6963,
  #12617);
#14092 = PRESENTATION_STYLE_ASSIGNMENT((#14093));
#14093 = SURFACE_STYLE_USAGE(.BOTH.,#14094);
#14094 = SURFACE_SIDE_STYLE('',(#14095));
#14095 = SURFACE_STYLE_FILL_AREA(#14096);
#14096 = FILL_AREA_STYLE('',(#14097));
#14097 = FILL_AREA_STYLE_COLOUR('',#12634);
#14098 = OVER_RIDING_STYLED_ITEM('overriding color',(#14099),#6987,
  #12617);
#14099 = PRESENTATION_STYLE_ASSIGNMENT((#14100));
#14100 = SURFACE_STYLE_USAGE(.BOTH.,#14101);
#14101 = SURFACE_SIDE_STYLE('',(#14102));
#14102 = SURFACE_STYLE_FILL_AREA(#14103);
#14103 = FILL_AREA_STYLE('',(#14104));
#14104 = FILL_AREA_STYLE_COLOUR('',#12634);
#14105 = OVER_RIDING_STYLED_ITEM('overriding color',(#14106),#7029,
  #12617);
#14106 = PRESENTATION_STYLE_ASSIGNMENT((#14107));
#14107 = SURFACE_STYLE_USAGE(.BOTH.,#14108);
#14108 = SURFACE_SIDE_STYLE('',(#14109));
#14109 = SURFACE_STYLE_FILL_AREA(#14110);
#14110 = FILL_AREA_STYLE('',(#14111));
#14111 = FILL_AREA_STYLE_COLOUR('',#12634);
#14112 = OVER_RIDING_STYLED_ITEM('overriding color',(#14113),#7053,
  #12617);
#14113 = PRESENTATION_STYLE_ASSIGNMENT((#14114));
#14114 = SURFACE_STYLE_USAGE(.BOTH.,#14115);
#14115 = SURFACE_SIDE_STYLE('',(#14116));
#14116 = SURFACE_STYLE_FILL_AREA(#14117);
#14117 = FILL_AREA_STYLE('',(#14118));
#14118 = FILL_AREA_STYLE_COLOUR('',#12634);
#14119 = OVER_RIDING_STYLED_ITEM('overriding color',(#14120),#7095,
  #12617);
#14120 = PRESENTATION_STYLE_ASSIGNMENT((#14121));
#14121 = SURFACE_STYLE_USAGE(.BOTH.,#14122);
#14122 = SURFACE_SIDE_STYLE('',(#14123));
#14123 = SURFACE_STYLE_FILL_AREA(#14124);
#14124 = FILL_AREA_STYLE('',(#14125));
#14125 = FILL_AREA_STYLE_COLOUR('',#12634);
#14126 = OVER_RIDING_STYLED_ITEM('overriding color',(#14127),#7119,
  #12617);
#14127 = PRESENTATION_STYLE_ASSIGNMENT((#14128));
#14128 = SURFACE_STYLE_USAGE(.BOTH.,#14129);
#14129 = SURFACE_SIDE_STYLE('',(#14130));
#14130 = SURFACE_STYLE_FILL_AREA(#14131);
#14131 = FILL_AREA_STYLE('',(#14132));
#14132 = FILL_AREA_STYLE_COLOUR('',#12634);
#14133 = OVER_RIDING_STYLED_ITEM('overriding color',(#14134),#7161,
  #12617);
#14134 = PRESENTATION_STYLE_ASSIGNMENT((#14135));
#14135 = SURFACE_STYLE_USAGE(.BOTH.,#14136);
#14136 = SURFACE_SIDE_STYLE('',(#14137));
#14137 = SURFACE_STYLE_FILL_AREA(#14138);
#14138 = FILL_AREA_STYLE('',(#14139));
#14139 = FILL_AREA_STYLE_COLOUR('',#12634);
#14140 = OVER_RIDING_STYLED_ITEM('overriding color',(#14141),#7185,
  #12617);
#14141 = PRESENTATION_STYLE_ASSIGNMENT((#14142));
#14142 = SURFACE_STYLE_USAGE(.BOTH.,#14143);
#14143 = SURFACE_SIDE_STYLE('',(#14144));
#14144 = SURFACE_STYLE_FILL_AREA(#14145);
#14145 = FILL_AREA_STYLE('',(#14146));
#14146 = FILL_AREA_STYLE_COLOUR('',#12634);
#14147 = OVER_RIDING_STYLED_ITEM('overriding color',(#14148),#7227,
  #12617);
#14148 = PRESENTATION_STYLE_ASSIGNMENT((#14149));
#14149 = SURFACE_STYLE_USAGE(.BOTH.,#14150);
#14150 = SURFACE_SIDE_STYLE('',(#14151));
#14151 = SURFACE_STYLE_FILL_AREA(#14152);
#14152 = FILL_AREA_STYLE('',(#14153));
#14153 = FILL_AREA_STYLE_COLOUR('',#12634);
#14154 = OVER_RIDING_STYLED_ITEM('overriding color',(#14155),#7251,
  #12617);
#14155 = PRESENTATION_STYLE_ASSIGNMENT((#14156));
#14156 = SURFACE_STYLE_USAGE(.BOTH.,#14157);
#14157 = SURFACE_SIDE_STYLE('',(#14158));
#14158 = SURFACE_STYLE_FILL_AREA(#14159);
#14159 = FILL_AREA_STYLE('',(#14160));
#14160 = FILL_AREA_STYLE_COLOUR('',#12634);
#14161 = OVER_RIDING_STYLED_ITEM('overriding color',(#14162),#7293,
  #12617);
#14162 = PRESENTATION_STYLE_ASSIGNMENT((#14163));
#14163 = SURFACE_STYLE_USAGE(.BOTH.,#14164);
#14164 = SURFACE_SIDE_STYLE('',(#14165));
#14165 = SURFACE_STYLE_FILL_AREA(#14166);
#14166 = FILL_AREA_STYLE('',(#14167));
#14167 = FILL_AREA_STYLE_COLOUR('',#12634);
#14168 = OVER_RIDING_STYLED_ITEM('overriding color',(#14169),#7317,
  #12617);
#14169 = PRESENTATION_STYLE_ASSIGNMENT((#14170));
#14170 = SURFACE_STYLE_USAGE(.BOTH.,#14171);
#14171 = SURFACE_SIDE_STYLE('',(#14172));
#14172 = SURFACE_STYLE_FILL_AREA(#14173);
#14173 = FILL_AREA_STYLE('',(#14174));
#14174 = FILL_AREA_STYLE_COLOUR('',#12634);
#14175 = OVER_RIDING_STYLED_ITEM('overriding color',(#14176),#7359,
  #12617);
#14176 = PRESENTATION_STYLE_ASSIGNMENT((#14177));
#14177 = SURFACE_STYLE_USAGE(.BOTH.,#14178);
#14178 = SURFACE_SIDE_STYLE('',(#14179));
#14179 = SURFACE_STYLE_FILL_AREA(#14180);
#14180 = FILL_AREA_STYLE('',(#14181));
#14181 = FILL_AREA_STYLE_COLOUR('',#12634);
#14182 = OVER_RIDING_STYLED_ITEM('overriding color',(#14183),#7383,
  #12617);
#14183 = PRESENTATION_STYLE_ASSIGNMENT((#14184));
#14184 = SURFACE_STYLE_USAGE(.BOTH.,#14185);
#14185 = SURFACE_SIDE_STYLE('',(#14186));
#14186 = SURFACE_STYLE_FILL_AREA(#14187);
#14187 = FILL_AREA_STYLE('',(#14188));
#14188 = FILL_AREA_STYLE_COLOUR('',#12634);
#14189 = OVER_RIDING_STYLED_ITEM('overriding color',(#14190),#7425,
  #12617);
#14190 = PRESENTATION_STYLE_ASSIGNMENT((#14191));
#14191 = SURFACE_STYLE_USAGE(.BOTH.,#14192);
#14192 = SURFACE_SIDE_STYLE('',(#14193));
#14193 = SURFACE_STYLE_FILL_AREA(#14194);
#14194 = FILL_AREA_STYLE('',(#14195));
#14195 = FILL_AREA_STYLE_COLOUR('',#12634);
#14196 = OVER_RIDING_STYLED_ITEM('overriding color',(#14197),#7449,
  #12617);
#14197 = PRESENTATION_STYLE_ASSIGNMENT((#14198));
#14198 = SURFACE_STYLE_USAGE(.BOTH.,#14199);
#14199 = SURFACE_SIDE_STYLE('',(#14200));
#14200 = SURFACE_STYLE_FILL_AREA(#14201);
#14201 = FILL_AREA_STYLE('',(#14202));
#14202 = FILL_AREA_STYLE_COLOUR('',#12634);
#14203 = OVER_RIDING_STYLED_ITEM('overriding color',(#14204),#7491,
  #12617);
#14204 = PRESENTATION_STYLE_ASSIGNMENT((#14205));
#14205 = SURFACE_STYLE_USAGE(.BOTH.,#14206);
#14206 = SURFACE_SIDE_STYLE('',(#14207));
#14207 = SURFACE_STYLE_FILL_AREA(#14208);
#14208 = FILL_AREA_STYLE('',(#14209));
#14209 = FILL_AREA_STYLE_COLOUR('',#12634);
#14210 = OVER_RIDING_STYLED_ITEM('overriding color',(#14211),#7515,
  #12617);
#14211 = PRESENTATION_STYLE_ASSIGNMENT((#14212));
#14212 = SURFACE_STYLE_USAGE(.BOTH.,#14213);
#14213 = SURFACE_SIDE_STYLE('',(#14214));
#14214 = SURFACE_STYLE_FILL_AREA(#14215);
#14215 = FILL_AREA_STYLE('',(#14216));
#14216 = FILL_AREA_STYLE_COLOUR('',#12634);
#14217 = OVER_RIDING_STYLED_ITEM('overriding color',(#14218),#7557,
  #12617);
#14218 = PRESENTATION_STYLE_ASSIGNMENT((#14219));
#14219 = SURFACE_STYLE_USAGE(.BOTH.,#14220);
#14220 = SURFACE_SIDE_STYLE('',(#14221));
#14221 = SURFACE_STYLE_FILL_AREA(#14222);
#14222 = FILL_AREA_STYLE('',(#14223));
#14223 = FILL_AREA_STYLE_COLOUR('',#12634);
#14224 = OVER_RIDING_STYLED_ITEM('overriding color',(#14225),#7581,
  #12617);
#14225 = PRESENTATION_STYLE_ASSIGNMENT((#14226));
#14226 = SURFACE_STYLE_USAGE(.BOTH.,#14227);
#14227 = SURFACE_SIDE_STYLE('',(#14228));
#14228 = SURFACE_STYLE_FILL_AREA(#14229);
#14229 = FILL_AREA_STYLE('',(#14230));
#14230 = FILL_AREA_STYLE_COLOUR('',#12634);
#14231 = OVER_RIDING_STYLED_ITEM('overriding color',(#14232),#7623,
  #12617);
#14232 = PRESENTATION_STYLE_ASSIGNMENT((#14233));
#14233 = SURFACE_STYLE_USAGE(.BOTH.,#14234);
#14234 = SURFACE_SIDE_STYLE('',(#14235));
#14235 = SURFACE_STYLE_FILL_AREA(#14236);
#14236 = FILL_AREA_STYLE('',(#14237));
#14237 = FILL_AREA_STYLE_COLOUR('',#12634);
#14238 = OVER_RIDING_STYLED_ITEM('overriding color',(#14239),#7647,
  #12617);
#14239 = PRESENTATION_STYLE_ASSIGNMENT((#14240));
#14240 = SURFACE_STYLE_USAGE(.BOTH.,#14241);
#14241 = SURFACE_SIDE_STYLE('',(#14242));
#14242 = SURFACE_STYLE_FILL_AREA(#14243);
#14243 = FILL_AREA_STYLE('',(#14244));
#14244 = FILL_AREA_STYLE_COLOUR('',#12634);
#14245 = OVER_RIDING_STYLED_ITEM('overriding color',(#14246),#7689,
  #12617);
#14246 = PRESENTATION_STYLE_ASSIGNMENT((#14247));
#14247 = SURFACE_STYLE_USAGE(.BOTH.,#14248);
#14248 = SURFACE_SIDE_STYLE('',(#14249));
#14249 = SURFACE_STYLE_FILL_AREA(#14250);
#14250 = FILL_AREA_STYLE('',(#14251));
#14251 = FILL_AREA_STYLE_COLOUR('',#12634);
#14252 = OVER_RIDING_STYLED_ITEM('overriding color',(#14253),#7713,
  #12617);
#14253 = PRESENTATION_STYLE_ASSIGNMENT((#14254));
#14254 = SURFACE_STYLE_USAGE(.BOTH.,#14255);
#14255 = SURFACE_SIDE_STYLE('',(#14256));
#14256 = SURFACE_STYLE_FILL_AREA(#14257);
#14257 = FILL_AREA_STYLE('',(#14258));
#14258 = FILL_AREA_STYLE_COLOUR('',#12634);
#14259 = OVER_RIDING_STYLED_ITEM('overriding color',(#14260),#7755,
  #12617);
#14260 = PRESENTATION_STYLE_ASSIGNMENT((#14261));
#14261 = SURFACE_STYLE_USAGE(.BOTH.,#14262);
#14262 = SURFACE_SIDE_STYLE('',(#14263));
#14263 = SURFACE_STYLE_FILL_AREA(#14264);
#14264 = FILL_AREA_STYLE('',(#14265));
#14265 = FILL_AREA_STYLE_COLOUR('',#12634);
#14266 = OVER_RIDING_STYLED_ITEM('overriding color',(#14267),#7779,
  #12617);
#14267 = PRESENTATION_STYLE_ASSIGNMENT((#14268));
#14268 = SURFACE_STYLE_USAGE(.BOTH.,#14269);
#14269 = SURFACE_SIDE_STYLE('',(#14270));
#14270 = SURFACE_STYLE_FILL_AREA(#14271);
#14271 = FILL_AREA_STYLE('',(#14272));
#14272 = FILL_AREA_STYLE_COLOUR('',#12634);
#14273 = OVER_RIDING_STYLED_ITEM('overriding color',(#14274),#7821,
  #12617);
#14274 = PRESENTATION_STYLE_ASSIGNMENT((#14275));
#14275 = SURFACE_STYLE_USAGE(.BOTH.,#14276);
#14276 = SURFACE_SIDE_STYLE('',(#14277));
#14277 = SURFACE_STYLE_FILL_AREA(#14278);
#14278 = FILL_AREA_STYLE('',(#14279));
#14279 = FILL_AREA_STYLE_COLOUR('',#12634);
#14280 = OVER_RIDING_STYLED_ITEM('overriding color',(#14281),#7845,
  #12617);
#14281 = PRESENTATION_STYLE_ASSIGNMENT((#14282));
#14282 = SURFACE_STYLE_USAGE(.BOTH.,#14283);
#14283 = SURFACE_SIDE_STYLE('',(#14284));
#14284 = SURFACE_STYLE_FILL_AREA(#14285);
#14285 = FILL_AREA_STYLE('',(#14286));
#14286 = FILL_AREA_STYLE_COLOUR('',#12634);
#14287 = OVER_RIDING_STYLED_ITEM('overriding color',(#14288),#7887,
  #12617);
#14288 = PRESENTATION_STYLE_ASSIGNMENT((#14289));
#14289 = SURFACE_STYLE_USAGE(.BOTH.,#14290);
#14290 = SURFACE_SIDE_STYLE('',(#14291));
#14291 = SURFACE_STYLE_FILL_AREA(#14292);
#14292 = FILL_AREA_STYLE('',(#14293));
#14293 = FILL_AREA_STYLE_COLOUR('',#12634);
#14294 = OVER_RIDING_STYLED_ITEM('overriding color',(#14295),#7911,
  #12617);
#14295 = PRESENTATION_STYLE_ASSIGNMENT((#14296));
#14296 = SURFACE_STYLE_USAGE(.BOTH.,#14297);
#14297 = SURFACE_SIDE_STYLE('',(#14298));
#14298 = SURFACE_STYLE_FILL_AREA(#14299);
#14299 = FILL_AREA_STYLE('',(#14300));
#14300 = FILL_AREA_STYLE_COLOUR('',#12634);
#14301 = OVER_RIDING_STYLED_ITEM('overriding color',(#14302),#7953,
  #12617);
#14302 = PRESENTATION_STYLE_ASSIGNMENT((#14303));
#14303 = SURFACE_STYLE_USAGE(.BOTH.,#14304);
#14304 = SURFACE_SIDE_STYLE('',(#14305));
#14305 = SURFACE_STYLE_FILL_AREA(#14306);
#14306 = FILL_AREA_STYLE('',(#14307));
#14307 = FILL_AREA_STYLE_COLOUR('',#12634);
#14308 = OVER_RIDING_STYLED_ITEM('overriding color',(#14309),#7977,
  #12617);
#14309 = PRESENTATION_STYLE_ASSIGNMENT((#14310));
#14310 = SURFACE_STYLE_USAGE(.BOTH.,#14311);
#14311 = SURFACE_SIDE_STYLE('',(#14312));
#14312 = SURFACE_STYLE_FILL_AREA(#14313);
#14313 = FILL_AREA_STYLE('',(#14314));
#14314 = FILL_AREA_STYLE_COLOUR('',#12634);
#14315 = OVER_RIDING_STYLED_ITEM('overriding color',(#14316),#8017,
  #12617);
#14316 = PRESENTATION_STYLE_ASSIGNMENT((#14317));
#14317 = SURFACE_STYLE_USAGE(.BOTH.,#14318);
#14318 = SURFACE_SIDE_STYLE('',(#14319));
#14319 = SURFACE_STYLE_FILL_AREA(#14320);
#14320 = FILL_AREA_STYLE('',(#14321));
#14321 = FILL_AREA_STYLE_COLOUR('',#12634);
#14322 = OVER_RIDING_STYLED_ITEM('overriding color',(#14323),#8050,
  #12617);
#14323 = PRESENTATION_STYLE_ASSIGNMENT((#14324));
#14324 = SURFACE_STYLE_USAGE(.BOTH.,#14325);
#14325 = SURFACE_SIDE_STYLE('',(#14326));
#14326 = SURFACE_STYLE_FILL_AREA(#14327);
#14327 = FILL_AREA_STYLE('',(#14328));
#14328 = FILL_AREA_STYLE_COLOUR('',#12634);
#14329 = OVER_RIDING_STYLED_ITEM('overriding color',(#14330),#8081,
  #12617);
#14330 = PRESENTATION_STYLE_ASSIGNMENT((#14331));
#14331 = SURFACE_STYLE_USAGE(.BOTH.,#14332);
#14332 = SURFACE_SIDE_STYLE('',(#14333));
#14333 = SURFACE_STYLE_FILL_AREA(#14334);
#14334 = FILL_AREA_STYLE('',(#14335));
#14335 = FILL_AREA_STYLE_COLOUR('',#12634);
#14336 = OVER_RIDING_STYLED_ITEM('overriding color',(#14337),#8105,
  #12617);
#14337 = PRESENTATION_STYLE_ASSIGNMENT((#14338));
#14338 = SURFACE_STYLE_USAGE(.BOTH.,#14339);
#14339 = SURFACE_SIDE_STYLE('',(#14340));
#14340 = SURFACE_STYLE_FILL_AREA(#14341);
#14341 = FILL_AREA_STYLE('',(#14342));
#14342 = FILL_AREA_STYLE_COLOUR('',#12634);
#14343 = OVER_RIDING_STYLED_ITEM('overriding color',(#14344),#8145,
  #12617);
#14344 = PRESENTATION_STYLE_ASSIGNMENT((#14345));
#14345 = SURFACE_STYLE_USAGE(.BOTH.,#14346);
#14346 = SURFACE_SIDE_STYLE('',(#14347));
#14347 = SURFACE_STYLE_FILL_AREA(#14348);
#14348 = FILL_AREA_STYLE('',(#14349));
#14349 = FILL_AREA_STYLE_COLOUR('',#12634);
#14350 = OVER_RIDING_STYLED_ITEM('overriding color',(#14351),#8178,
  #12617);
#14351 = PRESENTATION_STYLE_ASSIGNMENT((#14352));
#14352 = SURFACE_STYLE_USAGE(.BOTH.,#14353);
#14353 = SURFACE_SIDE_STYLE('',(#14354));
#14354 = SURFACE_STYLE_FILL_AREA(#14355);
#14355 = FILL_AREA_STYLE('',(#14356));
#14356 = FILL_AREA_STYLE_COLOUR('',#12634);
#14357 = OVER_RIDING_STYLED_ITEM('overriding color',(#14358),#8209,
  #12617);
#14358 = PRESENTATION_STYLE_ASSIGNMENT((#14359));
#14359 = SURFACE_STYLE_USAGE(.BOTH.,#14360);
#14360 = SURFACE_SIDE_STYLE('',(#14361));
#14361 = SURFACE_STYLE_FILL_AREA(#14362);
#14362 = FILL_AREA_STYLE('',(#14363));
#14363 = FILL_AREA_STYLE_COLOUR('',#12634);
#14364 = OVER_RIDING_STYLED_ITEM('overriding color',(#14365),#8233,
  #12617);
#14365 = PRESENTATION_STYLE_ASSIGNMENT((#14366));
#14366 = SURFACE_STYLE_USAGE(.BOTH.,#14367);
#14367 = SURFACE_SIDE_STYLE('',(#14368));
#14368 = SURFACE_STYLE_FILL_AREA(#14369);
#14369 = FILL_AREA_STYLE('',(#14370));
#14370 = FILL_AREA_STYLE_COLOUR('',#12634);
#14371 = OVER_RIDING_STYLED_ITEM('overriding color',(#14372),#8275,
  #12617);
#14372 = PRESENTATION_STYLE_ASSIGNMENT((#14373));
#14373 = SURFACE_STYLE_USAGE(.BOTH.,#14374);
#14374 = SURFACE_SIDE_STYLE('',(#14375));
#14375 = SURFACE_STYLE_FILL_AREA(#14376);
#14376 = FILL_AREA_STYLE('',(#14377));
#14377 = FILL_AREA_STYLE_COLOUR('',#12634);
#14378 = OVER_RIDING_STYLED_ITEM('overriding color',(#14379),#8299,
  #12617);
#14379 = PRESENTATION_STYLE_ASSIGNMENT((#14380));
#14380 = SURFACE_STYLE_USAGE(.BOTH.,#14381);
#14381 = SURFACE_SIDE_STYLE('',(#14382));
#14382 = SURFACE_STYLE_FILL_AREA(#14383);
#14383 = FILL_AREA_STYLE('',(#14384));
#14384 = FILL_AREA_STYLE_COLOUR('',#12634);
#14385 = OVER_RIDING_STYLED_ITEM('overriding color',(#14386),#8341,
  #12617);
#14386 = PRESENTATION_STYLE_ASSIGNMENT((#14387));
#14387 = SURFACE_STYLE_USAGE(.BOTH.,#14388);
#14388 = SURFACE_SIDE_STYLE('',(#14389));
#14389 = SURFACE_STYLE_FILL_AREA(#14390);
#14390 = FILL_AREA_STYLE('',(#14391));
#14391 = FILL_AREA_STYLE_COLOUR('',#12634);
#14392 = OVER_RIDING_STYLED_ITEM('overriding color',(#14393),#8365,
  #12617);
#14393 = PRESENTATION_STYLE_ASSIGNMENT((#14394));
#14394 = SURFACE_STYLE_USAGE(.BOTH.,#14395);
#14395 = SURFACE_SIDE_STYLE('',(#14396));
#14396 = SURFACE_STYLE_FILL_AREA(#14397);
#14397 = FILL_AREA_STYLE('',(#14398));
#14398 = FILL_AREA_STYLE_COLOUR('',#12634);
#14399 = OVER_RIDING_STYLED_ITEM('overriding color',(#14400),#8407,
  #12617);
#14400 = PRESENTATION_STYLE_ASSIGNMENT((#14401));
#14401 = SURFACE_STYLE_USAGE(.BOTH.,#14402);
#14402 = SURFACE_SIDE_STYLE('',(#14403));
#14403 = SURFACE_STYLE_FILL_AREA(#14404);
#14404 = FILL_AREA_STYLE('',(#14405));
#14405 = FILL_AREA_STYLE_COLOUR('',#12634);
#14406 = OVER_RIDING_STYLED_ITEM('overriding color',(#14407),#8431,
  #12617);
#14407 = PRESENTATION_STYLE_ASSIGNMENT((#14408));
#14408 = SURFACE_STYLE_USAGE(.BOTH.,#14409);
#14409 = SURFACE_SIDE_STYLE('',(#14410));
#14410 = SURFACE_STYLE_FILL_AREA(#14411);
#14411 = FILL_AREA_STYLE('',(#14412));
#14412 = FILL_AREA_STYLE_COLOUR('',#12634);
#14413 = OVER_RIDING_STYLED_ITEM('overriding color',(#14414),#8473,
  #12617);
#14414 = PRESENTATION_STYLE_ASSIGNMENT((#14415));
#14415 = SURFACE_STYLE_USAGE(.BOTH.,#14416);
#14416 = SURFACE_SIDE_STYLE('',(#14417));
#14417 = SURFACE_STYLE_FILL_AREA(#14418);
#14418 = FILL_AREA_STYLE('',(#14419));
#14419 = FILL_AREA_STYLE_COLOUR('',#12634);
#14420 = OVER_RIDING_STYLED_ITEM('overriding color',(#14421),#8497,
  #12617);
#14421 = PRESENTATION_STYLE_ASSIGNMENT((#14422));
#14422 = SURFACE_STYLE_USAGE(.BOTH.,#14423);
#14423 = SURFACE_SIDE_STYLE('',(#14424));
#14424 = SURFACE_STYLE_FILL_AREA(#14425);
#14425 = FILL_AREA_STYLE('',(#14426));
#14426 = FILL_AREA_STYLE_COLOUR('',#12634);
#14427 = OVER_RIDING_STYLED_ITEM('overriding color',(#14428),#8539,
  #12617);
#14428 = PRESENTATION_STYLE_ASSIGNMENT((#14429));
#14429 = SURFACE_STYLE_USAGE(.BOTH.,#14430);
#14430 = SURFACE_SIDE_STYLE('',(#14431));
#14431 = SURFACE_STYLE_FILL_AREA(#14432);
#14432 = FILL_AREA_STYLE('',(#14433));
#14433 = FILL_AREA_STYLE_COLOUR('',#12634);
#14434 = OVER_RIDING_STYLED_ITEM('overriding color',(#14435),#8563,
  #12617);
#14435 = PRESENTATION_STYLE_ASSIGNMENT((#14436));
#14436 = SURFACE_STYLE_USAGE(.BOTH.,#14437);
#14437 = SURFACE_SIDE_STYLE('',(#14438));
#14438 = SURFACE_STYLE_FILL_AREA(#14439);
#14439 = FILL_AREA_STYLE('',(#14440));
#14440 = FILL_AREA_STYLE_COLOUR('',#12634);
#14441 = OVER_RIDING_STYLED_ITEM('overriding color',(#14442),#8605,
  #12617);
#14442 = PRESENTATION_STYLE_ASSIGNMENT((#14443));
#14443 = SURFACE_STYLE_USAGE(.BOTH.,#14444);
#14444 = SURFACE_SIDE_STYLE('',(#14445));
#14445 = SURFACE_STYLE_FILL_AREA(#14446);
#14446 = FILL_AREA_STYLE('',(#14447));
#14447 = FILL_AREA_STYLE_COLOUR('',#12634);
#14448 = OVER_RIDING_STYLED_ITEM('overriding color',(#14449),#8629,
  #12617);
#14449 = PRESENTATION_STYLE_ASSIGNMENT((#14450));
#14450 = SURFACE_STYLE_USAGE(.BOTH.,#14451);
#14451 = SURFACE_SIDE_STYLE('',(#14452));
#14452 = SURFACE_STYLE_FILL_AREA(#14453);
#14453 = FILL_AREA_STYLE('',(#14454));
#14454 = FILL_AREA_STYLE_COLOUR('',#12634);
#14455 = OVER_RIDING_STYLED_ITEM('overriding color',(#14456),#8671,
  #12617);
#14456 = PRESENTATION_STYLE_ASSIGNMENT((#14457));
#14457 = SURFACE_STYLE_USAGE(.BOTH.,#14458);
#14458 = SURFACE_SIDE_STYLE('',(#14459));
#14459 = SURFACE_STYLE_FILL_AREA(#14460);
#14460 = FILL_AREA_STYLE('',(#14461));
#14461 = FILL_AREA_STYLE_COLOUR('',#12634);
#14462 = OVER_RIDING_STYLED_ITEM('overriding color',(#14463),#8695,
  #12617);
#14463 = PRESENTATION_STYLE_ASSIGNMENT((#14464));
#14464 = SURFACE_STYLE_USAGE(.BOTH.,#14465);
#14465 = SURFACE_SIDE_STYLE('',(#14466));
#14466 = SURFACE_STYLE_FILL_AREA(#14467);
#14467 = FILL_AREA_STYLE('',(#14468));
#14468 = FILL_AREA_STYLE_COLOUR('',#12634);
#14469 = OVER_RIDING_STYLED_ITEM('overriding color',(#14470),#8737,
  #12617);
#14470 = PRESENTATION_STYLE_ASSIGNMENT((#14471));
#14471 = SURFACE_STYLE_USAGE(.BOTH.,#14472);
#14472 = SURFACE_SIDE_STYLE('',(#14473));
#14473 = SURFACE_STYLE_FILL_AREA(#14474);
#14474 = FILL_AREA_STYLE('',(#14475));
#14475 = FILL_AREA_STYLE_COLOUR('',#12634);
#14476 = OVER_RIDING_STYLED_ITEM('overriding color',(#14477),#8761,
  #12617);
#14477 = PRESENTATION_STYLE_ASSIGNMENT((#14478));
#14478 = SURFACE_STYLE_USAGE(.BOTH.,#14479);
#14479 = SURFACE_SIDE_STYLE('',(#14480));
#14480 = SURFACE_STYLE_FILL_AREA(#14481);
#14481 = FILL_AREA_STYLE('',(#14482));
#14482 = FILL_AREA_STYLE_COLOUR('',#12634);
#14483 = OVER_RIDING_STYLED_ITEM('overriding color',(#14484),#8803,
  #12617);
#14484 = PRESENTATION_STYLE_ASSIGNMENT((#14485));
#14485 = SURFACE_STYLE_USAGE(.BOTH.,#14486);
#14486 = SURFACE_SIDE_STYLE('',(#14487));
#14487 = SURFACE_STYLE_FILL_AREA(#14488);
#14488 = FILL_AREA_STYLE('',(#14489));
#14489 = FILL_AREA_STYLE_COLOUR('',#12634);
#14490 = OVER_RIDING_STYLED_ITEM('overriding color',(#14491),#8827,
  #12617);
#14491 = PRESENTATION_STYLE_ASSIGNMENT((#14492));
#14492 = SURFACE_STYLE_USAGE(.BOTH.,#14493);
#14493 = SURFACE_SIDE_STYLE('',(#14494));
#14494 = SURFACE_STYLE_FILL_AREA(#14495);
#14495 = FILL_AREA_STYLE('',(#14496));
#14496 = FILL_AREA_STYLE_COLOUR('',#12634);
#14497 = OVER_RIDING_STYLED_ITEM('overriding color',(#14498),#8869,
  #12617);
#14498 = PRESENTATION_STYLE_ASSIGNMENT((#14499));
#14499 = SURFACE_STYLE_USAGE(.BOTH.,#14500);
#14500 = SURFACE_SIDE_STYLE('',(#14501));
#14501 = SURFACE_STYLE_FILL_AREA(#14502);
#14502 = FILL_AREA_STYLE('',(#14503));
#14503 = FILL_AREA_STYLE_COLOUR('',#12634);
#14504 = OVER_RIDING_STYLED_ITEM('overriding color',(#14505),#8893,
  #12617);
#14505 = PRESENTATION_STYLE_ASSIGNMENT((#14506));
#14506 = SURFACE_STYLE_USAGE(.BOTH.,#14507);
#14507 = SURFACE_SIDE_STYLE('',(#14508));
#14508 = SURFACE_STYLE_FILL_AREA(#14509);
#14509 = FILL_AREA_STYLE('',(#14510));
#14510 = FILL_AREA_STYLE_COLOUR('',#12634);
#14511 = OVER_RIDING_STYLED_ITEM('overriding color',(#14512),#8935,
  #12617);
#14512 = PRESENTATION_STYLE_ASSIGNMENT((#14513));
#14513 = SURFACE_STYLE_USAGE(.BOTH.,#14514);
#14514 = SURFACE_SIDE_STYLE('',(#14515));
#14515 = SURFACE_STYLE_FILL_AREA(#14516);
#14516 = FILL_AREA_STYLE('',(#14517));
#14517 = FILL_AREA_STYLE_COLOUR('',#12634);
#14518 = OVER_RIDING_STYLED_ITEM('overriding color',(#14519),#8959,
  #12617);
#14519 = PRESENTATION_STYLE_ASSIGNMENT((#14520));
#14520 = SURFACE_STYLE_USAGE(.BOTH.,#14521);
#14521 = SURFACE_SIDE_STYLE('',(#14522));
#14522 = SURFACE_STYLE_FILL_AREA(#14523);
#14523 = FILL_AREA_STYLE('',(#14524));
#14524 = FILL_AREA_STYLE_COLOUR('',#12634);
#14525 = OVER_RIDING_STYLED_ITEM('overriding color',(#14526),#9001,
  #12617);
#14526 = PRESENTATION_STYLE_ASSIGNMENT((#14527));
#14527 = SURFACE_STYLE_USAGE(.BOTH.,#14528);
#14528 = SURFACE_SIDE_STYLE('',(#14529));
#14529 = SURFACE_STYLE_FILL_AREA(#14530);
#14530 = FILL_AREA_STYLE('',(#14531));
#14531 = FILL_AREA_STYLE_COLOUR('',#12634);
#14532 = OVER_RIDING_STYLED_ITEM('overriding color',(#14533),#9025,
  #12617);
#14533 = PRESENTATION_STYLE_ASSIGNMENT((#14534));
#14534 = SURFACE_STYLE_USAGE(.BOTH.,#14535);
#14535 = SURFACE_SIDE_STYLE('',(#14536));
#14536 = SURFACE_STYLE_FILL_AREA(#14537);
#14537 = FILL_AREA_STYLE('',(#14538));
#14538 = FILL_AREA_STYLE_COLOUR('',#12634);
#14539 = OVER_RIDING_STYLED_ITEM('overriding color',(#14540),#9067,
  #12617);
#14540 = PRESENTATION_STYLE_ASSIGNMENT((#14541));
#14541 = SURFACE_STYLE_USAGE(.BOTH.,#14542);
#14542 = SURFACE_SIDE_STYLE('',(#14543));
#14543 = SURFACE_STYLE_FILL_AREA(#14544);
#14544 = FILL_AREA_STYLE('',(#14545));
#14545 = FILL_AREA_STYLE_COLOUR('',#12634);
#14546 = OVER_RIDING_STYLED_ITEM('overriding color',(#14547),#9091,
  #12617);
#14547 = PRESENTATION_STYLE_ASSIGNMENT((#14548));
#14548 = SURFACE_STYLE_USAGE(.BOTH.,#14549);
#14549 = SURFACE_SIDE_STYLE('',(#14550));
#14550 = SURFACE_STYLE_FILL_AREA(#14551);
#14551 = FILL_AREA_STYLE('',(#14552));
#14552 = FILL_AREA_STYLE_COLOUR('',#12634);
#14553 = OVER_RIDING_STYLED_ITEM('overriding color',(#14554),#9133,
  #12617);
#14554 = PRESENTATION_STYLE_ASSIGNMENT((#14555));
#14555 = SURFACE_STYLE_USAGE(.BOTH.,#14556);
#14556 = SURFACE_SIDE_STYLE('',(#14557));
#14557 = SURFACE_STYLE_FILL_AREA(#14558);
#14558 = FILL_AREA_STYLE('',(#14559));
#14559 = FILL_AREA_STYLE_COLOUR('',#12634);
#14560 = OVER_RIDING_STYLED_ITEM('overriding color',(#14561),#9157,
  #12617);
#14561 = PRESENTATION_STYLE_ASSIGNMENT((#14562));
#14562 = SURFACE_STYLE_USAGE(.BOTH.,#14563);
#14563 = SURFACE_SIDE_STYLE('',(#14564));
#14564 = SURFACE_STYLE_FILL_AREA(#14565);
#14565 = FILL_AREA_STYLE('',(#14566));
#14566 = FILL_AREA_STYLE_COLOUR('',#12634);
#14567 = OVER_RIDING_STYLED_ITEM('overriding color',(#14568),#9199,
  #12617);
#14568 = PRESENTATION_STYLE_ASSIGNMENT((#14569));
#14569 = SURFACE_STYLE_USAGE(.BOTH.,#14570);
#14570 = SURFACE_SIDE_STYLE('',(#14571));
#14571 = SURFACE_STYLE_FILL_AREA(#14572);
#14572 = FILL_AREA_STYLE('',(#14573));
#14573 = FILL_AREA_STYLE_COLOUR('',#12634);
#14574 = OVER_RIDING_STYLED_ITEM('overriding color',(#14575),#9223,
  #12617);
#14575 = PRESENTATION_STYLE_ASSIGNMENT((#14576));
#14576 = SURFACE_STYLE_USAGE(.BOTH.,#14577);
#14577 = SURFACE_SIDE_STYLE('',(#14578));
#14578 = SURFACE_STYLE_FILL_AREA(#14579);
#14579 = FILL_AREA_STYLE('',(#14580));
#14580 = FILL_AREA_STYLE_COLOUR('',#12634);
#14581 = OVER_RIDING_STYLED_ITEM('overriding color',(#14582),#9265,
  #12617);
#14582 = PRESENTATION_STYLE_ASSIGNMENT((#14583));
#14583 = SURFACE_STYLE_USAGE(.BOTH.,#14584);
#14584 = SURFACE_SIDE_STYLE('',(#14585));
#14585 = SURFACE_STYLE_FILL_AREA(#14586);
#14586 = FILL_AREA_STYLE('',(#14587));
#14587 = FILL_AREA_STYLE_COLOUR('',#12634);
#14588 = OVER_RIDING_STYLED_ITEM('overriding color',(#14589),#9289,
  #12617);
#14589 = PRESENTATION_STYLE_ASSIGNMENT((#14590));
#14590 = SURFACE_STYLE_USAGE(.BOTH.,#14591);
#14591 = SURFACE_SIDE_STYLE('',(#14592));
#14592 = SURFACE_STYLE_FILL_AREA(#14593);
#14593 = FILL_AREA_STYLE('',(#14594));
#14594 = FILL_AREA_STYLE_COLOUR('',#12634);
#14595 = OVER_RIDING_STYLED_ITEM('overriding color',(#14596),#9331,
  #12617);
#14596 = PRESENTATION_STYLE_ASSIGNMENT((#14597));
#14597 = SURFACE_STYLE_USAGE(.BOTH.,#14598);
#14598 = SURFACE_SIDE_STYLE('',(#14599));
#14599 = SURFACE_STYLE_FILL_AREA(#14600);
#14600 = FILL_AREA_STYLE('',(#14601));
#14601 = FILL_AREA_STYLE_COLOUR('',#12634);
#14602 = OVER_RIDING_STYLED_ITEM('overriding color',(#14603),#9355,
  #12617);
#14603 = PRESENTATION_STYLE_ASSIGNMENT((#14604));
#14604 = SURFACE_STYLE_USAGE(.BOTH.,#14605);
#14605 = SURFACE_SIDE_STYLE('',(#14606));
#14606 = SURFACE_STYLE_FILL_AREA(#14607);
#14607 = FILL_AREA_STYLE('',(#14608));
#14608 = FILL_AREA_STYLE_COLOUR('',#12634);
#14609 = OVER_RIDING_STYLED_ITEM('overriding color',(#14610),#9397,
  #12617);
#14610 = PRESENTATION_STYLE_ASSIGNMENT((#14611));
#14611 = SURFACE_STYLE_USAGE(.BOTH.,#14612);
#14612 = SURFACE_SIDE_STYLE('',(#14613));
#14613 = SURFACE_STYLE_FILL_AREA(#14614);
#14614 = FILL_AREA_STYLE('',(#14615));
#14615 = FILL_AREA_STYLE_COLOUR('',#12634);
#14616 = OVER_RIDING_STYLED_ITEM('overriding color',(#14617),#9421,
  #12617);
#14617 = PRESENTATION_STYLE_ASSIGNMENT((#14618));
#14618 = SURFACE_STYLE_USAGE(.BOTH.,#14619);
#14619 = SURFACE_SIDE_STYLE('',(#14620));
#14620 = SURFACE_STYLE_FILL_AREA(#14621);
#14621 = FILL_AREA_STYLE('',(#14622));
#14622 = FILL_AREA_STYLE_COLOUR('',#12634);
#14623 = OVER_RIDING_STYLED_ITEM('overriding color',(#14624),#9463,
  #12617);
#14624 = PRESENTATION_STYLE_ASSIGNMENT((#14625));
#14625 = SURFACE_STYLE_USAGE(.BOTH.,#14626);
#14626 = SURFACE_SIDE_STYLE('',(#14627));
#14627 = SURFACE_STYLE_FILL_AREA(#14628);
#14628 = FILL_AREA_STYLE('',(#14629));
#14629 = FILL_AREA_STYLE_COLOUR('',#12634);
#14630 = OVER_RIDING_STYLED_ITEM('overriding color',(#14631),#9487,
  #12617);
#14631 = PRESENTATION_STYLE_ASSIGNMENT((#14632));
#14632 = SURFACE_STYLE_USAGE(.BOTH.,#14633);
#14633 = SURFACE_SIDE_STYLE('',(#14634));
#14634 = SURFACE_STYLE_FILL_AREA(#14635);
#14635 = FILL_AREA_STYLE('',(#14636));
#14636 = FILL_AREA_STYLE_COLOUR('',#12634);
#14637 = OVER_RIDING_STYLED_ITEM('overriding color',(#14638),#9529,
  #12617);
#14638 = PRESENTATION_STYLE_ASSIGNMENT((#14639));
#14639 = SURFACE_STYLE_USAGE(.BOTH.,#14640);
#14640 = SURFACE_SIDE_STYLE('',(#14641));
#14641 = SURFACE_STYLE_FILL_AREA(#14642);
#14642 = FILL_AREA_STYLE('',(#14643));
#14643 = FILL_AREA_STYLE_COLOUR('',#12634);
#14644 = OVER_RIDING_STYLED_ITEM('overriding color',(#14645),#9553,
  #12617);
#14645 = PRESENTATION_STYLE_ASSIGNMENT((#14646));
#14646 = SURFACE_STYLE_USAGE(.BOTH.,#14647);
#14647 = SURFACE_SIDE_STYLE('',(#14648));
#14648 = SURFACE_STYLE_FILL_AREA(#14649);
#14649 = FILL_AREA_STYLE('',(#14650));
#14650 = FILL_AREA_STYLE_COLOUR('',#12634);
#14651 = OVER_RIDING_STYLED_ITEM('overriding color',(#14652),#9595,
  #12617);
#14652 = PRESENTATION_STYLE_ASSIGNMENT((#14653));
#14653 = SURFACE_STYLE_USAGE(.BOTH.,#14654);
#14654 = SURFACE_SIDE_STYLE('',(#14655));
#14655 = SURFACE_STYLE_FILL_AREA(#14656);
#14656 = FILL_AREA_STYLE('',(#14657));
#14657 = FILL_AREA_STYLE_COLOUR('',#12634);
#14658 = OVER_RIDING_STYLED_ITEM('overriding color',(#14659),#9619,
  #12617);
#14659 = PRESENTATION_STYLE_ASSIGNMENT((#14660));
#14660 = SURFACE_STYLE_USAGE(.BOTH.,#14661);
#14661 = SURFACE_SIDE_STYLE('',(#14662));
#14662 = SURFACE_STYLE_FILL_AREA(#14663);
#14663 = FILL_AREA_STYLE('',(#14664));
#14664 = FILL_AREA_STYLE_COLOUR('',#12634);
#14665 = OVER_RIDING_STYLED_ITEM('overriding color',(#14666),#9661,
  #12617);
#14666 = PRESENTATION_STYLE_ASSIGNMENT((#14667));
#14667 = SURFACE_STYLE_USAGE(.BOTH.,#14668);
#14668 = SURFACE_SIDE_STYLE('',(#14669));
#14669 = SURFACE_STYLE_FILL_AREA(#14670);
#14670 = FILL_AREA_STYLE('',(#14671));
#14671 = FILL_AREA_STYLE_COLOUR('',#12634);
#14672 = OVER_RIDING_STYLED_ITEM('overriding color',(#14673),#9685,
  #12617);
#14673 = PRESENTATION_STYLE_ASSIGNMENT((#14674));
#14674 = SURFACE_STYLE_USAGE(.BOTH.,#14675);
#14675 = SURFACE_SIDE_STYLE('',(#14676));
#14676 = SURFACE_STYLE_FILL_AREA(#14677);
#14677 = FILL_AREA_STYLE('',(#14678));
#14678 = FILL_AREA_STYLE_COLOUR('',#12634);
#14679 = OVER_RIDING_STYLED_ITEM('overriding color',(#14680),#9727,
  #12617);
#14680 = PRESENTATION_STYLE_ASSIGNMENT((#14681));
#14681 = SURFACE_STYLE_USAGE(.BOTH.,#14682);
#14682 = SURFACE_SIDE_STYLE('',(#14683));
#14683 = SURFACE_STYLE_FILL_AREA(#14684);
#14684 = FILL_AREA_STYLE('',(#14685));
#14685 = FILL_AREA_STYLE_COLOUR('',#12634);
#14686 = OVER_RIDING_STYLED_ITEM('overriding color',(#14687),#9751,
  #12617);
#14687 = PRESENTATION_STYLE_ASSIGNMENT((#14688));
#14688 = SURFACE_STYLE_USAGE(.BOTH.,#14689);
#14689 = SURFACE_SIDE_STYLE('',(#14690));
#14690 = SURFACE_STYLE_FILL_AREA(#14691);
#14691 = FILL_AREA_STYLE('',(#14692));
#14692 = FILL_AREA_STYLE_COLOUR('',#12634);
#14693 = OVER_RIDING_STYLED_ITEM('overriding color',(#14694),#9793,
  #12617);
#14694 = PRESENTATION_STYLE_ASSIGNMENT((#14695));
#14695 = SURFACE_STYLE_USAGE(.BOTH.,#14696);
#14696 = SURFACE_SIDE_STYLE('',(#14697));
#14697 = SURFACE_STYLE_FILL_AREA(#14698);
#14698 = FILL_AREA_STYLE('',(#14699));
#14699 = FILL_AREA_STYLE_COLOUR('',#12634);
#14700 = OVER_RIDING_STYLED_ITEM('overriding color',(#14701),#9817,
  #12617);
#14701 = PRESENTATION_STYLE_ASSIGNMENT((#14702));
#14702 = SURFACE_STYLE_USAGE(.BOTH.,#14703);
#14703 = SURFACE_SIDE_STYLE('',(#14704));
#14704 = SURFACE_STYLE_FILL_AREA(#14705);
#14705 = FILL_AREA_STYLE('',(#14706));
#14706 = FILL_AREA_STYLE_COLOUR('',#12634);
#14707 = OVER_RIDING_STYLED_ITEM('overriding color',(#14708),#9859,
  #12617);
#14708 = PRESENTATION_STYLE_ASSIGNMENT((#14709));
#14709 = SURFACE_STYLE_USAGE(.BOTH.,#14710);
#14710 = SURFACE_SIDE_STYLE('',(#14711));
#14711 = SURFACE_STYLE_FILL_AREA(#14712);
#14712 = FILL_AREA_STYLE('',(#14713));
#14713 = FILL_AREA_STYLE_COLOUR('',#12634);
#14714 = OVER_RIDING_STYLED_ITEM('overriding color',(#14715),#9883,
  #12617);
#14715 = PRESENTATION_STYLE_ASSIGNMENT((#14716));
#14716 = SURFACE_STYLE_USAGE(.BOTH.,#14717);
#14717 = SURFACE_SIDE_STYLE('',(#14718));
#14718 = SURFACE_STYLE_FILL_AREA(#14719);
#14719 = FILL_AREA_STYLE('',(#14720));
#14720 = FILL_AREA_STYLE_COLOUR('',#12634);
#14721 = OVER_RIDING_STYLED_ITEM('overriding color',(#14722),#9925,
  #12617);
#14722 = PRESENTATION_STYLE_ASSIGNMENT((#14723));
#14723 = SURFACE_STYLE_USAGE(.BOTH.,#14724);
#14724 = SURFACE_SIDE_STYLE('',(#14725));
#14725 = SURFACE_STYLE_FILL_AREA(#14726);
#14726 = FILL_AREA_STYLE('',(#14727));
#14727 = FILL_AREA_STYLE_COLOUR('',#12634);
#14728 = OVER_RIDING_STYLED_ITEM('overriding color',(#14729),#9949,
  #12617);
#14729 = PRESENTATION_STYLE_ASSIGNMENT((#14730));
#14730 = SURFACE_STYLE_USAGE(.BOTH.,#14731);
#14731 = SURFACE_SIDE_STYLE('',(#14732));
#14732 = SURFACE_STYLE_FILL_AREA(#14733);
#14733 = FILL_AREA_STYLE('',(#14734));
#14734 = FILL_AREA_STYLE_COLOUR('',#12634);
#14735 = OVER_RIDING_STYLED_ITEM('overriding color',(#14736),#9991,
  #12617);
#14736 = PRESENTATION_STYLE_ASSIGNMENT((#14737));
#14737 = SURFACE_STYLE_USAGE(.BOTH.,#14738);
#14738 = SURFACE_SIDE_STYLE('',(#14739));
#14739 = SURFACE_STYLE_FILL_AREA(#14740);
#14740 = FILL_AREA_STYLE('',(#14741));
#14741 = FILL_AREA_STYLE_COLOUR('',#12634);
#14742 = OVER_RIDING_STYLED_ITEM('overriding color',(#14743),#10015,
  #12617);
#14743 = PRESENTATION_STYLE_ASSIGNMENT((#14744));
#14744 = SURFACE_STYLE_USAGE(.BOTH.,#14745);
#14745 = SURFACE_SIDE_STYLE('',(#14746));
#14746 = SURFACE_STYLE_FILL_AREA(#14747);
#14747 = FILL_AREA_STYLE('',(#14748));
#14748 = FILL_AREA_STYLE_COLOUR('',#12634);
#14749 = OVER_RIDING_STYLED_ITEM('overriding color',(#14750),#10057,
  #12617);
#14750 = PRESENTATION_STYLE_ASSIGNMENT((#14751));
#14751 = SURFACE_STYLE_USAGE(.BOTH.,#14752);
#14752 = SURFACE_SIDE_STYLE('',(#14753));
#14753 = SURFACE_STYLE_FILL_AREA(#14754);
#14754 = FILL_AREA_STYLE('',(#14755));
#14755 = FILL_AREA_STYLE_COLOUR('',#12634);
#14756 = OVER_RIDING_STYLED_ITEM('overriding color',(#14757),#10081,
  #12617);
#14757 = PRESENTATION_STYLE_ASSIGNMENT((#14758));
#14758 = SURFACE_STYLE_USAGE(.BOTH.,#14759);
#14759 = SURFACE_SIDE_STYLE('',(#14760));
#14760 = SURFACE_STYLE_FILL_AREA(#14761);
#14761 = FILL_AREA_STYLE('',(#14762));
#14762 = FILL_AREA_STYLE_COLOUR('',#12634);
#14763 = OVER_RIDING_STYLED_ITEM('overriding color',(#14764),#10123,
  #12617);
#14764 = PRESENTATION_STYLE_ASSIGNMENT((#14765));
#14765 = SURFACE_STYLE_USAGE(.BOTH.,#14766);
#14766 = SURFACE_SIDE_STYLE('',(#14767));
#14767 = SURFACE_STYLE_FILL_AREA(#14768);
#14768 = FILL_AREA_STYLE('',(#14769));
#14769 = FILL_AREA_STYLE_COLOUR('',#12634);
#14770 = OVER_RIDING_STYLED_ITEM('overriding color',(#14771),#10147,
  #12617);
#14771 = PRESENTATION_STYLE_ASSIGNMENT((#14772));
#14772 = SURFACE_STYLE_USAGE(.BOTH.,#14773);
#14773 = SURFACE_SIDE_STYLE('',(#14774));
#14774 = SURFACE_STYLE_FILL_AREA(#14775);
#14775 = FILL_AREA_STYLE('',(#14776));
#14776 = FILL_AREA_STYLE_COLOUR('',#12634);
#14777 = OVER_RIDING_STYLED_ITEM('overriding color',(#14778),#10189,
  #12617);
#14778 = PRESENTATION_STYLE_ASSIGNMENT((#14779));
#14779 = SURFACE_STYLE_USAGE(.BOTH.,#14780);
#14780 = SURFACE_SIDE_STYLE('',(#14781));
#14781 = SURFACE_STYLE_FILL_AREA(#14782);
#14782 = FILL_AREA_STYLE('',(#14783));
#14783 = FILL_AREA_STYLE_COLOUR('',#12634);
#14784 = OVER_RIDING_STYLED_ITEM('overriding color',(#14785),#10213,
  #12617);
#14785 = PRESENTATION_STYLE_ASSIGNMENT((#14786));
#14786 = SURFACE_STYLE_USAGE(.BOTH.,#14787);
#14787 = SURFACE_SIDE_STYLE('',(#14788));
#14788 = SURFACE_STYLE_FILL_AREA(#14789);
#14789 = FILL_AREA_STYLE('',(#14790));
#14790 = FILL_AREA_STYLE_COLOUR('',#12634);
#14791 = OVER_RIDING_STYLED_ITEM('overriding color',(#14792),#10255,
  #12617);
#14792 = PRESENTATION_STYLE_ASSIGNMENT((#14793));
#14793 = SURFACE_STYLE_USAGE(.BOTH.,#14794);
#14794 = SURFACE_SIDE_STYLE('',(#14795));
#14795 = SURFACE_STYLE_FILL_AREA(#14796);
#14796 = FILL_AREA_STYLE('',(#14797));
#14797 = FILL_AREA_STYLE_COLOUR('',#12634);
#14798 = OVER_RIDING_STYLED_ITEM('overriding color',(#14799),#10279,
  #12617);
#14799 = PRESENTATION_STYLE_ASSIGNMENT((#14800));
#14800 = SURFACE_STYLE_USAGE(.BOTH.,#14801);
#14801 = SURFACE_SIDE_STYLE('',(#14802));
#14802 = SURFACE_STYLE_FILL_AREA(#14803);
#14803 = FILL_AREA_STYLE('',(#14804));
#14804 = FILL_AREA_STYLE_COLOUR('',#12634);
#14805 = OVER_RIDING_STYLED_ITEM('overriding color',(#14806),#10321,
  #12617);
#14806 = PRESENTATION_STYLE_ASSIGNMENT((#14807));
#14807 = SURFACE_STYLE_USAGE(.BOTH.,#14808);
#14808 = SURFACE_SIDE_STYLE('',(#14809));
#14809 = SURFACE_STYLE_FILL_AREA(#14810);
#14810 = FILL_AREA_STYLE('',(#14811));
#14811 = FILL_AREA_STYLE_COLOUR('',#12634);
#14812 = OVER_RIDING_STYLED_ITEM('overriding color',(#14813),#10345,
  #12617);
#14813 = PRESENTATION_STYLE_ASSIGNMENT((#14814));
#14814 = SURFACE_STYLE_USAGE(.BOTH.,#14815);
#14815 = SURFACE_SIDE_STYLE('',(#14816));
#14816 = SURFACE_STYLE_FILL_AREA(#14817);
#14817 = FILL_AREA_STYLE('',(#14818));
#14818 = FILL_AREA_STYLE_COLOUR('',#12634);
#14819 = OVER_RIDING_STYLED_ITEM('overriding color',(#14820),#10387,
  #12617);
#14820 = PRESENTATION_STYLE_ASSIGNMENT((#14821));
#14821 = SURFACE_STYLE_USAGE(.BOTH.,#14822);
#14822 = SURFACE_SIDE_STYLE('',(#14823));
#14823 = SURFACE_STYLE_FILL_AREA(#14824);
#14824 = FILL_AREA_STYLE('',(#14825));
#14825 = FILL_AREA_STYLE_COLOUR('',#12634);
#14826 = OVER_RIDING_STYLED_ITEM('overriding color',(#14827),#10411,
  #12617);
#14827 = PRESENTATION_STYLE_ASSIGNMENT((#14828));
#14828 = SURFACE_STYLE_USAGE(.BOTH.,#14829);
#14829 = SURFACE_SIDE_STYLE('',(#14830));
#14830 = SURFACE_STYLE_FILL_AREA(#14831);
#14831 = FILL_AREA_STYLE('',(#14832));
#14832 = FILL_AREA_STYLE_COLOUR('',#12634);
#14833 = OVER_RIDING_STYLED_ITEM('overriding color',(#14834),#10453,
  #12617);
#14834 = PRESENTATION_STYLE_ASSIGNMENT((#14835));
#14835 = SURFACE_STYLE_USAGE(.BOTH.,#14836);
#14836 = SURFACE_SIDE_STYLE('',(#14837));
#14837 = SURFACE_STYLE_FILL_AREA(#14838);
#14838 = FILL_AREA_STYLE('',(#14839));
#14839 = FILL_AREA_STYLE_COLOUR('',#12634);
#14840 = OVER_RIDING_STYLED_ITEM('overriding color',(#14841),#10477,
  #12617);
#14841 = PRESENTATION_STYLE_ASSIGNMENT((#14842));
#14842 = SURFACE_STYLE_USAGE(.BOTH.,#14843);
#14843 = SURFACE_SIDE_STYLE('',(#14844));
#14844 = SURFACE_STYLE_FILL_AREA(#14845);
#14845 = FILL_AREA_STYLE('',(#14846));
#14846 = FILL_AREA_STYLE_COLOUR('',#12634);
#14847 = OVER_RIDING_STYLED_ITEM('overriding color',(#14848),#10519,
  #12617);
#14848 = PRESENTATION_STYLE_ASSIGNMENT((#14849));
#14849 = SURFACE_STYLE_USAGE(.BOTH.,#14850);
#14850 = SURFACE_SIDE_STYLE('',(#14851));
#14851 = SURFACE_STYLE_FILL_AREA(#14852);
#14852 = FILL_AREA_STYLE('',(#14853));
#14853 = FILL_AREA_STYLE_COLOUR('',#12634);
#14854 = OVER_RIDING_STYLED_ITEM('overriding color',(#14855),#10543,
  #12617);
#14855 = PRESENTATION_STYLE_ASSIGNMENT((#14856));
#14856 = SURFACE_STYLE_USAGE(.BOTH.,#14857);
#14857 = SURFACE_SIDE_STYLE('',(#14858));
#14858 = SURFACE_STYLE_FILL_AREA(#14859);
#14859 = FILL_AREA_STYLE('',(#14860));
#14860 = FILL_AREA_STYLE_COLOUR('',#12634);
#14861 = OVER_RIDING_STYLED_ITEM('overriding color',(#14862),#10585,
  #12617);
#14862 = PRESENTATION_STYLE_ASSIGNMENT((#14863));
#14863 = SURFACE_STYLE_USAGE(.BOTH.,#14864);
#14864 = SURFACE_SIDE_STYLE('',(#14865));
#14865 = SURFACE_STYLE_FILL_AREA(#14866);
#14866 = FILL_AREA_STYLE('',(#14867));
#14867 = FILL_AREA_STYLE_COLOUR('',#12634);
#14868 = OVER_RIDING_STYLED_ITEM('overriding color',(#14869),#10609,
  #12617);
#14869 = PRESENTATION_STYLE_ASSIGNMENT((#14870));
#14870 = SURFACE_STYLE_USAGE(.BOTH.,#14871);
#14871 = SURFACE_SIDE_STYLE('',(#14872));
#14872 = SURFACE_STYLE_FILL_AREA(#14873);
#14873 = FILL_AREA_STYLE('',(#14874));
#14874 = FILL_AREA_STYLE_COLOUR('',#12634);
#14875 = OVER_RIDING_STYLED_ITEM('overriding color',(#14876),#10651,
  #12617);
#14876 = PRESENTATION_STYLE_ASSIGNMENT((#14877));
#14877 = SURFACE_STYLE_USAGE(.BOTH.,#14878);
#14878 = SURFACE_SIDE_STYLE('',(#14879));
#14879 = SURFACE_STYLE_FILL_AREA(#14880);
#14880 = FILL_AREA_STYLE('',(#14881));
#14881 = FILL_AREA_STYLE_COLOUR('',#12634);
#14882 = OVER_RIDING_STYLED_ITEM('overriding color',(#14883),#10675,
  #12617);
#14883 = PRESENTATION_STYLE_ASSIGNMENT((#14884));
#14884 = SURFACE_STYLE_USAGE(.BOTH.,#14885);
#14885 = SURFACE_SIDE_STYLE('',(#14886));
#14886 = SURFACE_STYLE_FILL_AREA(#14887);
#14887 = FILL_AREA_STYLE('',(#14888));
#14888 = FILL_AREA_STYLE_COLOUR('',#12634);
#14889 = OVER_RIDING_STYLED_ITEM('overriding color',(#14890),#10717,
  #12617);
#14890 = PRESENTATION_STYLE_ASSIGNMENT((#14891));
#14891 = SURFACE_STYLE_USAGE(.BOTH.,#14892);
#14892 = SURFACE_SIDE_STYLE('',(#14893));
#14893 = SURFACE_STYLE_FILL_AREA(#14894);
#14894 = FILL_AREA_STYLE('',(#14895));
#14895 = FILL_AREA_STYLE_COLOUR('',#12634);
#14896 = OVER_RIDING_STYLED_ITEM('overriding color',(#14897),#10741,
  #12617);
#14897 = PRESENTATION_STYLE_ASSIGNMENT((#14898));
#14898 = SURFACE_STYLE_USAGE(.BOTH.,#14899);
#14899 = SURFACE_SIDE_STYLE('',(#14900));
#14900 = SURFACE_STYLE_FILL_AREA(#14901);
#14901 = FILL_AREA_STYLE('',(#14902));
#14902 = FILL_AREA_STYLE_COLOUR('',#12634);
#14903 = OVER_RIDING_STYLED_ITEM('overriding color',(#14904),#10783,
  #12617);
#14904 = PRESENTATION_STYLE_ASSIGNMENT((#14905));
#14905 = SURFACE_STYLE_USAGE(.BOTH.,#14906);
#14906 = SURFACE_SIDE_STYLE('',(#14907));
#14907 = SURFACE_STYLE_FILL_AREA(#14908);
#14908 = FILL_AREA_STYLE('',(#14909));
#14909 = FILL_AREA_STYLE_COLOUR('',#12634);
#14910 = OVER_RIDING_STYLED_ITEM('overriding color',(#14911),#10807,
  #12617);
#14911 = PRESENTATION_STYLE_ASSIGNMENT((#14912));
#14912 = SURFACE_STYLE_USAGE(.BOTH.,#14913);
#14913 = SURFACE_SIDE_STYLE('',(#14914));
#14914 = SURFACE_STYLE_FILL_AREA(#14915);
#14915 = FILL_AREA_STYLE('',(#14916));
#14916 = FILL_AREA_STYLE_COLOUR('',#12634);
#14917 = OVER_RIDING_STYLED_ITEM('overriding color',(#14918),#10849,
  #12617);
#14918 = PRESENTATION_STYLE_ASSIGNMENT((#14919));
#14919 = SURFACE_STYLE_USAGE(.BOTH.,#14920);
#14920 = SURFACE_SIDE_STYLE('',(#14921));
#14921 = SURFACE_STYLE_FILL_AREA(#14922);
#14922 = FILL_AREA_STYLE('',(#14923));
#14923 = FILL_AREA_STYLE_COLOUR('',#12634);
#14924 = OVER_RIDING_STYLED_ITEM('overriding color',(#14925),#10873,
  #12617);
#14925 = PRESENTATION_STYLE_ASSIGNMENT((#14926));
#14926 = SURFACE_STYLE_USAGE(.BOTH.,#14927);
#14927 = SURFACE_SIDE_STYLE('',(#14928));
#14928 = SURFACE_STYLE_FILL_AREA(#14929);
#14929 = FILL_AREA_STYLE('',(#14930));
#14930 = FILL_AREA_STYLE_COLOUR('',#12634);
#14931 = OVER_RIDING_STYLED_ITEM('overriding color',(#14932),#10915,
  #12617);
#14932 = PRESENTATION_STYLE_ASSIGNMENT((#14933));
#14933 = SURFACE_STYLE_USAGE(.BOTH.,#14934);
#14934 = SURFACE_SIDE_STYLE('',(#14935));
#14935 = SURFACE_STYLE_FILL_AREA(#14936);
#14936 = FILL_AREA_STYLE('',(#14937));
#14937 = FILL_AREA_STYLE_COLOUR('',#12634);
#14938 = OVER_RIDING_STYLED_ITEM('overriding color',(#14939),#10939,
  #12617);
#14939 = PRESENTATION_STYLE_ASSIGNMENT((#14940));
#14940 = SURFACE_STYLE_USAGE(.BOTH.,#14941);
#14941 = SURFACE_SIDE_STYLE('',(#14942));
#14942 = SURFACE_STYLE_FILL_AREA(#14943);
#14943 = FILL_AREA_STYLE('',(#14944));
#14944 = FILL_AREA_STYLE_COLOUR('',#12634);
#14945 = OVER_RIDING_STYLED_ITEM('overriding color',(#14946),#10981,
  #12617);
#14946 = PRESENTATION_STYLE_ASSIGNMENT((#14947));
#14947 = SURFACE_STYLE_USAGE(.BOTH.,#14948);
#14948 = SURFACE_SIDE_STYLE('',(#14949));
#14949 = SURFACE_STYLE_FILL_AREA(#14950);
#14950 = FILL_AREA_STYLE('',(#14951));
#14951 = FILL_AREA_STYLE_COLOUR('',#12634);
#14952 = OVER_RIDING_STYLED_ITEM('overriding color',(#14953),#11005,
  #12617);
#14953 = PRESENTATION_STYLE_ASSIGNMENT((#14954));
#14954 = SURFACE_STYLE_USAGE(.BOTH.,#14955);
#14955 = SURFACE_SIDE_STYLE('',(#14956));
#14956 = SURFACE_STYLE_FILL_AREA(#14957);
#14957 = FILL_AREA_STYLE('',(#14958));
#14958 = FILL_AREA_STYLE_COLOUR('',#12634);
#14959 = OVER_RIDING_STYLED_ITEM('overriding color',(#14960),#11047,
  #12617);
#14960 = PRESENTATION_STYLE_ASSIGNMENT((#14961));
#14961 = SURFACE_STYLE_USAGE(.BOTH.,#14962);
#14962 = SURFACE_SIDE_STYLE('',(#14963));
#14963 = SURFACE_STYLE_FILL_AREA(#14964);
#14964 = FILL_AREA_STYLE('',(#14965));
#14965 = FILL_AREA_STYLE_COLOUR('',#12634);
#14966 = OVER_RIDING_STYLED_ITEM('overriding color',(#14967),#11071,
  #12617);
#14967 = PRESENTATION_STYLE_ASSIGNMENT((#14968));
#14968 = SURFACE_STYLE_USAGE(.BOTH.,#14969);
#14969 = SURFACE_SIDE_STYLE('',(#14970));
#14970 = SURFACE_STYLE_FILL_AREA(#14971);
#14971 = FILL_AREA_STYLE('',(#14972));
#14972 = FILL_AREA_STYLE_COLOUR('',#12634);
#14973 = OVER_RIDING_STYLED_ITEM('overriding color',(#14974),#11113,
  #12617);
#14974 = PRESENTATION_STYLE_ASSIGNMENT((#14975));
#14975 = SURFACE_STYLE_USAGE(.BOTH.,#14976);
#14976 = SURFACE_SIDE_STYLE('',(#14977));
#14977 = SURFACE_STYLE_FILL_AREA(#14978);
#14978 = FILL_AREA_STYLE('',(#14979));
#14979 = FILL_AREA_STYLE_COLOUR('',#12634);
#14980 = OVER_RIDING_STYLED_ITEM('overriding color',(#14981),#11137,
  #12617);
#14981 = PRESENTATION_STYLE_ASSIGNMENT((#14982));
#14982 = SURFACE_STYLE_USAGE(.BOTH.,#14983);
#14983 = SURFACE_SIDE_STYLE('',(#14984));
#14984 = SURFACE_STYLE_FILL_AREA(#14985);
#14985 = FILL_AREA_STYLE('',(#14986));
#14986 = FILL_AREA_STYLE_COLOUR('',#12634);
#14987 = OVER_RIDING_STYLED_ITEM('overriding color',(#14988),#11179,
  #12617);
#14988 = PRESENTATION_STYLE_ASSIGNMENT((#14989));
#14989 = SURFACE_STYLE_USAGE(.BOTH.,#14990);
#14990 = SURFACE_SIDE_STYLE('',(#14991));
#14991 = SURFACE_STYLE_FILL_AREA(#14992);
#14992 = FILL_AREA_STYLE('',(#14993));
#14993 = FILL_AREA_STYLE_COLOUR('',#12634);
#14994 = OVER_RIDING_STYLED_ITEM('overriding color',(#14995),#11203,
  #12617);
#14995 = PRESENTATION_STYLE_ASSIGNMENT((#14996));
#14996 = SURFACE_STYLE_USAGE(.BOTH.,#14997);
#14997 = SURFACE_SIDE_STYLE('',(#14998));
#14998 = SURFACE_STYLE_FILL_AREA(#14999);
#14999 = FILL_AREA_STYLE('',(#15000));
#15000 = FILL_AREA_STYLE_COLOUR('',#12634);
#15001 = OVER_RIDING_STYLED_ITEM('overriding color',(#15002),#11245,
  #12617);
#15002 = PRESENTATION_STYLE_ASSIGNMENT((#15003));
#15003 = SURFACE_STYLE_USAGE(.BOTH.,#15004);
#15004 = SURFACE_SIDE_STYLE('',(#15005));
#15005 = SURFACE_STYLE_FILL_AREA(#15006);
#15006 = FILL_AREA_STYLE('',(#15007));
#15007 = FILL_AREA_STYLE_COLOUR('',#12634);
ENDSEC;
END-ISO-10303-21;
