ISO-10303-21;
HEADER;
FILE_DESCRIPTION (( 'STEP AP214' ),
    '1' );
FILE_NAME ('25物流车1.0-抓取机构-cnc-yaw轴转接1.STEP',
    '2024-11-11T07:09:00',
    ( '' ),
    ( '' ),
    'SwSTEP 2.0',
    'SolidWorks 2021',
    '' );
FILE_SCHEMA (( 'AUTOMOTIVE_DESIGN' ));
ENDSEC;

DATA;
#1 = LINE ( 'NONE', #691, #864 ) ;
#2 = FACE_OUTER_BOUND ( 'NONE', #452, .T. ) ;
#3 = ORIENTED_EDGE ( 'NONE', *, *, #1044, .F. ) ;
#4 = CIRCLE ( 'NONE', #605, 3.050000000000000711 ) ;
#5 = VERTEX_POINT ( 'NONE', #163 ) ;
#6 = EDGE_LOOP ( 'NONE', ( #1436, #772 ) ) ;
#7 = DIRECTION ( 'NONE',  ( -0.000000000000000000, -1.000000000000000000, -0.000000000000000000 ) ) ;
#8 = CARTESIAN_POINT ( 'NONE',  ( -2.172915281875351656, 4.000000000000000000, 30.82232134546624636 ) ) ;
#9 = CARTESIAN_POINT ( 'NONE',  ( 17.27904176736258890, 10.00000000000000000, 21.76429910660401745 ) ) ;
#10 = CIRCLE ( 'NONE', #617, 6.650000000000017231 ) ;
#11 = EDGE_LOOP ( 'NONE', ( #1183, #1165, #445, #1322 ) ) ;
#12 = AXIS2_PLACEMENT_3D ( 'NONE', #338, #369, #595 ) ;
#13 = ORIENTED_EDGE ( 'NONE', *, *, #678, .T. ) ;
#14 = DIRECTION ( 'NONE',  ( 0.000000000000000000, 1.000000000000000000, 0.000000000000000000 ) ) ;
#15 = CARTESIAN_POINT ( 'NONE',  ( 36.73099881660051125, 10.00000000000000000, 10.45627686774178677 ) ) ;
#16 = EDGE_LOOP ( 'NONE', ( #580, #122 ) ) ;
#17 = CARTESIAN_POINT ( 'NONE',  ( -2.172915281875351656, 10.00000000000000000, 33.07232134546624991 ) ) ;
#18 = EDGE_CURVE ( 'NONE', #1377, #334, #622, .T. ) ;
#19 = EDGE_CURVE ( 'NONE', #936, #1063, #856, .T. ) ;
#20 = VERTEX_POINT ( 'NONE', #736 ) ;
#21 = EDGE_LOOP ( 'NONE', ( #594, #964, #391, #1140 ) ) ;
#22 = AXIS2_PLACEMENT_3D ( 'NONE', #528, #991, #1310 ) ;
#23 = CARTESIAN_POINT ( 'NONE',  ( 17.27904176736258890, 0.4000000000000027978, 21.76429910660401745 ) ) ;
#24 = EDGE_LOOP ( 'NONE', ( #715, #851, #1056, #537 ) ) ;
#25 = CARTESIAN_POINT ( 'NONE',  ( 12.12435565298363116, 0.000000000000000000, 6.999999999999138467 ) ) ;
#26 = APPLICATION_CONTEXT ( 'automotive_design' ) ;
#27 = CARTESIAN_POINT ( 'NONE',  ( -10.36279037207839693, 4.000000000000000000, -19.13492923597753759 ) ) ;
#28 = ORIENTED_EDGE ( 'NONE', *, *, #818, .T. ) ;
#29 = EDGE_CURVE ( 'NONE', #1243, #1176, #188, .T. ) ;
#30 = ORIENTED_EDGE ( 'NONE', *, *, #775, .T. ) ;
#31 = CARTESIAN_POINT ( 'NONE',  ( 9.089166677159520091, 4.000000000000000000, -37.09295147483976507 ) ) ;
#32 = LINE ( 'NONE', #490, #231 ) ;
#33 = LINE ( 'NONE', #491, #259 ) ;
#34 = ORIENTED_EDGE ( 'NONE', *, *, #1053, .T. ) ;
#35 = VERTEX_POINT ( 'NONE', #869 ) ;
#36 = EDGE_CURVE ( 'NONE', #1245, #1459, #128, .T. ) ;
#37 = CIRCLE ( 'NONE', #876, 6.650000000000017231 ) ;
#38 = DIRECTION ( 'NONE',  ( -0.5025787661716548671, 0.000000000000000000, -0.8645314244105746226 ) ) ;
#39 = CONICAL_SURFACE ( 'NONE', #1410, 6.650000000000017231, 0.7853981633974442822 ) ;
#40 = LINE ( 'NONE', #610, #907 ) ;
#41 = CYLINDRICAL_SURFACE ( 'NONE', #1369, 2.050000000001470646 ) ;
#42 = VERTEX_POINT ( 'NONE', #1332 ) ;
#43 = VERTEX_POINT ( 'NONE', #1321 ) ;
#44 = DIRECTION ( 'NONE',  ( 0.8645314244105746226, 0.000000000000000000, -0.5025787661716548671 ) ) ;
#45 = CIRCLE ( 'NONE', #185, 2.250000000000001776 ) ;
#46 = CIRCLE ( 'NONE', #458, 7.000000000000000000 ) ;
#47 = ADVANCED_FACE ( 'NONE', ( #1337 ), #295, .F. ) ;
#48 = DIRECTION ( 'NONE',  ( -0.000000000000000000, 1.000000000000000000, -0.000000000000000000 ) ) ;
#49 = CARTESIAN_POINT ( 'NONE',  ( -18.09283558217966004, 0.000000000000000000, -31.12313127878085339 ) ) ;
#50 = ORIENTED_EDGE ( 'NONE', *, *, #73, .T. ) ;
#51 = CARTESIAN_POINT ( 'NONE',  ( 17.27904176736258890, 0.4000000000000027978, 24.81429910660401816 ) ) ;
#52 = DIRECTION ( 'NONE',  ( 0.000000000000000000, 0.000000000000000000, -1.000000000000000000 ) ) ;
#53 = CIRCLE ( 'NONE', #240, 2.250000000000001776 ) ;
#54 = EDGE_CURVE ( 'NONE', #1057, #1338, #4, .T. ) ;
#55 = ORIENTED_EDGE ( 'NONE', *, *, #753, .T. ) ;
#56 = DIRECTION ( 'NONE',  ( 0.000000000000000000, 0.000000000000000000, -1.000000000000000000 ) ) ;
#57 = CARTESIAN_POINT ( 'NONE',  ( -29.81474742131632283, 0.000000000000000000, -14.47690699711531082 ) ) ;
#58 = ORIENTED_EDGE ( 'NONE', *, *, #1072, .T. ) ;
#59 = CARTESIAN_POINT ( 'NONE',  ( 1.984376143571862200E-12, 4.000000000000000000, 11.94999999999775397 ) ) ;
#60 = CIRCLE ( 'NONE', #448, 2.050000000002246026 ) ;
#61 = CARTESIAN_POINT ( 'NONE',  ( 2.510525938252073693E-16, 4.000000000000000000, -11.95000000000000107 ) ) ;
#62 = CIRCLE ( 'NONE', #639, 2.050000000000279154 ) ;
#63 = CARTESIAN_POINT ( 'NONE',  ( 0.000000000000000000, 0.000000000000000000, -14.00000000000000000 ) ) ;
#64 = DIRECTION ( 'NONE',  ( 0.000000000000000000, 1.000000000000000000, 0.000000000000000000 ) ) ;
#65 = EDGE_CURVE ( 'NONE', #226, #1051, #1115, .T. ) ;
#66 = CARTESIAN_POINT ( 'NONE',  ( -10.36279037207839693, 4.000000000000000000, -25.78492923597755393 ) ) ;
#67 = DIRECTION ( 'NONE',  ( 0.000000000000000000, -0.000000000000000000, 1.000000000000000000 ) ) ;
#68 = AXIS2_PLACEMENT_3D ( 'NONE', #1447, #861, #1325 ) ;
#69 = CONICAL_SURFACE ( 'NONE', #910, 6.650000000000017231, 0.7853981633974442822 ) ;
#70 = FACE_BOUND ( 'NONE', #352, .T. ) ;
#71 = DIRECTION ( 'NONE',  ( 0.000000000000000000, 1.000000000000000000, 0.000000000000000000 ) ) ;
#72 = ORIENTED_EDGE ( 'NONE', *, *, #1482, .T. ) ;
#73 = EDGE_CURVE ( 'NONE', #431, #1014, #1091, .T. ) ;
#74 = CARTESIAN_POINT ( 'NONE',  ( 36.73099881660051125, 10.00000000000000000, 10.45627686774178677 ) ) ;
#75 = CARTESIAN_POINT ( 'NONE',  ( 17.27904176736258890, 0.000000000000000000, 21.76429910660401745 ) ) ;
#76 = DIRECTION ( 'NONE',  ( 0.000000000000000000, 0.000000000000000000, 1.000000000000000000 ) ) ;
#77 = AXIS2_PLACEMENT_3D ( 'NONE', #415, #289, #1114 ) ;
#78 = FACE_OUTER_BOUND ( 'NONE', #755, .T. ) ;
#79 = CARTESIAN_POINT ( 'NONE',  ( -29.81474742131632283, 0.000000000000000000, -14.47690699711531082 ) ) ;
#80 = CARTESIAN_POINT ( 'NONE',  ( -29.81474742131632283, 0.000000000000000000, -12.22690699711531082 ) ) ;
#81 = EDGE_CURVE ( 'NONE', #923, #396, #918, .T. ) ;
#82 = DIRECTION ( 'NONE',  ( 0.000000000000000000, -1.000000000000000000, 0.000000000000000000 ) ) ;
#83 = EDGE_LOOP ( 'NONE', ( #551, #922, #928, #553, #570, #606 ) ) ;
#84 = DIRECTION ( 'NONE',  ( 0.000000000000000000, 1.000000000000000000, 0.000000000000000000 ) ) ;
#85 = DIRECTION ( 'NONE',  ( -0.000000000000000000, -1.000000000000000000, -0.000000000000000000 ) ) ;
#86 = ORIENTED_EDGE ( 'NONE', *, *, #478, .T. ) ;
#87 = CYLINDRICAL_SURFACE ( 'NONE', #926, 2.250000000000001776 ) ;
#88 = EDGE_CURVE ( 'NONE', #810, #325, #315, .T. ) ;
#89 = LINE ( 'NONE', #457, #1345 ) ;
#90 = MECHANICAL_DESIGN_GEOMETRIC_PRESENTATION_REPRESENTATION (  '', ( #547 ), #1156 ) ;
#91 = CARTESIAN_POINT ( 'NONE',  ( -26.80047415672791544, 4.000000000000000000, 15.57994175132135517 ) ) ;
#92 = ORIENTED_EDGE ( 'NONE', *, *, #712, .T. ) ;
#93 =( NAMED_UNIT ( * ) PLANE_ANGLE_UNIT ( ) SI_UNIT ( $, .RADIAN. ) );
#94 = EDGE_LOOP ( 'NONE', ( #857, #824, #616, #1067 ) ) ;
#95 = DIRECTION ( 'NONE',  ( 0.000000000000000000, 0.000000000000000000, -1.000000000000000000 ) ) ;
#96 = ORIENTED_EDGE ( 'NONE', *, *, #1446, .T. ) ;
#97 = CARTESIAN_POINT ( 'NONE',  ( -26.80047415672791544, 0.000000000000000000, 15.57994175132135517 ) ) ;
#98 = EDGE_CURVE ( 'NONE', #710, #1351, #1287, .T. ) ;
#99 = CYLINDRICAL_SURFACE ( 'NONE', #822, 2.050000000000279154 ) ;
#100 = EDGE_CURVE ( 'NONE', #1459, #1245, #1426, .T. ) ;
#101 = AXIS2_PLACEMENT_3D ( 'NONE', #1450, #1429, #645 ) ;
#102 = ORIENTED_EDGE ( 'NONE', *, *, #191, .F. ) ;
#103 = VERTEX_POINT ( 'NONE', #301 ) ;
#104 = VERTEX_POINT ( 'NONE', #730 ) ;
#105 = DIRECTION ( 'NONE',  ( 0.000000000000000000, 0.000000000000000000, -1.000000000000000000 ) ) ;
#106 = DIRECTION ( 'NONE',  ( 0.000000000000000000, 0.000000000000000000, -1.000000000000000000 ) ) ;
#107 = VECTOR ( 'NONE', #1278, 1000.000000000000000 ) ;
#108 = ORIENTED_EDGE ( 'NONE', *, *, #607, .T. ) ;
#109 = DIRECTION ( 'NONE',  ( 0.000000000000000000, 0.000000000000000000, -1.000000000000000000 ) ) ;
#110 = VECTOR ( 'NONE', #1124, 1000.000000000000000 ) ;
#111 = ORIENTED_EDGE ( 'NONE', *, *, #264, .F. ) ;
#112 = CIRCLE ( 'NONE', #1099, 2.250000000000001776 ) ;
#113 = ADVANCED_FACE ( 'NONE', ( #78 ), #169, .F. ) ;
#114 = ORIENTED_EDGE ( 'NONE', *, *, #1072, .F. ) ;
#115 = CARTESIAN_POINT ( 'NONE',  ( 36.73099881660051125, 0.000000000000000000, 8.206276867741784997 ) ) ;
#116 = ORIENTED_EDGE ( 'NONE', *, *, #409, .F. ) ;
#117 = DIRECTION ( 'NONE',  ( -0.000000000000000000, -1.000000000000000000, -0.000000000000000000 ) ) ;
#118 = DIRECTION ( 'NONE',  ( 0.000000000000000000, 0.000000000000000000, 1.000000000000000000 ) ) ;
#119 = AXIS2_PLACEMENT_3D ( 'NONE', #1354, #1125, #446 ) ;
#120 = ORIENTED_EDGE ( 'NONE', *, *, #732, .F. ) ;
#121 = SURFACE_SIDE_STYLE ('',( #1395 ) ) ;
#122 = ORIENTED_EDGE ( 'NONE', *, *, #1428, .T. ) ;
#123 = PLANE ( 'NONE',  #1195 ) ;
#124 = ORIENTED_EDGE ( 'NONE', *, *, #18, .T. ) ;
#125 = LINE ( 'NONE', #130, #1462 ) ;
#126 = DIRECTION ( 'NONE',  ( 0.000000000000000000, 0.000000000000000000, 1.000000000000000000 ) ) ;
#127 = VERTEX_POINT ( 'NONE', #407 ) ;
#128 = CIRCLE ( 'NONE', #1214, 2.250000000000001776 ) ;
#129 = CARTESIAN_POINT ( 'NONE',  ( -10.36279037207839693, 4.000000000000000000, -19.13492923597753759 ) ) ;
#130 = CARTESIAN_POINT ( 'NONE',  ( 17.27904176736258890, 10.00000000000000000, 18.71429910660401674 ) ) ;
#131 = EDGE_CURVE ( 'NONE', #1147, #416, #269, .T. ) ;
#132 = ADVANCED_FACE ( 'NONE', ( #1098 ), #341, .F. ) ;
#133 = LINE ( 'NONE', #255, #447 ) ;
#134 = AXIS2_PLACEMENT_3D ( 'NONE', #1399, #1055, #839 ) ;
#135 = VECTOR ( 'NONE', #719, 999.9999999999998863 ) ;
#136 = ORIENTED_EDGE ( 'NONE', *, *, #181, .F. ) ;
#137 = AXIS2_PLACEMENT_3D ( 'NONE', #193, #655, #1118 ) ;
#138 = FACE_OUTER_BOUND ( 'NONE', #1301, .T. ) ;
#139 = LINE ( 'NONE', #356, #883 ) ;
#140 = EDGE_CURVE ( 'NONE', #673, #42, #1449, .T. ) ;
#141 = FACE_OUTER_BOUND ( 'NONE', #1439, .T. ) ;
#142 = EDGE_LOOP ( 'NONE', ( #849, #1107 ) ) ;
#143 = AXIS2_PLACEMENT_3D ( 'NONE', #683, #117, #575 ) ;
#144 = EDGE_LOOP ( 'NONE', ( #1276, #1384 ) ) ;
#145 = AXIS2_PLACEMENT_3D ( 'NONE', #1262, #1341, #306 ) ;
#146 = CARTESIAN_POINT ( 'NONE',  ( 9.089166677159520091, 10.00000000000000000, -39.34295147483976507 ) ) ;
#147 = FILL_AREA_STYLE ('',( #236 ) ) ;
#148 = DIRECTION ( 'NONE',  ( 0.000000000000000000, 0.000000000000000000, 1.000000000000000000 ) ) ;
#149 = ORIENTED_EDGE ( 'NONE', *, *, #191, .T. ) ;
#150 = EDGE_CURVE ( 'NONE', #685, #493, #663, .T. ) ;
#151 = EDGE_LOOP ( 'NONE', ( #1381, #28, #1151, #931 ) ) ;
#152 = AXIS2_PLACEMENT_3D ( 'NONE', #57, #516, #1206 ) ;
#153 = CARTESIAN_POINT ( 'NONE',  ( 0.000000000000000000, 2.499999999999998668, 0.000000000000000000 ) ) ;
#154 = CARTESIAN_POINT ( 'NONE',  ( 1.984627196165687267E-12, 4.000000000000000000, 16.05000000000224603 ) ) ;
#155 = CARTESIAN_POINT ( 'NONE',  ( 0.000000000000000000, 4.000000000000000000, -16.05000000000000071 ) ) ;
#156 = ORIENTED_EDGE ( 'NONE', *, *, #429, .T. ) ;
#157 = EDGE_LOOP ( 'NONE', ( #933, #1257, #55, #474 ) ) ;
#158 = CIRCLE ( 'NONE', #12, 2.250000000000001776 ) ;
#159 = ADVANCED_FACE ( 'NONE', ( #1153 ), #438, .T. ) ;
#160 = CARTESIAN_POINT ( 'NONE',  ( 0.000000000000000000, -2.000000000000000000, 0.000000000000000000 ) ) ;
#161 = VECTOR ( 'NONE', #758, 1000.000000000000000 ) ;
#162 = DIRECTION ( 'NONE',  ( -0.000000000000000000, -1.000000000000000000, -0.000000000000000000 ) ) ;
#163 = CARTESIAN_POINT ( 'NONE',  ( -12.12435565298065221, 4.000000000000000000, 9.050000000002949463 ) ) ;
#164 = EDGE_LOOP ( 'NONE', ( #770, #982 ) ) ;
#165 = LINE ( 'NONE', #1192, #110 ) ;
#166 = AXIS2_PLACEMENT_3D ( 'NONE', #15, #829, #1288 ) ;
#167 = DIRECTION ( 'NONE',  ( -0.000000000000000000, -1.000000000000000000, -0.000000000000000000 ) ) ;
#168 = CARTESIAN_POINT ( 'NONE',  ( 7.409113134841486521E-16, 2.499999999999998668, 6.049999999999999822 ) ) ;
#169 = CYLINDRICAL_SURFACE ( 'NONE', #1403, 3.050000000000007372 ) ;
#170 = VERTEX_POINT ( 'NONE', #914 ) ;
#171 = FACE_OUTER_BOUND ( 'NONE', #523, .T. ) ;
#172 =( NAMED_UNIT ( * ) PLANE_ANGLE_UNIT ( ) SI_UNIT ( $, .RADIAN. ) );
#173 = AXIS2_PLACEMENT_3D ( 'NONE', #1129, #1366, #888 ) ;
#174 = CARTESIAN_POINT ( 'NONE',  ( 0.000000000000000000, 4.000000000000000000, 0.000000000000000000 ) ) ;
#175 = VERTEX_POINT ( 'NONE', #342 ) ;
#176 = ORIENTED_EDGE ( 'NONE', *, *, #889, .F. ) ;
#177 = DIRECTION ( 'NONE',  ( 0.000000000000000000, 0.000000000000000000, 1.000000000000000000 ) ) ;
#178 = AXIS2_PLACEMENT_3D ( 'NONE', #546, #313, #105 ) ;
#179 = VERTEX_POINT ( 'NONE', #443 ) ;
#180 = CARTESIAN_POINT ( 'NONE',  ( 0.000000000000000000, 4.000000000000000000, -14.00000000000000000 ) ) ;
#181 = EDGE_CURVE ( 'NONE', #127, #1093, #556, .T. ) ;
#182 = DIRECTION ( 'NONE',  ( -0.8645314244105747337, 0.000000000000000000, 0.5025787661716546451 ) ) ;
#183 = LINE ( 'NONE', #326, #297 ) ;
#184 = CYLINDRICAL_SURFACE ( 'NONE', #1122, 2.250000000000001776 ) ;
#185 = AXIS2_PLACEMENT_3D ( 'NONE', #1271, #591, #1173 ) ;
#186 = AXIS2_PLACEMENT_3D ( 'NONE', #63, #278, #1427 ) ;
#187 = DIRECTION ( 'NONE',  ( 0.000000000000000000, 1.000000000000000000, 0.000000000000000000 ) ) ;
#188 = LINE ( 'NONE', #49, #793 ) ;
#189 = EDGE_CURVE ( 'NONE', #1093, #127, #392, .T. ) ;
#190 = EDGE_CURVE ( 'NONE', #1085, #996, #53, .T. ) ;
#191 = EDGE_CURVE ( 'NONE', #568, #573, #442, .T. ) ;
#192 = DIRECTION ( 'NONE',  ( -0.000000000000000000, -1.000000000000000000, -0.000000000000000000 ) ) ;
#193 = CARTESIAN_POINT ( 'NONE',  ( -29.81474742131632283, 10.00000000000000000, -14.47690699711531082 ) ) ;
#194 = CARTESIAN_POINT ( 'NONE',  ( 1.984376143571862200E-12, 0.000000000000000000, 11.94999999999775397 ) ) ;
#195 = DIRECTION ( 'NONE',  ( 0.000000000000000000, 1.000000000000000000, 0.000000000000000000 ) ) ;
#196 = DIRECTION ( 'NONE',  ( -0.000000000000000000, -1.000000000000000000, -0.000000000000000000 ) ) ;
#197 = ADVANCED_FACE ( 'NONE', ( #1479 ), #99, .F. ) ;
#198 = DIRECTION ( 'NONE',  ( -0.000000000000000000, -1.000000000000000000, -0.000000000000000000 ) ) ;
#199 = VECTOR ( 'NONE', #550, 1000.000000000000000 ) ;
#200 = DIRECTION ( 'NONE',  ( -0.5025787661716548671, 0.000000000000000000, -0.8645314244105746226 ) ) ;
#201 = CARTESIAN_POINT ( 'NONE',  ( 0.000000000000000000, -2.000000000000000000, 7.000000000000000000 ) ) ;
#202 = EDGE_LOOP ( 'NONE', ( #1038, #3 ) ) ;
#203 = DIRECTION ( 'NONE',  ( 0.000000000000000000, 0.000000000000000000, 1.000000000000000000 ) ) ;
#204 = CARTESIAN_POINT ( 'NONE',  ( -26.80047415672791544, 4.000000000000000000, 15.57994175132135517 ) ) ;
#205 = EDGE_CURVE ( 'NONE', #35, #825, #1472, .T. ) ;
#206 = CARTESIAN_POINT ( 'NONE',  ( 0.000000000000000000, 0.000000000000000000, -14.00000000000000000 ) ) ;
#207 = AXIS2_PLACEMENT_3D ( 'NONE', #548, #1143, #106 ) ;
#208 = DIRECTION ( 'NONE',  ( 0.000000000000000000, 0.000000000000000000, -1.000000000000000000 ) ) ;
#209 = VERTEX_POINT ( 'NONE', #201 ) ;
#210 = LINE ( 'NONE', #302, #1295 ) ;
#211 = ORIENTED_EDGE ( 'NONE', *, *, #330, .T. ) ;
#212 = CARTESIAN_POINT ( 'NONE',  ( 51.80956113419176035, 0.000000000000000000, 11.52255939808599550 ) ) ;
#213 = CARTESIAN_POINT ( 'NONE',  ( 18.09283558217944332, 0.000000000000000000, 31.12313127878046615 ) ) ;
#214 = EDGE_CURVE ( 'NONE', #756, #103, #346, .T. ) ;
#215 = VERTEX_POINT ( 'NONE', #1036 ) ;
#216 = DIRECTION ( 'NONE',  ( 0.000000000000000000, 1.000000000000000000, 0.000000000000000000 ) ) ;
#217 = EDGE_LOOP ( 'NONE', ( #480, #13, #111, #695 ) ) ;
#218 = VERTEX_POINT ( 'NONE', #432 ) ;
#219 = ORIENTED_EDGE ( 'NONE', *, *, #1162, .F. ) ;
#220 = DIRECTION ( 'NONE',  ( -0.000000000000000000, -1.000000000000000000, -0.000000000000000000 ) ) ;
#221 = VECTOR ( 'NONE', #657, 999.9999999999998863 ) ;
#222 = FACE_OUTER_BOUND ( 'NONE', #1024, .T. ) ;
#223 = CIRCLE ( 'NONE', #1359, 2.250000000000001776 ) ;
#224 = CARTESIAN_POINT ( 'NONE',  ( -12.12435565298220652, 4.000000000000000000, -6.999999999999052314 ) ) ;
#225 = AXIS2_PLACEMENT_3D ( 'NONE', #74, #1002, #654 ) ;
#226 = VERTEX_POINT ( 'NONE', #671 ) ;
#227 = CARTESIAN_POINT ( 'NONE',  ( 2.510525938252073693E-16, 4.000000000000000000, -11.95000000000000107 ) ) ;
#228 = DIRECTION ( 'NONE',  ( 0.000000000000000000, 0.000000000000000000, -1.000000000000000000 ) ) ;
#229 = ORIENTED_EDGE ( 'NONE', *, *, #1089, .F. ) ;
#230 = CARTESIAN_POINT ( 'NONE',  ( 1.984376143571862200E-12, 4.000000000000000000, 14.00000000000000000 ) ) ;
#231 = VECTOR ( 'NONE', #603, 1000.000000000000000 ) ;
#232 = ORIENTED_EDGE ( 'NONE', *, *, #65, .T. ) ;
#233 = EDGE_CURVE ( 'NONE', #179, #493, #611, .T. ) ;
#234 = EDGE_LOOP ( 'NONE', ( #317, #1077 ) ) ;
#235 = CARTESIAN_POINT ( 'NONE',  ( -12.12435565298065221, 4.000000000000000000, 7.000000000000865086 ) ) ;
#236 = FILL_AREA_STYLE_COLOUR ( '', #1081 ) ;
#237 = ORIENTED_EDGE ( 'NONE', *, *, #214, .F. ) ;
#238 = DIRECTION ( 'NONE',  ( -0.000000000000000000, -1.000000000000000000, -0.000000000000000000 ) ) ;
#239 = ORIENTED_EDGE ( 'NONE', *, *, #989, .F. ) ;
#240 = AXIS2_PLACEMENT_3D ( 'NONE', #787, #896, #208 ) ;
#241 = CARTESIAN_POINT ( 'NONE',  ( 33.71672555201231347, 0.000000000000000000, -19.60057188069447776 ) ) ;
#242 = ADVANCED_FACE ( 'NONE', ( #1139 ), #558, .F. ) ;
#243 = DIRECTION ( 'NONE',  ( 0.000000000000000000, 1.000000000000000000, 0.000000000000000000 ) ) ;
#244 = ORIENTED_EDGE ( 'NONE', *, *, #150, .F. ) ;
#245 = FACE_OUTER_BOUND ( 'NONE', #6, .T. ) ;
#246 = AXIS2_PLACEMENT_3D ( 'NONE', #815, #349, #148 ) ;
#247 = VECTOR ( 'NONE', #220, 1000.000000000000000 ) ;
#248 = ORIENTED_EDGE ( 'NONE', *, *, #1305, .F. ) ;
#249 = ORIENTED_EDGE ( 'NONE', *, *, #1145, .T. ) ;
#250 = DIRECTION ( 'NONE',  ( 0.000000000000000000, 0.000000000000000000, 1.000000000000000000 ) ) ;
#251 = ORIENTED_EDGE ( 'NONE', *, *, #190, .T. ) ;
#252 = EDGE_CURVE ( 'NONE', #673, #710, #567, .T. ) ;
#253 = CARTESIAN_POINT ( 'NONE',  ( 0.000000000000000000, 2.500000000000000000, 5.000000000000000000 ) ) ;
#254 = EDGE_CURVE ( 'NONE', #179, #439, #1234, .T. ) ;
#255 = CARTESIAN_POINT ( 'NONE',  ( 7.409113134841486521E-16, 19.61198410471445186, 6.049999999999999822 ) ) ;
#256 = ORIENTED_EDGE ( 'NONE', *, *, #828, .T. ) ;
#257 = VECTOR ( 'NONE', #997, 1000.000000000000000 ) ;
#258 = ORIENTED_EDGE ( 'NONE', *, *, #919, .T. ) ;
#259 = VECTOR ( 'NONE', #955, 1000.000000000000000 ) ;
#260 = CARTESIAN_POINT ( 'NONE',  ( 0.000000000000000000, 2.499999999999998668, -6.049999999999999822 ) ) ;
#261 = ORIENTED_EDGE ( 'NONE', *, *, #1446, .F. ) ;
#262 = FACE_BOUND ( 'NONE', #1025, .T. ) ;
#263 = LINE ( 'NONE', #1385, #135 ) ;
#264 = EDGE_CURVE ( 'NONE', #641, #362, #1193, .T. ) ;
#265 = ORIENTED_EDGE ( 'NONE', *, *, #388, .T. ) ;
#266 = PRODUCT_DEFINITION_SHAPE ( 'NONE', 'NONE',  #1247 ) ;
#267 = ORIENTED_EDGE ( 'NONE', *, *, #1342, .F. ) ;
#268 = ADVANCED_BREP_SHAPE_REPRESENTATION ( '25物流车1.0-抓取机构-cnc-yaw轴转接1', ( #814, #1086 ), #831 ) ;
#269 = CIRCLE ( 'NONE', #766, 6.049999999999999822 ) ;
#270 = DIRECTION ( 'NONE',  ( 0.000000000000000000, 1.000000000000000000, 0.000000000000000000 ) ) ;
#271 = CARTESIAN_POINT ( 'NONE',  ( 12.12435565298263462, 0.000000000000000000, -9.050000000001142908 ) ) ;
#272 = DIRECTION ( 'NONE',  ( 0.000000000000000000, -0.000000000000000000, 1.000000000000000000 ) ) ;
#273 = ORIENTED_EDGE ( 'NONE', *, *, #1482, .F. ) ;
#274 = CARTESIAN_POINT ( 'NONE',  ( 9.089166677159520091, 0.000000000000000000, -37.09295147483976507 ) ) ;
#275 = ORIENTED_EDGE ( 'NONE', *, *, #252, .T. ) ;
#276 = DIRECTION ( 'NONE',  ( 0.000000000000000000, 1.000000000000000000, 0.000000000000000000 ) ) ;
#277 = LINE ( 'NONE', #61, #1343 ) ;
#278 = DIRECTION ( 'NONE',  ( 0.000000000000000000, 1.000000000000000000, 0.000000000000000000 ) ) ;
#279 = CARTESIAN_POINT ( 'NONE',  ( -29.81474742131632283, 10.00000000000000000, -14.47690699711531082 ) ) ;
#280 = EDGE_LOOP ( 'NONE', ( #1223, #956 ) ) ;
#281 = PLANE ( 'NONE',  #774 ) ;
#282 = AXIS2_PLACEMENT_3D ( 'NONE', #887, #1127, #450 ) ;
#283 = EDGE_CURVE ( 'NONE', #973, #396, #1006, .T. ) ;
#284 = EDGE_CURVE ( 'NONE', #1147, #486, #1358, .T. ) ;
#285 = CARTESIAN_POINT ( 'NONE',  ( 0.000000000000000000, -2.000000000000000000, 0.000000000000000000 ) ) ;
#286 = MECHANICAL_DESIGN_GEOMETRIC_PRESENTATION_REPRESENTATION (  '', ( #1490 ), #843 ) ;
#287 = ORIENTED_EDGE ( 'NONE', *, *, #1372, .F. ) ;
#288 = FACE_BOUND ( 'NONE', #144, .T. ) ;
#289 = DIRECTION ( 'NONE',  ( 0.000000000000000000, -1.000000000000000000, 0.000000000000000000 ) ) ;
#290 = VERTEX_POINT ( 'NONE', #155 ) ;
#291 = CARTESIAN_POINT ( 'NONE',  ( 15.62388996983264633, 0.000000000000000000, -50.72370315947532760 ) ) ;
#292 = FACE_BOUND ( 'NONE', #701, .T. ) ;
#293 = EDGE_CURVE ( 'NONE', #1014, #431, #773, .T. ) ;
#294 = FACE_OUTER_BOUND ( 'NONE', #466, .T. ) ;
#295 = CYLINDRICAL_SURFACE ( 'NONE', #511, 2.249999999999998668 ) ;
#296 = DIRECTION ( 'NONE',  ( -0.000000000000000000, -1.000000000000000000, -0.000000000000000000 ) ) ;
#297 = VECTOR ( 'NONE', #526, 1000.000000000000114 ) ;
#298 = FACE_BOUND ( 'NONE', #487, .T. ) ;
#299 = EDGE_CURVE ( 'NONE', #573, #1093, #832, .T. ) ;
#300 = ADVANCED_FACE ( 'NONE', ( #1290 ), #823, .F. ) ;
#301 = CARTESIAN_POINT ( 'NONE',  ( 6.123233995736766282E-16, 2.500000000000000000, -5.000000000000000000 ) ) ;
#302 = CARTESIAN_POINT ( 'NONE',  ( -10.36279037207839693, 10.00000000000000000, -28.83492923597756175 ) ) ;
#303 = CYLINDRICAL_SURFACE ( 'NONE', #1103, 5.000000000000000000 ) ;
#304 = CIRCLE ( 'NONE', #838, 2.050000000001470646 ) ;
#305 = AXIS2_PLACEMENT_3D ( 'NONE', #777, #1136, #76 ) ;
#306 = DIRECTION ( 'NONE',  ( 0.000000000000000000, 0.000000000000000000, -1.000000000000000000 ) ) ;
#307 = DIRECTION ( 'NONE',  ( -0.000000000000000000, 1.000000000000000000, -0.000000000000000000 ) ) ;
#308 = EDGE_CURVE ( 'NONE', #416, #664, #133, .T. ) ;
#309 = VERTEX_POINT ( 'NONE', #1189 ) ;
#310 = ORIENTED_EDGE ( 'NONE', *, *, #252, .F. ) ;
#311 = LINE ( 'NONE', #877, #494 ) ;
#312 = ORIENTED_EDGE ( 'NONE', *, *, #140, .F. ) ;
#313 = DIRECTION ( 'NONE',  ( -0.000000000000000000, -1.000000000000000000, -0.000000000000000000 ) ) ;
#314 = DIRECTION ( 'NONE',  ( 8.659560562354898346E-17, 0.7071067811865503483, -0.7071067811865445751 ) ) ;
#315 = CIRCLE ( 'NONE', #971, 2.050000000001470646 ) ;
#316 = CARTESIAN_POINT ( 'NONE',  ( -12.12435565298220652, 4.000000000000000000, -6.999999999999052314 ) ) ;
#317 = ORIENTED_EDGE ( 'NONE', *, *, #930, .T. ) ;
#318 = ADVANCED_FACE ( 'NONE', ( #1306, #245 ), #700, .T. ) ;
#319 = DIRECTION ( 'NONE',  ( 0.000000000000000000, 1.000000000000000000, 0.000000000000000000 ) ) ;
#320 = FACE_OUTER_BOUND ( 'NONE', #217, .T. ) ;
#321 = VECTOR ( 'NONE', #381, 1000.000000000000114 ) ;
#322 = VECTOR ( 'NONE', #296, 1000.000000000000000 ) ;
#323 = FACE_OUTER_BOUND ( 'NONE', #808, .T. ) ;
#324 = CARTESIAN_POINT ( 'NONE',  ( 0.000000000000000000, 19.61198410471445186, -6.049999999999999822 ) ) ;
#325 = VERTEX_POINT ( 'NONE', #693 ) ;
#326 = CARTESIAN_POINT ( 'NONE',  ( 18.09283558217944332, 4.000000000000000000, 31.12313127878046615 ) ) ;
#327 = ORIENTED_EDGE ( 'NONE', *, *, #189, .T. ) ;
#328 = ORIENTED_EDGE ( 'NONE', *, *, #380, .F. ) ;
#329 = DIRECTION ( 'NONE',  ( -0.000000000000000000, -1.000000000000000000, -0.000000000000000000 ) ) ;
#330 = EDGE_CURVE ( 'NONE', #5, #215, #899, .T. ) ;
#331 = LINE ( 'NONE', #441, #1418 ) ;
#332 = CIRCLE ( 'NONE', #576, 2.050000000001470646 ) ;
#333 = DIRECTION ( 'NONE',  ( -0.000000000000000000, -1.000000000000000000, -0.000000000000000000 ) ) ;
#334 = VERTEX_POINT ( 'NONE', #593 ) ;
#335 = VERTEX_POINT ( 'NONE', #944 ) ;
#336 = EDGE_LOOP ( 'NONE', ( #1259, #244, #1378, #124 ) ) ;
#337 = ORIENTED_EDGE ( 'NONE', *, *, #420, .T. ) ;
#338 = CARTESIAN_POINT ( 'NONE',  ( 36.73099881660051125, 4.000000000000000000, 10.45627686774178677 ) ) ;
#339 = ADVANCED_FACE ( 'NONE', ( #2 ), #465, .F. ) ;
#340 = FACE_OUTER_BOUND ( 'NONE', #1339, .T. ) ;
#341 = CONICAL_SURFACE ( 'NONE', #1187, 3.050000000000000711, 0.7853981633974508325 ) ;
#342 = CARTESIAN_POINT ( 'NONE',  ( 2.510525938252073693E-16, 0.000000000000000000, -11.95000000000000107 ) ) ;
#343 = EDGE_LOOP ( 'NONE', ( #739, #1444, #1236, #1431 ) ) ;
#344 = ORIENTED_EDGE ( 'NONE', *, *, #284, .T. ) ;
#345 = DIRECTION ( 'NONE',  ( -0.8645314244105747337, 0.000000000000000000, 0.5025787661716546451 ) ) ;
#346 = CIRCLE ( 'NONE', #1146, 5.000000000000000000 ) ;
#347 = DIRECTION ( 'NONE',  ( -0.000000000000000000, -1.000000000000000000, -0.000000000000000000 ) ) ;
#348 = AXIS2_PLACEMENT_3D ( 'NONE', #1286, #1161, #355 ) ;
#349 = DIRECTION ( 'NONE',  ( -0.000000000000000000, 1.000000000000000000, -0.000000000000000000 ) ) ;
#350 = CIRCLE ( 'NONE', #565, 5.000000000000000000 ) ;
#351 = EDGE_CURVE ( 'NONE', #940, #439, #263, .T. ) ;
#352 = EDGE_LOOP ( 'NONE', ( #1379, #312 ) ) ;
#353 = PRODUCT_CONTEXT ( 'NONE', #26, 'mechanical' ) ;
#354 = ORIENTED_EDGE ( 'NONE', *, *, #131, .F. ) ;
#355 = DIRECTION ( 'NONE',  ( 0.000000000000000000, 0.000000000000000000, 1.000000000000000000 ) ) ;
#356 = CARTESIAN_POINT ( 'NONE',  ( -10.36279037207839693, 10.00000000000000000, -22.73492923597754611 ) ) ;
#357 = VERTEX_POINT ( 'NONE', #1405 ) ;
#358 = DIRECTION ( 'NONE',  ( 0.000000000000000000, -0.000000000000000000, -1.000000000000000000 ) ) ;
#359 = AXIS2_PLACEMENT_3D ( 'NONE', #1404, #347, #228 ) ;
#360 = ORIENTED_EDGE ( 'NONE', *, *, #254, .T. ) ;
#361 = CARTESIAN_POINT ( 'NONE',  ( 0.000000000000000000, 0.000000000000000000, 0.000000000000000000 ) ) ;
#362 = VERTEX_POINT ( 'NONE', #373 ) ;
#363 = CARTESIAN_POINT ( 'NONE',  ( 36.73099881660051125, 10.00000000000000000, 8.206276867741784997 ) ) ;
#364 = ORIENTED_EDGE ( 'NONE', *, *, #478, .F. ) ;
#365 = CARTESIAN_POINT ( 'NONE',  ( -29.81474742131632283, 0.000000000000000000, -16.72690699711531082 ) ) ;
#366 = EDGE_LOOP ( 'NONE', ( #590, #1071, #799, #833, #834, #584 ) ) ;
#367 = EDGE_LOOP ( 'NONE', ( #1352, #232, #738, #816 ) ) ;
#368 = EDGE_CURVE ( 'NONE', #1176, #439, #1392, .T. ) ;
#369 = DIRECTION ( 'NONE',  ( 0.000000000000000000, 1.000000000000000000, 0.000000000000000000 ) ) ;
#370 = ADVANCED_FACE ( 'NONE', ( #141 ), #1181, .T. ) ;
#371 = CYLINDRICAL_SURFACE ( 'NONE', #359, 2.050000000000279154 ) ;
#372 = VERTEX_POINT ( 'NONE', #604 ) ;
#373 = CARTESIAN_POINT ( 'NONE',  ( 12.12435565298363116, 0.000000000000000000, 9.050000000000610001 ) ) ;
#374 = CONICAL_SURFACE ( 'NONE', #637, 3.050000000000000711, 0.7853981633974508325 ) ;
#375 = ORIENTED_EDGE ( 'NONE', *, *, #330, .F. ) ;
#376 = CIRCLE ( 'NONE', #902, 2.250000000000001776 ) ;
#377 = EDGE_LOOP ( 'NONE', ( #731, #1037 ) ) ;
#378 = CARTESIAN_POINT ( 'NONE',  ( 0.000000000000000000, 4.000000000000000000, 0.000000000000000000 ) ) ;
#379 = DIRECTION ( 'NONE',  ( -0.000000000000000000, -1.000000000000000000, -0.000000000000000000 ) ) ;
#380 = EDGE_CURVE ( 'NONE', #1191, #405, #10, .T. ) ;
#381 = DIRECTION ( 'NONE',  ( 0.000000000000000000, 0.7071067811865503483, 0.7071067811865445751 ) ) ;
#382 = VERTEX_POINT ( 'NONE', #806 ) ;
#383 = CIRCLE ( 'NONE', #119, 5.000000000000000000 ) ;
#384 = ORIENTED_EDGE ( 'NONE', *, *, #36, .F. ) ;
#385 = VECTOR ( 'NONE', #1327, 1000.000000000000000 ) ;
#386 = DIRECTION ( 'NONE',  ( 0.000000000000000000, -1.000000000000000000, 0.000000000000000000 ) ) ;
#387 = PLANE ( 'NONE',  #1326 ) ;
#388 = EDGE_CURVE ( 'NONE', #357, #786, #112, .T. ) ;
#389 = CARTESIAN_POINT ( 'NONE',  ( 0.000000000000000000, 4.000000000000000000, -16.05000000000000071 ) ) ;
#390 = ORIENTED_EDGE ( 'NONE', *, *, #1372, .T. ) ;
#391 = ORIENTED_EDGE ( 'NONE', *, *, #1162, .T. ) ;
#392 = CIRCLE ( 'NONE', #585, 6.650000000000017231 ) ;
#393 = DIRECTION ( 'NONE',  ( 0.000000000000000000, 0.000000000000000000, 1.000000000000000000 ) ) ;
#394 = FACE_BOUND ( 'NONE', #942, .T. ) ;
#395 = PRODUCT_DEFINITION_CONTEXT ( 'detailed design', #414, 'design' ) ;
#396 = VERTEX_POINT ( 'NONE', #365 ) ;
#397 = FACE_BOUND ( 'NONE', #949, .T. ) ;
#398 = DIRECTION ( 'NONE',  ( 0.000000000000000000, -1.000000000000000000, 0.000000000000000000 ) ) ;
#399 = VECTOR ( 'NONE', #472, 1000.000000000000000 ) ;
#400 = EDGE_CURVE ( 'NONE', #372, #20, #33, .T. ) ;
#401 = ORIENTED_EDGE ( 'NONE', *, *, #847, .F. ) ;
#402 = VECTOR ( 'NONE', #1416, 1000.000000000000000 ) ;
#403 = DIRECTION ( 'NONE',  ( -0.000000000000000000, -1.000000000000000000, -0.000000000000000000 ) ) ;
#404 = SURFACE_STYLE_USAGE ( .BOTH. , #1441 ) ;
#405 = VERTEX_POINT ( 'NONE', #1413 ) ;
#406 = DIRECTION ( 'NONE',  ( -0.000000000000000000, -1.000000000000000000, -0.000000000000000000 ) ) ;
#407 = CARTESIAN_POINT ( 'NONE',  ( -10.36279037207839693, 4.000000000000000000, -32.43492923597757027 ) ) ;
#408 = ORIENTED_EDGE ( 'NONE', *, *, #1463, .T. ) ;
#409 = EDGE_CURVE ( 'NONE', #825, #35, #527, .T. ) ;
#410 = DIRECTION ( 'NONE',  ( 0.000000000000000000, 0.7071067811865457964, 0.7071067811865492381 ) ) ;
#411 = VERTEX_POINT ( 'NONE', #586 ) ;
#412 =( LENGTH_UNIT ( ) NAMED_UNIT ( * ) SI_UNIT ( .MILLI., .METRE. ) );
#413 = DIRECTION ( 'NONE',  ( -0.000000000000000000, -1.000000000000000000, -0.000000000000000000 ) ) ;
#414 = APPLICATION_CONTEXT ( 'automotive_design' ) ;
#415 = CARTESIAN_POINT ( 'NONE',  ( 36.73099881660051125, 0.000000000000000000, 10.45627686774178677 ) ) ;
#416 = VERTEX_POINT ( 'NONE', #168 ) ;
#417 =( LENGTH_UNIT ( ) NAMED_UNIT ( * ) SI_UNIT ( .MILLI., .METRE. ) );
#418 = ADVANCED_FACE ( 'NONE', ( #1437 ), #873, .T. ) ;
#419 = FACE_BOUND ( 'NONE', #1138, .T. ) ;
#420 = EDGE_CURVE ( 'NONE', #786, #996, #628, .T. ) ;
#421 = CARTESIAN_POINT ( 'NONE',  ( -2.172915281875351656, 10.00000000000000000, 30.82232134546624636 ) ) ;
#422 = DIRECTION ( 'NONE',  ( 0.000000000000000000, 1.000000000000000000, 0.000000000000000000 ) ) ;
#423 = ORIENTED_EDGE ( 'NONE', *, *, #807, .F. ) ;
#424 = DIRECTION ( 'NONE',  ( 0.000000000000000000, 1.000000000000000000, 0.000000000000000000 ) ) ;
#425 = VECTOR ( 'NONE', #410, 1000.000000000000114 ) ;
#426 = ORIENTED_EDGE ( 'NONE', *, *, #81, .T. ) ;
#427 = CARTESIAN_POINT ( 'NONE',  ( -2.172915281875351656, 0.000000000000000000, 30.82232134546624636 ) ) ;
#428 = AXIS2_PLACEMENT_3D ( 'NONE', #79, #1250, #1116 ) ;
#429 = EDGE_CURVE ( 'NONE', #290, #1039, #1083, .T. ) ;
#430 = DIRECTION ( 'NONE',  ( 0.000000000000000000, 0.000000000000000000, 1.000000000000000000 ) ) ;
#431 = VERTEX_POINT ( 'NONE', #1320 ) ;
#432 = CARTESIAN_POINT ( 'NONE',  ( 1.984627196165687267E-12, 0.000000000000000000, 16.05000000000224603 ) ) ;
#433 = CYLINDRICAL_SURFACE ( 'NONE', #225, 2.250000000000001776 ) ;
#434 = ORIENTED_EDGE ( 'NONE', *, *, #140, .T. ) ;
#435 = DIRECTION ( 'NONE',  ( -0.5025787661716548671, 0.000000000000000000, -0.8645314244105746226 ) ) ;
#436 = AXIS2_PLACEMENT_3D ( 'NONE', #508, #187, #1448 ) ;
#437 = DIRECTION ( 'NONE',  ( 0.000000000000000000, 0.000000000000000000, 1.000000000000000000 ) ) ;
#438 = CYLINDRICAL_SURFACE ( 'NONE', #1311, 7.000000000000000000 ) ;
#439 = VERTEX_POINT ( 'NONE', #1096 ) ;
#440 = CARTESIAN_POINT ( 'NONE',  ( 9.089166677159520091, 10.00000000000000000, -37.09295147483976507 ) ) ;
#441 = CARTESIAN_POINT ( 'NONE',  ( 33.71672555201231347, 0.000000000000000000, -19.60057188069447776 ) ) ;
#442 = CIRCLE ( 'NONE', #631, 3.050000000000007372 ) ;
#443 = CARTESIAN_POINT ( 'NONE',  ( -33.81860468844999446, 4.000000000000000000, 3.507417415470829969 ) ) ;
#444 = ORIENTED_EDGE ( 'NONE', *, *, #525, .F. ) ;
#445 = ORIENTED_EDGE ( 'NONE', *, *, #36, .T. ) ;
#446 = DIRECTION ( 'NONE',  ( 0.000000000000000000, 0.000000000000000000, 1.000000000000000000 ) ) ;
#447 = VECTOR ( 'NONE', #238, 1000.000000000000000 ) ;
#448 = AXIS2_PLACEMENT_3D ( 'NONE', #602, #14, #934 ) ;
#449 = AXIS2_PLACEMENT_3D ( 'NONE', #1353, #319, #1009 ) ;
#450 = DIRECTION ( 'NONE',  ( 0.000000000000000000, 0.000000000000000000, -1.000000000000000000 ) ) ;
#451 = DIRECTION ( 'NONE',  ( -0.000000000000000000, -1.000000000000000000, -0.000000000000000000 ) ) ;
#452 = EDGE_LOOP ( 'NONE', ( #261, #265, #337, #1422 ) ) ;
#453 = EDGE_CURVE ( 'NONE', #325, #810, #332, .T. ) ;
#454 = ORIENTED_EDGE ( 'NONE', *, *, #989, .T. ) ;
#455 = DIRECTION ( 'NONE',  ( 0.000000000000000000, 0.000000000000000000, 1.000000000000000000 ) ) ;
#456 = AXIS2_PLACEMENT_3D ( 'NONE', #285, #1210, #52 ) ;
#457 = CARTESIAN_POINT ( 'NONE',  ( -12.12435565298065221, 4.000000000000000000, 4.949999999998779820 ) ) ;
#458 = AXIS2_PLACEMENT_3D ( 'NONE', #784, #82, #541 ) ;
#459 = DIRECTION ( 'NONE',  ( -0.000000000000000000, -1.000000000000000000, -0.000000000000000000 ) ) ;
#460 = EDGE_LOOP ( 'NONE', ( #423, #1360, #1070, #1473 ) ) ;
#461 = ORIENTED_EDGE ( 'NONE', *, *, #1383, .T. ) ;
#462 = CARTESIAN_POINT ( 'NONE',  ( 15.62388996983264633, 0.000000000000000000, -50.72370315947532760 ) ) ;
#463 = EDGE_CURVE ( 'NONE', #175, #411, #1279, .T. ) ;
#464 = DIRECTION ( 'NONE',  ( -0.5025787661716548671, 0.000000000000000000, -0.8645314244105746226 ) ) ;
#465 = CYLINDRICAL_SURFACE ( 'NONE', #1357, 2.250000000000001776 ) ;
#466 = EDGE_LOOP ( 'NONE', ( #1451, #1078, #86, #500 ) ) ;
#467 = DIRECTION ( 'NONE',  ( 1.000000000000000000, 0.000000000000000000, 0.000000000000000000 ) ) ;
#468 = LINE ( 'NONE', #1390, #802 ) ;
#469 = CARTESIAN_POINT ( 'NONE',  ( -12.12435565298220652, 4.000000000000000000, -4.949999999997841016 ) ) ;
#470 = ADVANCED_FACE ( 'NONE', ( #522 ), #41, .F. ) ;
#471 = ORIENTED_EDGE ( 'NONE', *, *, #720, .F. ) ;
#472 = DIRECTION ( 'NONE',  ( -0.000000000000000000, -1.000000000000000000, -0.000000000000000000 ) ) ;
#473 = EDGE_LOOP ( 'NONE', ( #1291, #994 ) ) ;
#474 = ORIENTED_EDGE ( 'NONE', *, *, #1492, .F. ) ;
#475 = DIRECTION ( 'NONE',  ( 0.000000000000000000, 1.000000000000000000, 0.000000000000000000 ) ) ;
#476 = CARTESIAN_POINT ( 'NONE',  ( -12.12435565298220652, 0.000000000000000000, -4.949999999997841016 ) ) ;
#477 = DIRECTION ( 'NONE',  ( -0.000000000000000000, -1.000000000000000000, -0.000000000000000000 ) ) ;
#478 = EDGE_CURVE ( 'NONE', #290, #411, #1421, .T. ) ;
#479 = CIRCLE ( 'NONE', #456, 6.049999999999999822 ) ;
#480 = ORIENTED_EDGE ( 'NONE', *, *, #88, .T. ) ;
#481 = SURFACE_STYLE_USAGE ( .BOTH. , #121 ) ;
#482 = CYLINDRICAL_SURFACE ( 'NONE', #1171, 2.050000000002084821 ) ;
#483 = LINE ( 'NONE', #363, #1008 ) ;
#484 = EDGE_LOOP ( 'NONE', ( #729, #211, #108, #273 ) ) ;
#485 = DIRECTION ( 'NONE',  ( 0.000000000000000000, 0.000000000000000000, 1.000000000000000000 ) ) ;
#486 = VERTEX_POINT ( 'NONE', #514 ) ;
#487 = EDGE_LOOP ( 'NONE', ( #327, #938 ) ) ;
#488 = ADVANCED_FACE ( 'NONE', ( #1213 ), #1090, .F. ) ;
#489 = LINE ( 'NONE', #948, #402 ) ;
#490 = CARTESIAN_POINT ( 'NONE',  ( 6.123233995736766282E-16, 2.500000000000000000, -5.000000000000000000 ) ) ;
#491 = CARTESIAN_POINT ( 'NONE',  ( 12.12435565298263462, 4.000000000000000000, -4.950000000000583711 ) ) ;
#492 = AXIS2_PLACEMENT_3D ( 'NONE', #75, #534, #1453 ) ;
#493 = VERTEX_POINT ( 'NONE', #1082 ) ;
#494 = VECTOR ( 'NONE', #192, 1000.000000000000000 ) ;
#495 = ORIENTED_EDGE ( 'NONE', *, *, #1230, .T. ) ;
#496 = DIRECTION ( 'NONE',  ( -0.000000000000000000, -1.000000000000000000, -0.000000000000000000 ) ) ;
#497 = ADVANCED_FACE ( 'NONE', ( #294 ), #970, .F. ) ;
#498 = FACE_BOUND ( 'NONE', #708, .T. ) ;
#499 = FACE_BOUND ( 'NONE', #16, .T. ) ;
#500 = ORIENTED_EDGE ( 'NONE', *, *, #463, .F. ) ;
#501 = CIRCLE ( 'NONE', #737, 2.250000000000001776 ) ;
#502 = EDGE_LOOP ( 'NONE', ( #1270, #1007 ) ) ;
#503 = AXIS2_PLACEMENT_3D ( 'NONE', #180, #748, #976 ) ;
#504 = LINE ( 'NONE', #51, #425 ) ;
#505 = COLOUR_RGB ( '',0.8980392156862745390, 0.9176470588235293713, 0.9294117647058823817 ) ;
#506 = CARTESIAN_POINT ( 'NONE',  ( -29.81474742131632283, 10.00000000000000000, -12.22690699711531082 ) ) ;
#507 = ADVANCED_FACE ( 'NONE', ( #298, #643, #397, #854, #1197, #752, #288, #862, #1220, #742, #1102, #70, #529, #499 ), #992, .T. ) ;
#508 = CARTESIAN_POINT ( 'NONE',  ( 0.000000000000000000, 4.000000000000000000, -14.00000000000000000 ) ) ;
#509 = DIRECTION ( 'NONE',  ( 0.000000000000000000, 0.000000000000000000, -1.000000000000000000 ) ) ;
#510 = ORIENTED_EDGE ( 'NONE', *, *, #880, .F. ) ;
#511 = AXIS2_PLACEMENT_3D ( 'NONE', #279, #1198, #754 ) ;
#512 = CYLINDRICAL_SURFACE ( 'NONE', #705, 2.050000000002246026 ) ;
#513 = FACE_BOUND ( 'NONE', #679, .T. ) ;
#514 = CARTESIAN_POINT ( 'NONE',  ( 0.000000000000000000, -2.000000000000000000, -6.049999999999999822 ) ) ;
#515 = EDGE_CURVE ( 'NONE', #335, #1245, #735, .T. ) ;
#516 = DIRECTION ( 'NONE',  ( -0.000000000000000000, 1.000000000000000000, -0.000000000000000000 ) ) ;
#517 = AXIS2_PLACEMENT_3D ( 'NONE', #1174, #597, #485 ) ;
#518 = EDGE_LOOP ( 'NONE', ( #1251, #689 ) ) ;
#519 = AXIS2_PLACEMENT_3D ( 'NONE', #1397, #1150, #1269 ) ;
#520 = CARTESIAN_POINT ( 'NONE',  ( 17.27904176736258890, 4.000000000000000000, 28.41429910660403380 ) ) ;
#521 = DIRECTION ( 'NONE',  ( 0.000000000000000000, -0.000000000000000000, 1.000000000000000000 ) ) ;
#522 = FACE_OUTER_BOUND ( 'NONE', #343, .T. ) ;
#523 = EDGE_LOOP ( 'NONE', ( #248, #1277, #1133, #1406 ) ) ;
#524 = VECTOR ( 'NONE', #379, 1000.000000000000000 ) ;
#525 = EDGE_CURVE ( 'NONE', #170, #1130, #1465, .T. ) ;
#526 = DIRECTION ( 'NONE',  ( -0.8645314244105746226, 0.000000000000000000, 0.5025787661716547561 ) ) ;
#527 = CIRCLE ( 'NONE', #1106, 2.050000000002246026 ) ;
#528 = CARTESIAN_POINT ( 'NONE',  ( -10.36279037207839693, 0.000000000000000000, -25.78492923597755393 ) ) ;
#529 = FACE_BOUND ( 'NONE', #502, .T. ) ;
#530 = CARTESIAN_POINT ( 'NONE',  ( -12.12435565298220652, 0.000000000000000000, -6.999999999999052314 ) ) ;
#531 = LINE ( 'NONE', #1109, #1149 ) ;
#532 = ADVANCED_FACE ( 'NONE', ( #323 ), #69, .F. ) ;
#533 = AXIS2_PLACEMENT_3D ( 'NONE', #224, #684, #1263 ) ;
#534 = DIRECTION ( 'NONE',  ( 0.000000000000000000, -1.000000000000000000, 0.000000000000000000 ) ) ;
#535 = DIRECTION ( 'NONE',  ( 0.8645314244105746226, 0.000000000000000000, -0.5025787661716548671 ) ) ;
#536 = ORIENTED_EDGE ( 'NONE', *, *, #572, .F. ) ;
#537 = ORIENTED_EDGE ( 'NONE', *, *, #100, .T. ) ;
#538 = DIRECTION ( 'NONE',  ( -0.000000000000000000, -1.000000000000000000, -0.000000000000000000 ) ) ;
#539 = AXIS2_PLACEMENT_3D ( 'NONE', #974, #618, #852 ) ;
#540 = LINE ( 'NONE', #1333, #322 ) ;
#541 = DIRECTION ( 'NONE',  ( 0.000000000000000000, 0.000000000000000000, -1.000000000000000000 ) ) ;
#542 = DIRECTION ( 'NONE',  ( 0.000000000000000000, 0.000000000000000000, 1.000000000000000000 ) ) ;
#543 = ORIENTED_EDGE ( 'NONE', *, *, #572, .T. ) ;
#544 = DIRECTION ( 'NONE',  ( 0.000000000000000000, 0.000000000000000000, -1.000000000000000000 ) ) ;
#545 = ORIENTED_EDGE ( 'NONE', *, *, #1105, .T. ) ;
#546 = CARTESIAN_POINT ( 'NONE',  ( 0.000000000000000000, 4.000000000000000000, -14.00000000000000000 ) ) ;
#547 = STYLED_ITEM ( 'NONE', ( #983 ), #814 ) ;
#548 = CARTESIAN_POINT ( 'NONE',  ( 0.000000000000000000, -2.000000000000000000, 0.000000000000000000 ) ) ;
#549 = EDGE_CURVE ( 'NONE', #749, #209, #46, .T. ) ;
#550 = DIRECTION ( 'NONE',  ( -0.000000000000000000, -1.000000000000000000, -0.000000000000000000 ) ) ;
#551 = ORIENTED_EDGE ( 'NONE', *, *, #836, .F. ) ;
#552 =( NAMED_UNIT ( * ) SI_UNIT ( $, .STERADIAN. ) SOLID_ANGLE_UNIT ( ) );
#553 = ORIENTED_EDGE ( 'NONE', *, *, #571, .F. ) ;
#554 = FACE_OUTER_BOUND ( 'NONE', #1401, .T. ) ;
#555 = DIRECTION ( 'NONE',  ( 0.000000000000000000, 1.000000000000000000, 0.000000000000000000 ) ) ;
#556 = CIRCLE ( 'NONE', #1042, 6.650000000000017231 ) ;
#557 = ORIENTED_EDGE ( 'NONE', *, *, #1420, .F. ) ;
#558 = CYLINDRICAL_SURFACE ( 'NONE', #1074, 2.050000000001210410 ) ;
#559 = EDGE_CURVE ( 'NONE', #891, #372, #840, .T. ) ;
#560 = VERTEX_POINT ( 'NONE', #662 ) ;
#561 = APPLICATION_PROTOCOL_DEFINITION ( 'draft international standard', 'automotive_design', 1998, #26 ) ;
#562 = ORIENTED_EDGE ( 'NONE', *, *, #569, .T. ) ;
#563 = DIRECTION ( 'NONE',  ( 0.000000000000000000, 0.000000000000000000, -1.000000000000000000 ) ) ;
#564 = CIRCLE ( 'NONE', #492, 3.050000000000000711 ) ;
#565 = AXIS2_PLACEMENT_3D ( 'NONE', #1200, #844, #1309 ) ;
#566 = DIRECTION ( 'NONE',  ( -0.000000000000000000, -1.000000000000000000, -0.000000000000000000 ) ) ;
#567 = LINE ( 'NONE', #1486, #1356 ) ;
#568 = VERTEX_POINT ( 'NONE', #913 ) ;
#569 = EDGE_CURVE ( 'NONE', #218, #608, #963, .T. ) ;
#570 = ORIENTED_EDGE ( 'NONE', *, *, #980, .T. ) ;
#571 = EDGE_CURVE ( 'NONE', #936, #1243, #331, .T. ) ;
#572 = EDGE_CURVE ( 'NONE', #749, #382, #1027, .T. ) ;
#573 = VERTEX_POINT ( 'NONE', #1005 ) ;
#574 = DIRECTION ( 'NONE',  ( -0.000000000000000000, -1.000000000000000000, -0.000000000000000000 ) ) ;
#575 = DIRECTION ( 'NONE',  ( 0.000000000000000000, 0.000000000000000000, -1.000000000000000000 ) ) ;
#576 = AXIS2_PLACEMENT_3D ( 'NONE', #1076, #1336, #1331 ) ;
#577 = DIRECTION ( 'NONE',  ( 0.000000000000000000, 0.000000000000000000, -1.000000000000000000 ) ) ;
#578 = ORIENTED_EDGE ( 'NONE', *, *, #1411, .T. ) ;
#579 = ORIENTED_EDGE ( 'NONE', *, *, #420, .F. ) ;
#580 = ORIENTED_EDGE ( 'NONE', *, *, #686, .T. ) ;
#581 = CARTESIAN_POINT ( 'NONE',  ( 17.27904176736258890, 0.4000000000000027978, 18.71429910660401674 ) ) ;
#582 = ADVANCED_FACE ( 'NONE', ( #1461 ), #656, .F. ) ;
#583 = CYLINDRICAL_SURFACE ( 'NONE', #143, 6.049999999999999822 ) ;
#584 = ORIENTED_EDGE ( 'NONE', *, *, #254, .F. ) ;
#585 = AXIS2_PLACEMENT_3D ( 'NONE', #1256, #459, #771 ) ;
#586 = CARTESIAN_POINT ( 'NONE',  ( 0.000000000000000000, 0.000000000000000000, -16.05000000000000071 ) ) ;
#587 = ORIENTED_EDGE ( 'NONE', *, *, #400, .T. ) ;
#588 =( LENGTH_UNIT ( ) NAMED_UNIT ( * ) SI_UNIT ( .MILLI., .METRE. ) );
#589 = CYLINDRICAL_SURFACE ( 'NONE', #519, 5.000000000000000000 ) ;
#590 = ORIENTED_EDGE ( 'NONE', *, *, #233, .T. ) ;
#591 = DIRECTION ( 'NONE',  ( 0.000000000000000000, 1.000000000000000000, 0.000000000000000000 ) ) ;
#592 = AXIS2_PLACEMENT_3D ( 'NONE', #904, #198, #878 ) ;
#593 = CARTESIAN_POINT ( 'NONE',  ( -8.707638574548465016, 4.000000000000000000, 46.70307303010181244 ) ) ;
#594 = ORIENTED_EDGE ( 'NONE', *, *, #1064, .F. ) ;
#595 = DIRECTION ( 'NONE',  ( 0.000000000000000000, 0.000000000000000000, 1.000000000000000000 ) ) ;
#596 = DIRECTION ( 'NONE',  ( -0.000000000000000000, -1.000000000000000000, -0.000000000000000000 ) ) ;
#597 = DIRECTION ( 'NONE',  ( 0.000000000000000000, 1.000000000000000000, 0.000000000000000000 ) ) ;
#598 = CIRCLE ( 'NONE', #1131, 34.00000000000000000 ) ;
#599 = ADVANCED_FACE ( 'NONE', ( #675 ), #879, .F. ) ;
#600 = EDGE_LOOP ( 'NONE', ( #1313, #384 ) ) ;
#601 = ORIENTED_EDGE ( 'NONE', *, *, #463, .T. ) ;
#602 = CARTESIAN_POINT ( 'NONE',  ( 1.984376143571862200E-12, 0.000000000000000000, 14.00000000000000000 ) ) ;
#603 = DIRECTION ( 'NONE',  ( 0.000000000000000000, 1.000000000000000000, 0.000000000000000000 ) ) ;
#604 = CARTESIAN_POINT ( 'NONE',  ( 12.12435565298263462, 4.000000000000000000, -4.950000000000583711 ) ) ;
#605 = AXIS2_PLACEMENT_3D ( 'NONE', #1443, #653, #509 ) ;
#606 = ORIENTED_EDGE ( 'NONE', *, *, #898, .T. ) ;
#607 = EDGE_CURVE ( 'NONE', #215, #1292, #89, .T. ) ;
#608 = VERTEX_POINT ( 'NONE', #194 ) ;
#609 = DIRECTION ( 'NONE',  ( -0.000000000000000000, -1.000000000000000000, -0.000000000000000000 ) ) ;
#610 = CARTESIAN_POINT ( 'NONE',  ( -33.81860468844999446, 0.000000000000000000, 3.507417415470829969 ) ) ;
#611 = CIRCLE ( 'NONE', #874, 34.00000000000000000 ) ;
#612 = DIRECTION ( 'NONE',  ( -0.000000000000000000, -1.000000000000000000, -0.000000000000000000 ) ) ;
#613 = AXIS2_PLACEMENT_3D ( 'NONE', #745, #276, #177 ) ;
#614 = ORIENTED_EDGE ( 'NONE', *, *, #1105, .F. ) ;
#615 = CIRCLE ( 'NONE', #953, 2.050000000002084821 ) ;
#616 = ORIENTED_EDGE ( 'NONE', *, *, #283, .T. ) ;
#617 = AXIS2_PLACEMENT_3D ( 'NONE', #1282, #477, #1069 ) ;
#618 = DIRECTION ( 'NONE',  ( -0.000000000000000000, -1.000000000000000000, -0.000000000000000000 ) ) ;
#619 = EDGE_CURVE ( 'NONE', #411, #175, #690, .T. ) ;
#620 = CARTESIAN_POINT ( 'NONE',  ( 0.000000000000000000, 2.500000000000000000, 0.000000000000000000 ) ) ;
#621 = CARTESIAN_POINT ( 'NONE',  ( -10.36279037207839693, 0.000000000000000000, -25.78492923597755393 ) ) ;
#622 = LINE ( 'NONE', #993, #893 ) ;
#623 = AXIS2_PLACEMENT_3D ( 'NONE', #213, #1485, #1119 ) ;
#624 = ORIENTED_EDGE ( 'NONE', *, *, #619, .F. ) ;
#625 = AXIS2_PLACEMENT_3D ( 'NONE', #962, #1312, #272 ) ;
#626 = DIRECTION ( 'NONE',  ( 0.000000000000000000, -1.000000000000000000, 0.000000000000000000 ) ) ;
#627 = EDGE_CURVE ( 'NONE', #568, #127, #1373, .T. ) ;
#628 = LINE ( 'NONE', #421, #385 ) ;
#629 = DIRECTION ( 'NONE',  ( -0.000000000000000000, -1.000000000000000000, -0.000000000000000000 ) ) ;
#630 = ORIENTED_EDGE ( 'NONE', *, *, #646, .F. ) ;
#631 = AXIS2_PLACEMENT_3D ( 'NONE', #906, #307, #1376 ) ;
#632 = CARTESIAN_POINT ( 'NONE',  ( -44.89330973890759680, 0.000000000000000000, -15.54318952745949467 ) ) ;
#633 =( NAMED_UNIT ( * ) SI_UNIT ( $, .STERADIAN. ) SOLID_ANGLE_UNIT ( ) );
#634 = ADVANCED_FACE ( 'NONE', ( #340 ), #1254, .F. ) ;
#635 = DIRECTION ( 'NONE',  ( -0.000000000000000000, -1.000000000000000000, -0.000000000000000000 ) ) ;
#636 = CARTESIAN_POINT ( 'NONE',  ( 17.27904176736258890, 0.4000000000000027978, 21.76429910660401745 ) ) ;
#637 = AXIS2_PLACEMENT_3D ( 'NONE', #23, #826, #1294 ) ;
#638 = EDGE_LOOP ( 'NONE', ( #707, #601 ) ) ;
#639 = AXIS2_PLACEMENT_3D ( 'NONE', #717, #270, #1185 ) ;
#640 = DIRECTION ( 'NONE',  ( 0.000000000000000000, 1.000000000000000000, 0.000000000000000000 ) ) ;
#641 = VERTEX_POINT ( 'NONE', #652 ) ;
#642 = DIRECTION ( 'NONE',  ( -0.000000000000000000, -1.000000000000000000, -0.000000000000000000 ) ) ;
#643 = FACE_BOUND ( 'NONE', #142, .T. ) ;
#644 = EDGE_LOOP ( 'NONE', ( #721, #375 ) ) ;
#645 = DIRECTION ( 'NONE',  ( 0.000000000000000000, 0.000000000000000000, 1.000000000000000000 ) ) ;
#646 = EDGE_CURVE ( 'NONE', #664, #486, #1396, .T. ) ;
#647 = ADVANCED_FACE ( 'NONE', ( #905 ), #1454, .F. ) ;
#648 = AXIS2_PLACEMENT_3D ( 'NONE', #1158, #1412, #1152 ) ;
#649 = DIRECTION ( 'NONE',  ( 0.000000000000000000, 1.000000000000000000, 0.000000000000000000 ) ) ;
#650 = VECTOR ( 'NONE', #406, 1000.000000000000000 ) ;
#651 = CARTESIAN_POINT ( 'NONE',  ( 18.09283558217944332, 0.000000000000000000, 31.12313127878046615 ) ) ;
#652 = CARTESIAN_POINT ( 'NONE',  ( 12.12435565298363116, 0.000000000000000000, 4.949999999997667821 ) ) ;
#653 = DIRECTION ( 'NONE',  ( 0.000000000000000000, -1.000000000000000000, 0.000000000000000000 ) ) ;
#654 = DIRECTION ( 'NONE',  ( 0.000000000000000000, 0.000000000000000000, -1.000000000000000000 ) ) ;
#655 = DIRECTION ( 'NONE',  ( -0.000000000000000000, -1.000000000000000000, -0.000000000000000000 ) ) ;
#656 = PLANE ( 'NONE',  #1304 ) ;
#657 = DIRECTION ( 'NONE',  ( -0.5025787661716548671, 0.000000000000000000, -0.8645314244105746226 ) ) ;
#658 = CARTESIAN_POINT ( 'NONE',  ( 9.089166677159520091, 0.000000000000000000, -39.34295147483976507 ) ) ;
#659 = CIRCLE ( 'NONE', #1434, 7.000000000000000000 ) ;
#660 = LINE ( 'NONE', #204, #1303 ) ;
#661 = ADVANCED_FACE ( 'NONE', ( #794 ), #1240, .F. ) ;
#662 = CARTESIAN_POINT ( 'NONE',  ( -12.12435565298065221, 0.000000000000000000, 9.050000000002949463 ) ) ;
#663 = LINE ( 'NONE', #1350, #699 ) ;
#664 = VERTEX_POINT ( 'NONE', #1365 ) ;
#665 = FACE_OUTER_BOUND ( 'NONE', #1167, .T. ) ;
#666 = EDGE_LOOP ( 'NONE', ( #1423, #587, #1466, #696 ) ) ;
#667 = DIRECTION ( 'NONE',  ( 0.000000000000000000, 1.000000000000000000, 0.000000000000000000 ) ) ;
#668 = AXIS2_PLACEMENT_3D ( 'NONE', #620, #1433, #67 ) ;
#669 = EDGE_CURVE ( 'NONE', #1051, #226, #1203, .T. ) ;
#670 = CARTESIAN_POINT ( 'NONE',  ( 1.984376143571862200E-12, 0.000000000000000000, 14.00000000000000000 ) ) ;
#671 = CARTESIAN_POINT ( 'NONE',  ( 17.27904176736258890, 0.4000000000000027978, 24.81429910660401816 ) ) ;
#672 = ORIENTED_EDGE ( 'NONE', *, *, #19, .T. ) ;
#673 = VERTEX_POINT ( 'NONE', #469 ) ;
#674 = CARTESIAN_POINT ( 'NONE',  ( 12.12435565298263462, 4.000000000000000000, -9.050000000001142908 ) ) ;
#675 = FACE_OUTER_BOUND ( 'NONE', #11, .T. ) ;
#676 = ADVANCED_FACE ( 'NONE', ( #222 ), #704, .F. ) ;
#677 = CARTESIAN_POINT ( 'NONE',  ( 0.000000000000000000, 4.000000000000000000, 0.000000000000000000 ) ) ;
#678 = EDGE_CURVE ( 'NONE', #325, #362, #698, .T. ) ;
#679 = EDGE_LOOP ( 'NONE', ( #1268, #1123 ) ) ;
#680 = FACE_OUTER_BOUND ( 'NONE', #1414, .T. ) ;
#681 = AXIS2_PLACEMENT_3D ( 'NONE', #378, #1440, #1302 ) ;
#682 = AXIS2_PLACEMENT_3D ( 'NONE', #892, #85, #544 ) ;
#683 = CARTESIAN_POINT ( 'NONE',  ( 0.000000000000000000, 19.61198410471445186, 0.000000000000000000 ) ) ;
#684 = DIRECTION ( 'NONE',  ( 0.000000000000000000, 1.000000000000000000, 0.000000000000000000 ) ) ;
#685 = VERTEX_POINT ( 'NONE', #1068 ) ;
#686 = EDGE_CURVE ( 'NONE', #973, #1386, #812, .T. ) ;
#687 = DIRECTION ( 'NONE',  ( 0.000000000000000000, 0.000000000000000000, 1.000000000000000000 ) ) ;
#688 = CARTESIAN_POINT ( 'NONE',  ( 51.80956113419176035, 4.000000000000000000, 11.52255939808599550 ) ) ;
#689 = ORIENTED_EDGE ( 'NONE', *, *, #1492, .T. ) ;
#690 = CIRCLE ( 'NONE', #1227, 2.049999999999999822 ) ;
#691 = CARTESIAN_POINT ( 'NONE',  ( -26.80047415672791544, 0.000000000000000000, 15.57994175132135517 ) ) ;
#692 = EDGE_LOOP ( 'NONE', ( #1273, #1065, #1228, #1113 ) ) ;
#693 = CARTESIAN_POINT ( 'NONE',  ( 12.12435565298363116, 4.000000000000000000, 9.050000000000610001 ) ) ;
#694 = EDGE_LOOP ( 'NONE', ( #1289, #116 ) ) ;
#695 = ORIENTED_EDGE ( 'NONE', *, *, #1335, .F. ) ;
#696 = ORIENTED_EDGE ( 'NONE', *, *, #753, .F. ) ;
#697 = CARTESIAN_POINT ( 'NONE',  ( -2.172915281875351212, 0.000000000000000000, 35.32232134546624991 ) ) ;
#698 = LINE ( 'NONE', #1164, #524 ) ;
#699 = VECTOR ( 'NONE', #216, 1000.000000000000000 ) ;
#700 = PLANE ( 'NONE',  #1169 ) ;
#701 = EDGE_LOOP ( 'NONE', ( #790, #797 ) ) ;
#702 = CARTESIAN_POINT ( 'NONE',  ( 0.000000000000000000, 0.000000000000000000, 0.000000000000000000 ) ) ;
#703 = VECTOR ( 'NONE', #714, 1000.000000000000000 ) ;
#704 = CYLINDRICAL_SURFACE ( 'NONE', #166, 2.250000000000001776 ) ;
#705 = AXIS2_PLACEMENT_3D ( 'NONE', #1216, #496, #865 ) ;
#706 = CARTESIAN_POINT ( 'NONE',  ( -44.89330973890759680, 0.000000000000000000, -15.54318952745949467 ) ) ;
#707 = ORIENTED_EDGE ( 'NONE', *, *, #619, .T. ) ;
#708 = EDGE_LOOP ( 'NONE', ( #34, #562 ) ) ;
#709 = CARTESIAN_POINT ( 'NONE',  ( -10.36279037207839693, 0.000000000000000000, -28.83492923597756175 ) ) ;
#710 = VERTEX_POINT ( 'NONE', #476 ) ;
#711 = DIRECTION ( 'NONE',  ( -0.5025787661716547561, 0.000000000000000000, -0.8645314244105746226 ) ) ;
#712 = EDGE_CURVE ( 'NONE', #103, #43, #32, .T. ) ;
#713 = CIRCLE ( 'NONE', #68, 2.050000000000279154 ) ;
#714 = DIRECTION ( 'NONE',  ( 0.000000000000000000, 1.000000000000000000, 0.000000000000000000 ) ) ;
#715 = ORIENTED_EDGE ( 'NONE', *, *, #515, .F. ) ;
#716 = ORIENTED_EDGE ( 'NONE', *, *, #1285, .T. ) ;
#717 = CARTESIAN_POINT ( 'NONE',  ( 12.12435565298263462, 4.000000000000000000, -7.000000000000863309 ) ) ;
#718 = FACE_BOUND ( 'NONE', #600, .T. ) ;
#719 = DIRECTION ( 'NONE',  ( -0.8645314244105747337, 0.000000000000000000, 0.5025787661716546451 ) ) ;
#720 = EDGE_CURVE ( 'NONE', #1051, #1057, #125, .T. ) ;
#721 = ORIENTED_EDGE ( 'NONE', *, *, #1383, .F. ) ;
#722 = ADVANCED_FACE ( 'NONE', ( #837 ), #583, .F. ) ;
#723 = EDGE_CURVE ( 'NONE', #362, #641, #304, .T. ) ;
#724 = ORIENTED_EDGE ( 'NONE', *, *, #293, .T. ) ;
#725 = DIRECTION ( 'NONE',  ( 0.000000000000000000, 0.000000000000000000, -1.000000000000000000 ) ) ;
#726 = LINE ( 'NONE', #1080, #257 ) ;
#727 = CARTESIAN_POINT ( 'NONE',  ( 9.089166677159520091, 10.00000000000000000, -34.84295147483976507 ) ) ;
#728 = CIRCLE ( 'NONE', #1293, 7.000000000000000000 ) ;
#729 = ORIENTED_EDGE ( 'NONE', *, *, #1230, .F. ) ;
#730 = CARTESIAN_POINT ( 'NONE',  ( 0.000000000000000000, 0.000000000000000000, 7.000000000000000000 ) ) ;
#731 = ORIENTED_EDGE ( 'NONE', *, *, #559, .F. ) ;
#732 = EDGE_CURVE ( 'NONE', #309, #1014, #483, .T. ) ;
#733 = FACE_OUTER_BOUND ( 'NONE', #954, .T. ) ;
#734 = FACE_BOUND ( 'NONE', #744, .T. ) ;
#735 = LINE ( 'NONE', #727, #1229 ) ;
#736 = CARTESIAN_POINT ( 'NONE',  ( 12.12435565298263462, 0.000000000000000000, -4.950000000000583711 ) ) ;
#737 = AXIS2_PLACEMENT_3D ( 'NONE', #805, #243, #1391 ) ;
#738 = ORIENTED_EDGE ( 'NONE', *, *, #720, .T. ) ;
#739 = ORIENTED_EDGE ( 'NONE', *, *, #678, .F. ) ;
#740 = CARTESIAN_POINT ( 'NONE',  ( -26.80047415672791544, 0.000000000000000000, 15.57994175132135517 ) ) ;
#741 = FACE_BOUND ( 'NONE', #234, .T. ) ;
#742 = FACE_BOUND ( 'NONE', #377, .T. ) ;
#743 = DIRECTION ( 'NONE',  ( 0.000000000000000000, 0.000000000000000000, 1.000000000000000000 ) ) ;
#744 = EDGE_LOOP ( 'NONE', ( #890, #239 ) ) ;
#745 = CARTESIAN_POINT ( 'NONE',  ( -12.12435565298065221, 0.000000000000000000, 7.000000000000865086 ) ) ;
#746 = FACE_BOUND ( 'NONE', #1415, .T. ) ;
#747 = EDGE_CURVE ( 'NONE', #781, #1176, #1, .T. ) ;
#748 = DIRECTION ( 'NONE',  ( -0.000000000000000000, -1.000000000000000000, -0.000000000000000000 ) ) ;
#749 = VERTEX_POINT ( 'NONE', #1060 ) ;
#750 = AXIS2_PLACEMENT_3D ( 'NONE', #153, #609, #1073 ) ;
#751 = CARTESIAN_POINT ( 'NONE',  ( 15.62388996983264633, 4.000000000000000000, -50.72370315947532760 ) ) ;
#752 = FACE_BOUND ( 'NONE', #644, .T. ) ;
#753 = EDGE_CURVE ( 'NONE', #891, #858, #920, .T. ) ;
#754 = DIRECTION ( 'NONE',  ( 0.000000000000000000, 0.000000000000000000, -1.000000000000000000 ) ) ;
#755 = EDGE_LOOP ( 'NONE', ( #761, #842, #408, #444 ) ) ;
#756 = VERTEX_POINT ( 'NONE', #253 ) ;
#757 = VECTOR ( 'NONE', #435, 999.9999999999998863 ) ;
#758 = DIRECTION ( 'NONE',  ( -0.000000000000000000, -1.000000000000000000, -0.000000000000000000 ) ) ;
#759 = CARTESIAN_POINT ( 'NONE',  ( 0.000000000000000000, 2.500000000000000000, 0.000000000000000000 ) ) ;
#760 = CARTESIAN_POINT ( 'NONE',  ( 17.27904176736258890, 0.4000000000000027978, 21.76429910660401745 ) ) ;
#761 = ORIENTED_EDGE ( 'NONE', *, *, #795, .F. ) ;
#762 = CARTESIAN_POINT ( 'NONE',  ( 0.000000000000000000, 2.500000000000000000, 0.000000000000000000 ) ) ;
#763 = ORIENTED_EDGE ( 'NONE', *, *, #747, .F. ) ;
#764 = ADVANCED_FACE ( 'NONE', ( #927 ), #371, .F. ) ;
#765 = CARTESIAN_POINT ( 'NONE',  ( -29.81474742131632283, 4.000000000000000000, -14.47690699711531082 ) ) ;
#766 = AXIS2_PLACEMENT_3D ( 'NONE', #863, #1328, #743 ) ;
#767 = EDGE_LOOP ( 'NONE', ( #1264, #1217 ) ) ;
#768 = DIRECTION ( 'NONE',  ( -0.000000000000000000, -1.000000000000000000, -0.000000000000000000 ) ) ;
#769 = CARTESIAN_POINT ( 'NONE',  ( -12.12435565298220652, 4.000000000000000000, -6.999999999999052314 ) ) ;
#770 = ORIENTED_EDGE ( 'NONE', *, *, #264, .T. ) ;
#771 = DIRECTION ( 'NONE',  ( 0.000000000000000000, 0.000000000000000000, 1.000000000000000000 ) ) ;
#772 = ORIENTED_EDGE ( 'NONE', *, *, #549, .T. ) ;
#773 = CIRCLE ( 'NONE', #134, 2.250000000000001776 ) ;
#774 = AXIS2_PLACEMENT_3D ( 'NONE', #740, #44, #38 ) ;
#775 = EDGE_CURVE ( 'NONE', #309, #841, #501, .T. ) ;
#776 = DIRECTION ( 'NONE',  ( -0.5025787661716548671, 0.000000000000000000, -0.8645314244105746226 ) ) ;
#777 = CARTESIAN_POINT ( 'NONE',  ( 12.12435565298263462, 4.000000000000000000, -7.000000000000863309 ) ) ;
#778 = DIRECTION ( 'NONE',  ( 0.000000000000000000, 1.000000000000000000, 0.000000000000000000 ) ) ;
#779 = ORIENTED_EDGE ( 'NONE', *, *, #1022, .T. ) ;
#780 = CARTESIAN_POINT ( 'NONE',  ( 9.089166677159520091, 4.000000000000000000, -37.09295147483976507 ) ) ;
#781 = VERTEX_POINT ( 'NONE', #821 ) ;
#782 = VECTOR ( 'NONE', #314, 1000.000000000000114 ) ;
#783 = FACE_OUTER_BOUND ( 'NONE', #1283, .T. ) ;
#784 = CARTESIAN_POINT ( 'NONE',  ( 0.000000000000000000, -2.000000000000000000, 0.000000000000000000 ) ) ;
#785 = EDGE_CURVE ( 'NONE', #786, #357, #45, .T. ) ;
#786 = VERTEX_POINT ( 'NONE', #8 ) ;
#787 = CARTESIAN_POINT ( 'NONE',  ( -2.172915281875351656, 0.000000000000000000, 33.07232134546624991 ) ) ;
#788 = EDGE_LOOP ( 'NONE', ( #102, #1207, #1028, #1041 ) ) ;
#789 =( NAMED_UNIT ( * ) SI_UNIT ( $, .STERADIAN. ) SOLID_ANGLE_UNIT ( ) );
#790 = ORIENTED_EDGE ( 'NONE', *, *, #880, .T. ) ;
#791 = EDGE_LOOP ( 'NONE', ( #1154, #275, #1368, #965 ) ) ;
#792 = LINE ( 'NONE', #1157, #1334 ) ;
#793 = VECTOR ( 'NONE', #182, 999.9999999999998863 ) ;
#794 = FACE_OUTER_BOUND ( 'NONE', #21, .T. ) ;
#795 = EDGE_CURVE ( 'NONE', #573, #170, #139, .T. ) ;
#796 = DIRECTION ( 'NONE',  ( 0.000000000000000000, 0.000000000000000000, 1.000000000000000000 ) ) ;
#797 = ORIENTED_EDGE ( 'NONE', *, *, #525, .T. ) ;
#798 = PRESENTATION_STYLE_ASSIGNMENT (( #481 ) ) ;
#799 = ORIENTED_EDGE ( 'NONE', *, *, #1393, .F. ) ;
#800 = EDGE_LOOP ( 'NONE', ( #1407, #1111, #988, #1307 ) ) ;
#801 = CARTESIAN_POINT ( 'NONE',  ( 0.000000000000000000, 4.000000000000000000, -14.00000000000000000 ) ) ;
#802 = VECTOR ( 'NONE', #811, 1000.000000000000000 ) ;
#803 = ORIENTED_EDGE ( 'NONE', *, *, #1053, .F. ) ;
#804 = CIRCLE ( 'NONE', #449, 2.050000000002084821 ) ;
#805 = CARTESIAN_POINT ( 'NONE',  ( 36.73099881660051125, 4.000000000000000000, 10.45627686774178677 ) ) ;
#806 = CARTESIAN_POINT ( 'NONE',  ( 8.572527594031473190E-16, 0.000000000000000000, -7.000000000000000000 ) ) ;
#807 = EDGE_CURVE ( 'NONE', #1063, #940, #813, .T. ) ;
#808 = EDGE_LOOP ( 'NONE', ( #1046, #229, #908, #136 ) ) ;
#809 = ORIENTED_EDGE ( 'NONE', *, *, #549, .F. ) ;
#810 = VERTEX_POINT ( 'NONE', #1180 ) ;
#811 = DIRECTION ( 'NONE',  ( -0.000000000000000000, -1.000000000000000000, -0.000000000000000000 ) ) ;
#812 = CIRCLE ( 'NONE', #648, 2.250000000000000444 ) ;
#813 = LINE ( 'NONE', #1281, #1178 ) ;
#814 = MANIFOLD_SOLID_BREP ( '切除-拉伸3', #848 ) ;
#815 = CARTESIAN_POINT ( 'NONE',  ( 0.000000000000000000, -2.000000000000000000, 0.000000000000000000 ) ) ;
#816 = ORIENTED_EDGE ( 'NONE', *, *, #54, .T. ) ;
#817 = SHAPE_DEFINITION_REPRESENTATION ( #266, #268 ) ;
#818 = EDGE_CURVE ( 'NONE', #1386, #923, #943, .T. ) ;
#819 = EDGE_CURVE ( 'NONE', #858, #20, #713, .T. ) ;
#820 = PLANE ( 'NONE',  #1387 ) ;
#821 = CARTESIAN_POINT ( 'NONE',  ( -33.81860468844999446, 0.000000000000000000, 3.507417415470829969 ) ) ;
#822 = AXIS2_PLACEMENT_3D ( 'NONE', #1019, #451, #577 ) ;
#823 = CYLINDRICAL_SURFACE ( 'NONE', #1048, 3.050000000000000711 ) ;
#824 = ORIENTED_EDGE ( 'NONE', *, *, #686, .F. ) ;
#825 = VERTEX_POINT ( 'NONE', #154 ) ;
#826 = DIRECTION ( 'NONE',  ( 0.000000000000000000, 1.000000000000000000, 0.000000000000000000 ) ) ;
#827 = EDGE_LOOP ( 'NONE', ( #461, #495, #1030, #1190 ) ) ;
#828 = EDGE_CURVE ( 'NONE', #781, #179, #40, .T. ) ;
#829 = DIRECTION ( 'NONE',  ( -0.000000000000000000, -1.000000000000000000, -0.000000000000000000 ) ) ;
#830 = AXIS2_PLACEMENT_3D ( 'NONE', #1066, #1177, #455 ) ;
#831 =( GEOMETRIC_REPRESENTATION_CONTEXT ( 3 ) GLOBAL_UNCERTAINTY_ASSIGNED_CONTEXT ( ( #968 ) ) GLOBAL_UNIT_ASSIGNED_CONTEXT ( ( #417, #93, #552 ) ) REPRESENTATION_CONTEXT ( 'NONE', 'WORKASPACE' ) );
#832 = LINE ( 'NONE', #27, #321 ) ;
#833 = ORIENTED_EDGE ( 'NONE', *, *, #807, .T. ) ;
#834 = ORIENTED_EDGE ( 'NONE', *, *, #351, .T. ) ;
#835 = CARTESIAN_POINT ( 'NONE',  ( 9.089166677159520091, 0.000000000000000000, -34.84295147483976507 ) ) ;
#836 = EDGE_CURVE ( 'NONE', #781, #685, #598, .T. ) ;
#837 = FACE_OUTER_BOUND ( 'NONE', #1388, .T. ) ;
#838 = AXIS2_PLACEMENT_3D ( 'NONE', #25, #1035, #1043 ) ;
#839 = DIRECTION ( 'NONE',  ( 0.000000000000000000, 0.000000000000000000, -1.000000000000000000 ) ) ;
#840 = CIRCLE ( 'NONE', #305, 2.050000000000279154 ) ;
#841 = VERTEX_POINT ( 'NONE', #1088 ) ;
#842 = ORIENTED_EDGE ( 'NONE', *, *, #1089, .T. ) ;
#843 =( GEOMETRIC_REPRESENTATION_CONTEXT ( 3 ) GLOBAL_UNCERTAINTY_ASSIGNED_CONTEXT ( ( #1435 ) ) GLOBAL_UNIT_ASSIGNED_CONTEXT ( ( #588, #1266, #789 ) ) REPRESENTATION_CONTEXT ( 'NONE', 'WORKASPACE' ) );
#844 = DIRECTION ( 'NONE',  ( 0.000000000000000000, 1.000000000000000000, 0.000000000000000000 ) ) ;
#845 = CARTESIAN_POINT ( 'NONE',  ( 0.000000000000000000, 0.000000000000000000, 0.000000000000000000 ) ) ;
#846 = CARTESIAN_POINT ( 'NONE',  ( 17.27904176736258890, 10.00000000000000000, 21.76429910660401745 ) ) ;
#847 = EDGE_CURVE ( 'NONE', #486, #664, #479, .T. ) ;
#848 = CLOSED_SHELL ( 'NONE', ( #1201, #1126, #1374, #676, #300, #960, #47, #1471, #599, #159, #1097, #242, #1004, #1222, #969, #197, #947, #867, #507, #418, #497, #764, #470, #661, #950, #647, #872, #911, #318, #370, #582, #1023, #1117, #634, #1182, #979, #113, #998, #339, #488, #1362, #532, #132, #722 ) ) ;
#849 = ORIENTED_EDGE ( 'NONE', *, *, #380, .T. ) ;
#850 = DIRECTION ( 'NONE',  ( 0.000000000000000000, -1.000000000000000000, 0.000000000000000000 ) ) ;
#851 = ORIENTED_EDGE ( 'NONE', *, *, #1420, .T. ) ;
#852 = DIRECTION ( 'NONE',  ( 0.000000000000000000, 0.000000000000000000, -1.000000000000000000 ) ) ;
#853 = CARTESIAN_POINT ( 'NONE',  ( 0.000000000000000000, 0.000000000000000000, 0.000000000000000000 ) ) ;
#854 = FACE_BOUND ( 'NONE', #473, .T. ) ;
#855 = CIRCLE ( 'NONE', #1050, 2.250000000000001776 ) ;
#856 = LINE ( 'NONE', #1215, #1016 ) ;
#857 = ORIENTED_EDGE ( 'NONE', *, *, #818, .F. ) ;
#858 = VERTEX_POINT ( 'NONE', #271 ) ;
#859 = DIRECTION ( 'NONE',  ( 0.000000000000000000, 0.000000000000000000, -1.000000000000000000 ) ) ;
#860 = ORIENTED_EDGE ( 'NONE', *, *, #1274, .F. ) ;
#861 = DIRECTION ( 'NONE',  ( 0.000000000000000000, 1.000000000000000000, 0.000000000000000000 ) ) ;
#862 = FACE_OUTER_BOUND ( 'NONE', #366, .T. ) ;
#863 = CARTESIAN_POINT ( 'NONE',  ( 0.000000000000000000, 2.499999999999998668, 0.000000000000000000 ) ) ;
#864 = VECTOR ( 'NONE', #464, 999.9999999999998863 ) ;
#865 = DIRECTION ( 'NONE',  ( 0.000000000000000000, 0.000000000000000000, -1.000000000000000000 ) ) ;
#866 = EDGE_CURVE ( 'NONE', #1039, #175, #277, .T. ) ;
#867 = ADVANCED_FACE ( 'NONE', ( #262, #734, #513, #718, #741, #394, #498, #1186, #959, #1419, #1101, #746, #292, #419 ), #387, .F. ) ;
#868 = DIRECTION ( 'NONE',  ( 0.000000000000000000, 0.000000000000000000, -1.000000000000000000 ) ) ;
#869 = CARTESIAN_POINT ( 'NONE',  ( 1.984376143571862200E-12, 4.000000000000000000, 11.94999999999775397 ) ) ;
#870 = EDGE_LOOP ( 'NONE', ( #1400, #716, #454, #471 ) ) ;
#871 = FACE_OUTER_BOUND ( 'NONE', #24, .T. ) ;
#872 = ADVANCED_FACE ( 'NONE', ( #1194, #975 ), #1218, .F. ) ;
#873 = CYLINDRICAL_SURFACE ( 'NONE', #1489, 34.00000000000000000 ) ;
#874 = AXIS2_PLACEMENT_3D ( 'NONE', #677, #195, #1144 ) ;
#875 = DIRECTION ( 'NONE',  ( 0.000000000000000000, 0.000000000000000000, 1.000000000000000000 ) ) ;
#876 = AXIS2_PLACEMENT_3D ( 'NONE', #1432, #403, #1324 ) ;
#877 = CARTESIAN_POINT ( 'NONE',  ( -2.172915281875351212, 10.00000000000000000, 35.32232134546624991 ) ) ;
#878 = DIRECTION ( 'NONE',  ( 0.000000000000000000, 0.000000000000000000, -1.000000000000000000 ) ) ;
#879 = CYLINDRICAL_SURFACE ( 'NONE', #282, 2.250000000000001776 ) ;
#880 = EDGE_CURVE ( 'NONE', #1130, #170, #1032, .T. ) ;
#881 = EDGE_LOOP ( 'NONE', ( #310, #434, #1475, #1160 ) ) ;
#882 = DIRECTION ( 'NONE',  ( -0.000000000000000000, -1.000000000000000000, -0.000000000000000000 ) ) ;
#883 = VECTOR ( 'NONE', #596, 1000.000000000000000 ) ;
#884 = FACE_OUTER_BOUND ( 'NONE', #903, .T. ) ;
#885 = AXIS2_PLACEMENT_3D ( 'NONE', #846, #413, #868 ) ;
#886 = DIRECTION ( 'NONE',  ( 0.000000000000000000, 0.000000000000000000, 1.000000000000000000 ) ) ;
#887 = CARTESIAN_POINT ( 'NONE',  ( 9.089166677159520091, 10.00000000000000000, -37.09295147483976507 ) ) ;
#888 = DIRECTION ( 'NONE',  ( 0.000000000000000000, 0.000000000000000000, 1.000000000000000000 ) ) ;
#889 = EDGE_CURVE ( 'NONE', #209, #104, #726, .T. ) ;
#890 = ORIENTED_EDGE ( 'NONE', *, *, #54, .F. ) ;
#891 = VERTEX_POINT ( 'NONE', #674 ) ;
#892 = CARTESIAN_POINT ( 'NONE',  ( -10.36279037207839693, 10.00000000000000000, -25.78492923597755393 ) ) ;
#893 = VECTOR ( 'NONE', #1084, 1000.000000000000000 ) ;
#894 = LINE ( 'NONE', #1252, #757 ) ;
#895 = DIRECTION ( 'NONE',  ( 0.000000000000000000, 0.000000000000000000, -1.000000000000000000 ) ) ;
#896 = DIRECTION ( 'NONE',  ( 0.000000000000000000, -1.000000000000000000, 0.000000000000000000 ) ) ;
#897 = ORIENTED_EDGE ( 'NONE', *, *, #1012, .F. ) ;
#898 = EDGE_CURVE ( 'NONE', #1377, #685, #894, .T. ) ;
#899 = CIRCLE ( 'NONE', #517, 2.050000000002084821 ) ;
#900 = AXIS2_PLACEMENT_3D ( 'NONE', #801, #475, #1371 ) ;
#901 = DIRECTION ( 'NONE',  ( -0.000000000000000000, 1.000000000000000000, -0.000000000000000000 ) ) ;
#902 = AXIS2_PLACEMENT_3D ( 'NONE', #780, #1445, #1100 ) ;
#903 = EDGE_LOOP ( 'NONE', ( #287, #58, #946, #724 ) ) ;
#904 = CARTESIAN_POINT ( 'NONE',  ( 12.12435565298363116, 4.000000000000000000, 6.999999999999138467 ) ) ;
#905 = FACE_OUTER_BOUND ( 'NONE', #881, .T. ) ;
#906 = CARTESIAN_POINT ( 'NONE',  ( -10.36279037207839693, 0.3999999999999611644, -25.78492923597755393 ) ) ;
#907 = VECTOR ( 'NONE', #1330, 1000.000000000000000 ) ;
#908 = ORIENTED_EDGE ( 'NONE', *, *, #299, .T. ) ;
#909 = DIRECTION ( 'NONE',  ( -0.000000000000000000, -1.000000000000000000, -0.000000000000000000 ) ) ;
#910 = AXIS2_PLACEMENT_3D ( 'NONE', #1112, #1349, #430 ) ;
#911 = ADVANCED_FACE ( 'NONE', ( #1484 ), #303, .F. ) ;
#912 = EDGE_CURVE ( 'NONE', #334, #493, #660, .T. ) ;
#913 = CARTESIAN_POINT ( 'NONE',  ( -10.36279037207839693, 0.3999999999999611644, -28.83492923597756175 ) ) ;
#914 = CARTESIAN_POINT ( 'NONE',  ( -10.36279037207839693, 0.000000000000000000, -22.73492923597754611 ) ) ;
#915 = ORIENTED_EDGE ( 'NONE', *, *, #775, .F. ) ;
#916 = ORIENTED_EDGE ( 'NONE', *, *, #669, .F. ) ;
#917 = DIRECTION ( 'NONE',  ( 0.000000000000000000, 0.000000000000000000, 1.000000000000000000 ) ) ;
#918 = CIRCLE ( 'NONE', #152, 2.249999999999998668 ) ;
#919 = EDGE_CURVE ( 'NONE', #43, #1316, #383, .T. ) ;
#920 = LINE ( 'NONE', #935, #1367 ) ;
#921 = DIRECTION ( 'NONE',  ( 0.000000000000000000, 0.000000000000000000, -1.000000000000000000 ) ) ;
#922 = ORIENTED_EDGE ( 'NONE', *, *, #747, .T. ) ;
#923 = VERTEX_POINT ( 'NONE', #80 ) ;
#924 = AXIS2_PLACEMENT_3D ( 'NONE', #1121, #84, #542 ) ;
#925 = CARTESIAN_POINT ( 'NONE',  ( 17.27904176736258890, 0.000000000000000000, 18.71429910660401674 ) ) ;
#926 = AXIS2_PLACEMENT_3D ( 'NONE', #1010, #768, #95 ) ;
#927 = FACE_OUTER_BOUND ( 'NONE', #157, .T. ) ;
#928 = ORIENTED_EDGE ( 'NONE', *, *, #29, .F. ) ;
#929 = CARTESIAN_POINT ( 'NONE',  ( 0.000000000000000000, -2.000000000000000000, 0.000000000000000000 ) ) ;
#930 = EDGE_CURVE ( 'NONE', #1351, #710, #961, .T. ) ;
#931 = ORIENTED_EDGE ( 'NONE', *, *, #283, .F. ) ;
#932 = FILL_AREA_STYLE ('',( #1047 ) ) ;
#933 = ORIENTED_EDGE ( 'NONE', *, *, #400, .F. ) ;
#934 = DIRECTION ( 'NONE',  ( 0.000000000000000000, 0.000000000000000000, 1.000000000000000000 ) ) ;
#935 = CARTESIAN_POINT ( 'NONE',  ( 12.12435565298263462, 4.000000000000000000, -9.050000000001142908 ) ) ;
#936 = VERTEX_POINT ( 'NONE', #212 ) ;
#937 = DIRECTION ( 'NONE',  ( 0.000000000000000000, 0.000000000000000000, 1.000000000000000000 ) ) ;
#938 = ORIENTED_EDGE ( 'NONE', *, *, #181, .T. ) ;
#939 = EDGE_CURVE ( 'NONE', #42, #1351, #540, .T. ) ;
#940 = VERTEX_POINT ( 'NONE', #751 ) ;
#941 = FACE_OUTER_BOUND ( 'NONE', #1208, .T. ) ;
#942 = EDGE_LOOP ( 'NONE', ( #1255, #72 ) ) ;
#943 = LINE ( 'NONE', #506, #1417 ) ;
#944 = CARTESIAN_POINT ( 'NONE',  ( 9.089166677159520091, 4.000000000000000000, -34.84295147483976507 ) ) ;
#945 = ORIENTED_EDGE ( 'NONE', *, *, #368, .F. ) ;
#946 = ORIENTED_EDGE ( 'NONE', *, *, #732, .T. ) ;
#947 = ADVANCED_FACE ( 'NONE', ( #554 ), #1135, .F. ) ;
#948 = CARTESIAN_POINT ( 'NONE',  ( 17.27904176736258890, 10.00000000000000000, 24.81429910660401816 ) ) ;
#949 = EDGE_LOOP ( 'NONE', ( #915, #114 ) ) ;
#950 = ADVANCED_FACE ( 'NONE', ( #1348 ), #1225, .F. ) ;
#951 = DIRECTION ( 'NONE',  ( -0.000000000000000000, -1.000000000000000000, -0.000000000000000000 ) ) ;
#952 = CIRCLE ( 'NONE', #348, 3.050000000000007372 ) ;
#953 = AXIS2_PLACEMENT_3D ( 'NONE', #1452, #424, #203 ) ;
#954 = EDGE_LOOP ( 'NONE', ( #1155, #1204, #803, #219 ) ) ;
#955 = DIRECTION ( 'NONE',  ( -0.000000000000000000, -1.000000000000000000, -0.000000000000000000 ) ) ;
#956 = ORIENTED_EDGE ( 'NONE', *, *, #1305, .T. ) ;
#957 = ORIENTED_EDGE ( 'NONE', *, *, #980, .F. ) ;
#958 = CARTESIAN_POINT ( 'NONE',  ( -12.12435565298065221, 4.000000000000000000, 9.050000000002949463 ) ) ;
#959 = FACE_BOUND ( 'NONE', #518, .T. ) ;
#960 = ADVANCED_FACE ( 'NONE', ( #783 ), #87, .F. ) ;
#961 = CIRCLE ( 'NONE', #1408, 2.050000000001211298 ) ;
#962 = CARTESIAN_POINT ( 'NONE',  ( 0.000000000000000000, 4.000000000000000000, 0.000000000000000000 ) ) ;
#963 = CIRCLE ( 'NONE', #1034, 2.050000000002246026 ) ;
#964 = ORIENTED_EDGE ( 'NONE', *, *, #409, .T. ) ;
#965 = ORIENTED_EDGE ( 'NONE', *, *, #939, .F. ) ;
#966 = CARTESIAN_POINT ( 'NONE',  ( 9.089166677159520091, 4.000000000000000000, -39.34295147483976507 ) ) ;
#967 = DIRECTION ( 'NONE',  ( 0.000000000000000000, 1.000000000000000000, 0.000000000000000000 ) ) ;
#968 = UNCERTAINTY_MEASURE_WITH_UNIT (LENGTH_MEASURE( 1.000000000000000082E-05 ), #417, 'distance_accuracy_value', 'NONE');
#969 = ADVANCED_FACE ( 'NONE', ( #320 ), #1017, .F. ) ;
#970 = CYLINDRICAL_SURFACE ( 'NONE', #503, 2.050000000000001599 ) ;
#971 = AXIS2_PLACEMENT_3D ( 'NONE', #1104, #71, #1000 ) ;
#972 = EDGE_LOOP ( 'NONE', ( #401, #630 ) ) ;
#973 = VERTEX_POINT ( 'NONE', #1364 ) ;
#974 = CARTESIAN_POINT ( 'NONE',  ( 0.000000000000000000, 19.61198410471445186, 0.000000000000000000 ) ) ;
#975 = FACE_OUTER_BOUND ( 'NONE', #280, .T. ) ;
#976 = DIRECTION ( 'NONE',  ( 0.000000000000000000, 0.000000000000000000, -1.000000000000000000 ) ) ;
#977 = CIRCLE ( 'NONE', #900, 2.049999999999999822 ) ;
#978 = DIRECTION ( 'NONE',  ( 0.000000000000000000, 0.000000000000000000, -1.000000000000000000 ) ) ;
#979 = ADVANCED_FACE ( 'NONE', ( #871 ), #184, .F. ) ;
#980 = EDGE_CURVE ( 'NONE', #936, #1377, #1468, .T. ) ;
#981 = CARTESIAN_POINT ( 'NONE',  ( -2.172915281875351656, 0.000000000000000000, 33.07232134546624991 ) ) ;
#982 = ORIENTED_EDGE ( 'NONE', *, *, #723, .T. ) ;
#983 = PRESENTATION_STYLE_ASSIGNMENT (( #404 ) ) ;
#984 = DIRECTION ( 'NONE',  ( -0.000000000000000000, -1.000000000000000000, -0.000000000000000000 ) ) ;
#985 = AXIS2_PLACEMENT_3D ( 'NONE', #769, #999, #895 ) ;
#986 = DIRECTION ( 'NONE',  ( 0.000000000000000000, 0.000000000000000000, -1.000000000000000000 ) ) ;
#987 = AXIS2_PLACEMENT_3D ( 'NONE', #621, #48, #1205 ) ;
#988 = ORIENTED_EDGE ( 'NONE', *, *, #150, .T. ) ;
#989 = EDGE_CURVE ( 'NONE', #1338, #1057, #564, .T. ) ;
#990 = CARTESIAN_POINT ( 'NONE',  ( 36.73099881660051125, 10.00000000000000000, 12.70627686774178855 ) ) ;
#991 = DIRECTION ( 'NONE',  ( -0.000000000000000000, 1.000000000000000000, -0.000000000000000000 ) ) ;
#992 = PLANE ( 'NONE',  #625 ) ;
#993 = CARTESIAN_POINT ( 'NONE',  ( -8.707638574548465016, 0.000000000000000000, 46.70307303010181244 ) ) ;
#994 = ORIENTED_EDGE ( 'NONE', *, *, #388, .F. ) ;
#995 = FACE_OUTER_BOUND ( 'NONE', #788, .T. ) ;
#996 = VERTEX_POINT ( 'NONE', #427 ) ;
#997 = DIRECTION ( 'NONE',  ( -0.000000000000000000, 1.000000000000000000, -0.000000000000000000 ) ) ;
#998 = ADVANCED_FACE ( 'NONE', ( #1340 ), #1232, .F. ) ;
#999 = DIRECTION ( 'NONE',  ( -0.000000000000000000, -1.000000000000000000, -0.000000000000000000 ) ) ;
#1000 = DIRECTION ( 'NONE',  ( 0.000000000000000000, 0.000000000000000000, 1.000000000000000000 ) ) ;
#1001 = CIRCLE ( 'NONE', #1196, 2.050000000000279154 ) ;
#1002 = DIRECTION ( 'NONE',  ( -0.000000000000000000, -1.000000000000000000, -0.000000000000000000 ) ) ;
#1003 = FACE_OUTER_BOUND ( 'NONE', #827, .T. ) ;
#1004 = ADVANCED_FACE ( 'NONE', ( #1003 ), #482, .F. ) ;
#1005 = CARTESIAN_POINT ( 'NONE',  ( -10.36279037207839693, 0.3999999999999611644, -22.73492923597754611 ) ) ;
#1006 = LINE ( 'NONE', #1464, #199 ) ;
#1007 = ORIENTED_EDGE ( 'NONE', *, *, #919, .F. ) ;
#1008 = VECTOR ( 'NONE', #1398, 1000.000000000000000 ) ;
#1009 = DIRECTION ( 'NONE',  ( 0.000000000000000000, 0.000000000000000000, 1.000000000000000000 ) ) ;
#1010 = CARTESIAN_POINT ( 'NONE',  ( -2.172915281875351656, 10.00000000000000000, 33.07232134546624991 ) ) ;
#1011 = CARTESIAN_POINT ( 'NONE',  ( 8.572527594031473190E-16, -2.000000000000000000, -7.000000000000000000 ) ) ;
#1012 = EDGE_CURVE ( 'NONE', #1243, #940, #1040, .T. ) ;
#1013 = DIRECTION ( 'NONE',  ( 0.000000000000000000, 0.000000000000000000, 1.000000000000000000 ) ) ;
#1014 = VERTEX_POINT ( 'NONE', #115 ) ;
#1015 = DIRECTION ( 'NONE',  ( 0.000000000000000000, 0.000000000000000000, 1.000000000000000000 ) ) ;
#1016 = VECTOR ( 'NONE', #1314, 1000.000000000000000 ) ;
#1017 = CYLINDRICAL_SURFACE ( 'NONE', #592, 2.050000000001470646 ) ;
#1018 = DIRECTION ( 'NONE',  ( -0.5025787661716547561, 0.000000000000000000, -0.8645314244105746226 ) ) ;
#1019 = CARTESIAN_POINT ( 'NONE',  ( 12.12435565298263462, 4.000000000000000000, -7.000000000000863309 ) ) ;
#1020 = EDGE_LOOP ( 'NONE', ( #809, #543, #779, #176 ) ) ;
#1021 = CIRCLE ( 'NONE', #681, 5.000000000000000000 ) ;
#1022 = EDGE_CURVE ( 'NONE', #382, #104, #659, .T. ) ;
#1023 = ADVANCED_FACE ( 'NONE', ( #941 ), #820, .T. ) ;
#1024 = EDGE_LOOP ( 'NONE', ( #30, #390, #50, #120 ) ) ;
#1025 = EDGE_LOOP ( 'NONE', ( #1488, #1300 ) ) ;
#1026 = DIRECTION ( 'NONE',  ( 0.000000000000000000, 0.000000000000000000, -1.000000000000000000 ) ) ;
#1027 = LINE ( 'NONE', #1011, #1179 ) ;
#1028 = ORIENTED_EDGE ( 'NONE', *, *, #189, .F. ) ;
#1029 = CARTESIAN_POINT ( 'NONE',  ( -10.36279037207839693, 4.000000000000000000, -25.78492923597755393 ) ) ;
#1030 = ORIENTED_EDGE ( 'NONE', *, *, #1253, .F. ) ;
#1031 = EDGE_CURVE ( 'NONE', #1051, #405, #792, .T. ) ;
#1032 = CIRCLE ( 'NONE', #22, 3.050000000000007372 ) ;
#1033 = DIRECTION ( 'NONE',  ( -0.5025787661716548671, 0.000000000000000000, -0.8645314244105746226 ) ) ;
#1034 = AXIS2_PLACEMENT_3D ( 'NONE', #670, #1355, #1248 ) ;
#1035 = DIRECTION ( 'NONE',  ( 0.000000000000000000, 1.000000000000000000, 0.000000000000000000 ) ) ;
#1036 = CARTESIAN_POINT ( 'NONE',  ( -12.12435565298065221, 4.000000000000000000, 4.949999999998779820 ) ) ;
#1037 = ORIENTED_EDGE ( 'NONE', *, *, #1298, .F. ) ;
#1038 = ORIENTED_EDGE ( 'NONE', *, *, #429, .F. ) ;
#1039 = VERTEX_POINT ( 'NONE', #227 ) ;
#1040 = LINE ( 'NONE', #462, #107 ) ;
#1041 = ORIENTED_EDGE ( 'NONE', *, *, #299, .F. ) ;
#1042 = AXIS2_PLACEMENT_3D ( 'NONE', #1029, #333, #118 ) ;
#1043 = DIRECTION ( 'NONE',  ( 0.000000000000000000, 0.000000000000000000, 1.000000000000000000 ) ) ;
#1044 = EDGE_CURVE ( 'NONE', #1039, #290, #977, .T. ) ;
#1045 = DIRECTION ( 'NONE',  ( 0.000000000000000000, 1.000000000000000000, 0.000000000000000000 ) ) ;
#1046 = ORIENTED_EDGE ( 'NONE', *, *, #627, .F. ) ;
#1047 = FILL_AREA_STYLE_COLOUR ( '', #505 ) ;
#1048 = AXIS2_PLACEMENT_3D ( 'NONE', #9, #612, #1299 ) ;
#1049 = DIRECTION ( 'NONE',  ( 8.659560562354955045E-17, 0.7071067811865457964, -0.7071067811865492381 ) ) ;
#1050 = AXIS2_PLACEMENT_3D ( 'NONE', #31, #640, #393 ) ;
#1051 = VERTEX_POINT ( 'NONE', #581 ) ;
#1052 = DIRECTION ( 'NONE',  ( 0.000000000000000000, 0.000000000000000000, 1.000000000000000000 ) ) ;
#1053 = EDGE_CURVE ( 'NONE', #608, #218, #60, .T. ) ;
#1054 = PRODUCT ( '25物流车1.0-抓取机构-cnc-yaw轴转接1', '25物流车1.0-抓取机构-cnc-yaw轴转接1', '', ( #353 ) ) ;
#1055 = DIRECTION ( 'NONE',  ( 0.000000000000000000, -1.000000000000000000, 0.000000000000000000 ) ) ;
#1056 = ORIENTED_EDGE ( 'NONE', *, *, #1062, .T. ) ;
#1057 = VERTEX_POINT ( 'NONE', #925 ) ;
#1058 = FACE_OUTER_BOUND ( 'NONE', #460, .T. ) ;
#1059 = PRESENTATION_LAYER_ASSIGNMENT (  '', '', ( #547 ) ) ;
#1060 = CARTESIAN_POINT ( 'NONE',  ( 8.572527594031473190E-16, -2.000000000000000000, -7.000000000000000000 ) ) ;
#1061 = DIRECTION ( 'NONE',  ( -0.000000000000000000, -1.000000000000000000, -0.000000000000000000 ) ) ;
#1062 = EDGE_CURVE ( 'NONE', #1175, #1459, #1261, .T. ) ;
#1063 = VERTEX_POINT ( 'NONE', #688 ) ;
#1064 = EDGE_CURVE ( 'NONE', #825, #218, #468, .T. ) ;
#1065 = ORIENTED_EDGE ( 'NONE', *, *, #65, .F. ) ;
#1066 = CARTESIAN_POINT ( 'NONE',  ( -12.12435565298220652, 4.000000000000000000, -6.999999999999052314 ) ) ;
#1067 = ORIENTED_EDGE ( 'NONE', *, *, #81, .F. ) ;
#1068 = CARTESIAN_POINT ( 'NONE',  ( -19.78234362500583643, 0.000000000000000000, 27.65246608717188082 ) ) ;
#1069 = DIRECTION ( 'NONE',  ( 0.000000000000000000, 0.000000000000000000, 1.000000000000000000 ) ) ;
#1070 = ORIENTED_EDGE ( 'NONE', *, *, #571, .T. ) ;
#1071 = ORIENTED_EDGE ( 'NONE', *, *, #912, .F. ) ;
#1072 = EDGE_CURVE ( 'NONE', #841, #309, #158, .T. ) ;
#1073 = DIRECTION ( 'NONE',  ( 0.000000000000000000, 0.000000000000000000, 1.000000000000000000 ) ) ;
#1074 = AXIS2_PLACEMENT_3D ( 'NONE', #316, #882, #109 ) ;
#1075 = AXIS2_PLACEMENT_3D ( 'NONE', #160, #386, #725 ) ;
#1076 = CARTESIAN_POINT ( 'NONE',  ( 12.12435565298363116, 4.000000000000000000, 6.999999999999138467 ) ) ;
#1077 = ORIENTED_EDGE ( 'NONE', *, *, #98, .T. ) ;
#1078 = ORIENTED_EDGE ( 'NONE', *, *, #1044, .T. ) ;
#1079 = LINE ( 'NONE', #59, #1242 ) ;
#1080 = CARTESIAN_POINT ( 'NONE',  ( 0.000000000000000000, -2.000000000000000000, 7.000000000000000000 ) ) ;
#1081 = COLOUR_RGB ( '',0.8980392156862745390, 0.9176470588235293713, 0.9294117647058823817 ) ;
#1082 = CARTESIAN_POINT ( 'NONE',  ( -19.78234362500583643, 4.000000000000000000, 27.65246608717188082 ) ) ;
#1083 = CIRCLE ( 'NONE', #436, 2.049999999999999822 ) ;
#1084 = DIRECTION ( 'NONE',  ( 0.000000000000000000, 1.000000000000000000, 0.000000000000000000 ) ) ;
#1085 = VERTEX_POINT ( 'NONE', #697 ) ;
#1086 = AXIS2_PLACEMENT_3D ( 'NONE', #1258, #687, #467 ) ;
#1087 = DIRECTION ( 'NONE',  ( -0.000000000000000000, -1.000000000000000000, -0.000000000000000000 ) ) ;
#1088 = CARTESIAN_POINT ( 'NONE',  ( 36.73099881660051125, 4.000000000000000000, 12.70627686774178855 ) ) ;
#1089 = EDGE_CURVE ( 'NONE', #573, #568, #952, .T. ) ;
#1090 = CYLINDRICAL_SURFACE ( 'NONE', #885, 3.050000000000000711 ) ;
#1091 = CIRCLE ( 'NONE', #77, 2.250000000000001776 ) ;
#1092 = CARTESIAN_POINT ( 'NONE',  ( 9.089166677159520091, 0.000000000000000000, -37.09295147483976507 ) ) ;
#1093 = VERTEX_POINT ( 'NONE', #129 ) ;
#1094 = FACE_OUTER_BOUND ( 'NONE', #336, .T. ) ;
#1095 = VECTOR ( 'NONE', #1110, 1000.000000000000114 ) ;
#1096 = CARTESIAN_POINT ( 'NONE',  ( -44.89330973890759680, 4.000000000000000000, -15.54318952745949467 ) ) ;
#1097 = ADVANCED_FACE ( 'NONE', ( #680 ), #589, .F. ) ;
#1098 = FACE_OUTER_BOUND ( 'NONE', #692, .T. ) ;
#1099 = AXIS2_PLACEMENT_3D ( 'NONE', #1272, #1045, #937 ) ;
#1100 = DIRECTION ( 'NONE',  ( 0.000000000000000000, 0.000000000000000000, 1.000000000000000000 ) ) ;
#1101 = FACE_OUTER_BOUND ( 'NONE', #83, .T. ) ;
#1102 = FACE_BOUND ( 'NONE', #694, .T. ) ;
#1103 = AXIS2_PLACEMENT_3D ( 'NONE', #759, #1476, #1246 ) ;
#1104 = CARTESIAN_POINT ( 'NONE',  ( 12.12435565298363116, 4.000000000000000000, 6.999999999999138467 ) ) ;
#1105 = EDGE_CURVE ( 'NONE', #104, #382, #728, .T. ) ;
#1106 = AXIS2_PLACEMENT_3D ( 'NONE', #230, #1159, #126 ) ;
#1107 = ORIENTED_EDGE ( 'NONE', *, *, #1172, .T. ) ;
#1108 = PRODUCT_RELATED_PRODUCT_CATEGORY ( 'part', '', ( #1054 ) ) ;
#1109 = CARTESIAN_POINT ( 'NONE',  ( 0.000000000000000000, 2.500000000000000000, 5.000000000000000000 ) ) ;
#1110 = DIRECTION ( 'NONE',  ( -0.8645314244105746226, 0.000000000000000000, 0.5025787661716547561 ) ) ;
#1111 = ORIENTED_EDGE ( 'NONE', *, *, #836, .T. ) ;
#1112 = CARTESIAN_POINT ( 'NONE',  ( -10.36279037207839693, 4.000000000000000000, -25.78492923597755393 ) ) ;
#1113 = ORIENTED_EDGE ( 'NONE', *, *, #1172, .F. ) ;
#1114 = DIRECTION ( 'NONE',  ( 0.000000000000000000, 0.000000000000000000, -1.000000000000000000 ) ) ;
#1115 = CIRCLE ( 'NONE', #101, 3.050000000000000711 ) ;
#1116 = DIRECTION ( 'NONE',  ( 0.000000000000000000, 0.000000000000000000, -1.000000000000000000 ) ) ;
#1117 = ADVANCED_FACE ( 'NONE', ( #1058 ), #123, .T. ) ;
#1118 = DIRECTION ( 'NONE',  ( 0.000000000000000000, 0.000000000000000000, -1.000000000000000000 ) ) ;
#1119 = DIRECTION ( 'NONE',  ( -0.8645314244105746226, 0.000000000000000000, 0.5025787661716548671 ) ) ;
#1120 = ORIENTED_EDGE ( 'NONE', *, *, #1342, .T. ) ;
#1121 = CARTESIAN_POINT ( 'NONE',  ( 12.12435565298363116, 0.000000000000000000, 6.999999999999138467 ) ) ;
#1122 = AXIS2_PLACEMENT_3D ( 'NONE', #440, #329, #563 ) ;
#1123 = ORIENTED_EDGE ( 'NONE', *, *, #190, .F. ) ;
#1124 = DIRECTION ( 'NONE',  ( -0.000000000000000000, -1.000000000000000000, -0.000000000000000000 ) ) ;
#1125 = DIRECTION ( 'NONE',  ( 0.000000000000000000, 1.000000000000000000, 0.000000000000000000 ) ) ;
#1126 = ADVANCED_FACE ( 'NONE', ( #138 ), #374, .F. ) ;
#1127 = DIRECTION ( 'NONE',  ( -0.000000000000000000, -1.000000000000000000, -0.000000000000000000 ) ) ;
#1128 = ORIENTED_EDGE ( 'NONE', *, *, #351, .F. ) ;
#1129 = CARTESIAN_POINT ( 'NONE',  ( 1.984376143571862200E-12, 4.000000000000000000, 14.00000000000000000 ) ) ;
#1130 = VERTEX_POINT ( 'NONE', #709 ) ;
#1131 = AXIS2_PLACEMENT_3D ( 'NONE', #845, #967, #1425 ) ;
#1132 = CARTESIAN_POINT ( 'NONE',  ( -8.707638574548465016, 0.000000000000000000, 46.70307303010181244 ) ) ;
#1133 = ORIENTED_EDGE ( 'NONE', *, *, #646, .T. ) ;
#1134 = PRODUCT_DEFINITION_FORMATION_WITH_SPECIFIED_SOURCE ( '任何', '', #1054, .NOT_KNOWN. ) ;
#1135 = CYLINDRICAL_SURFACE ( 'NONE', #178, 2.050000000000001599 ) ;
#1136 = DIRECTION ( 'NONE',  ( 0.000000000000000000, 1.000000000000000000, 0.000000000000000000 ) ) ;
#1137 = EDGE_CURVE ( 'NONE', #42, #673, #1478, .T. ) ;
#1138 = EDGE_LOOP ( 'NONE', ( #578, #426 ) ) ;
#1139 = FACE_OUTER_BOUND ( 'NONE', #791, .T. ) ;
#1140 = ORIENTED_EDGE ( 'NONE', *, *, #569, .F. ) ;
#1141 = ORIENTED_EDGE ( 'NONE', *, *, #1315, .F. ) ;
#1142 = CARTESIAN_POINT ( 'NONE',  ( -12.12435565298220652, 0.000000000000000000, -6.999999999999052314 ) ) ;
#1143 = DIRECTION ( 'NONE',  ( 0.000000000000000000, -1.000000000000000000, 0.000000000000000000 ) ) ;
#1144 = DIRECTION ( 'NONE',  ( 0.000000000000000000, 0.000000000000000000, 1.000000000000000000 ) ) ;
#1145 = EDGE_CURVE ( 'NONE', #1316, #43, #1021, .T. ) ;
#1146 = AXIS2_PLACEMENT_3D ( 'NONE', #762, #778, #796 ) ;
#1147 = VERTEX_POINT ( 'NONE', #260 ) ;
#1148 = AXIS2_PLACEMENT_3D ( 'NONE', #1460, #1239, #1026 ) ;
#1149 = VECTOR ( 'NONE', #649, 1000.000000000000000 ) ;
#1150 = DIRECTION ( 'NONE',  ( 0.000000000000000000, 1.000000000000000000, 0.000000000000000000 ) ) ;
#1151 = ORIENTED_EDGE ( 'NONE', *, *, #1411, .F. ) ;
#1152 = DIRECTION ( 'NONE',  ( 0.000000000000000000, 0.000000000000000000, 1.000000000000000000 ) ) ;
#1153 = FACE_OUTER_BOUND ( 'NONE', #1020, .T. ) ;
#1154 = ORIENTED_EDGE ( 'NONE', *, *, #1137, .T. ) ;
#1155 = ORIENTED_EDGE ( 'NONE', *, *, #205, .T. ) ;
#1156 =( GEOMETRIC_REPRESENTATION_CONTEXT ( 3 ) GLOBAL_UNCERTAINTY_ASSIGNED_CONTEXT ( ( #1319 ) ) GLOBAL_UNIT_ASSIGNED_CONTEXT ( ( #412, #172, #633 ) ) REPRESENTATION_CONTEXT ( 'NONE', 'WORKASPACE' ) );
#1157 = CARTESIAN_POINT ( 'NONE',  ( 17.27904176736258890, 0.4000000000000027978, 18.71429910660401674 ) ) ;
#1158 = CARTESIAN_POINT ( 'NONE',  ( -29.81474742131632283, 4.000000000000000000, -14.47690699711531082 ) ) ;
#1159 = DIRECTION ( 'NONE',  ( 0.000000000000000000, 1.000000000000000000, 0.000000000000000000 ) ) ;
#1160 = ORIENTED_EDGE ( 'NONE', *, *, #98, .F. ) ;
#1161 = DIRECTION ( 'NONE',  ( -0.000000000000000000, 1.000000000000000000, -0.000000000000000000 ) ) ;
#1162 = EDGE_CURVE ( 'NONE', #35, #608, #1079, .T. ) ;
#1163 = AXIS2_PLACEMENT_3D ( 'NONE', #530, #422, #875 ) ;
#1164 = CARTESIAN_POINT ( 'NONE',  ( 12.12435565298363116, 4.000000000000000000, 9.050000000000610001 ) ) ;
#1165 = ORIENTED_EDGE ( 'NONE', *, *, #515, .T. ) ;
#1166 = DIRECTION ( 'NONE',  ( 0.000000000000000000, -1.000000000000000000, 0.000000000000000000 ) ) ;
#1167 = EDGE_LOOP ( 'NONE', ( #149, #1212, #510, #1184 ) ) ;
#1168 = ORIENTED_EDGE ( 'NONE', *, *, #866, .T. ) ;
#1169 = AXIS2_PLACEMENT_3D ( 'NONE', #929, #1166, #358 ) ;
#1170 = DIRECTION ( 'NONE',  ( 0.8645314244105746226, 0.000000000000000000, -0.5025787661716548671 ) ) ;
#1171 = AXIS2_PLACEMENT_3D ( 'NONE', #235, #909, #1402 ) ;
#1172 = EDGE_CURVE ( 'NONE', #405, #1191, #37, .T. ) ;
#1173 = DIRECTION ( 'NONE',  ( 0.000000000000000000, 0.000000000000000000, 1.000000000000000000 ) ) ;
#1174 = CARTESIAN_POINT ( 'NONE',  ( -12.12435565298065221, 4.000000000000000000, 7.000000000000865086 ) ) ;
#1175 = VERTEX_POINT ( 'NONE', #966 ) ;
#1176 = VERTEX_POINT ( 'NONE', #632 ) ;
#1177 = DIRECTION ( 'NONE',  ( 0.000000000000000000, 1.000000000000000000, 0.000000000000000000 ) ) ;
#1178 = VECTOR ( 'NONE', #711, 1000.000000000000114 ) ;
#1179 = VECTOR ( 'NONE', #1469, 1000.000000000000000 ) ;
#1180 = CARTESIAN_POINT ( 'NONE',  ( 12.12435565298363116, 4.000000000000000000, 4.949999999997667821 ) ) ;
#1181 = CYLINDRICAL_SURFACE ( 'NONE', #246, 7.000000000000000000 ) ;
#1182 = ADVANCED_FACE ( 'NONE', ( #1094 ), #281, .F. ) ;
#1183 = ORIENTED_EDGE ( 'NONE', *, *, #1274, .T. ) ;
#1184 = ORIENTED_EDGE ( 'NONE', *, *, #1463, .F. ) ;
#1185 = DIRECTION ( 'NONE',  ( 0.000000000000000000, 0.000000000000000000, 1.000000000000000000 ) ) ;
#1186 = FACE_BOUND ( 'NONE', #164, .T. ) ;
#1187 = AXIS2_PLACEMENT_3D ( 'NONE', #636, #64, #1470 ) ;
#1188 = EDGE_LOOP ( 'NONE', ( #360, #945, #763, #256 ) ) ;
#1189 = CARTESIAN_POINT ( 'NONE',  ( 36.73099881660051125, 4.000000000000000000, 8.206276867741784997 ) ) ;
#1190 = ORIENTED_EDGE ( 'NONE', *, *, #607, .F. ) ;
#1191 = VERTEX_POINT ( 'NONE', #520 ) ;
#1192 = CARTESIAN_POINT ( 'NONE',  ( 12.12435565298363116, 4.000000000000000000, 4.949999999997667821 ) ) ;
#1193 = CIRCLE ( 'NONE', #924, 2.050000000001470646 ) ;
#1194 = FACE_BOUND ( 'NONE', #767, .T. ) ;
#1195 = AXIS2_PLACEMENT_3D ( 'NONE', #241, #1170, #1033 ) ;
#1196 = AXIS2_PLACEMENT_3D ( 'NONE', #1467, #1231, #1015 ) ;
#1197 = FACE_BOUND ( 'NONE', #1483, .T. ) ;
#1198 = DIRECTION ( 'NONE',  ( -0.000000000000000000, -1.000000000000000000, -0.000000000000000000 ) ) ;
#1199 = ORIENTED_EDGE ( 'NONE', *, *, #368, .T. ) ;
#1200 = CARTESIAN_POINT ( 'NONE',  ( 0.000000000000000000, 2.500000000000000000, 0.000000000000000000 ) ) ;
#1201 = ADVANCED_FACE ( 'NONE', ( #171 ), #1317, .F. ) ;
#1202 = DIRECTION ( 'NONE',  ( 0.000000000000000000, 1.000000000000000000, 0.000000000000000000 ) ) ;
#1203 = CIRCLE ( 'NONE', #1487, 3.050000000000000711 ) ;
#1204 = ORIENTED_EDGE ( 'NONE', *, *, #1064, .T. ) ;
#1205 = DIRECTION ( 'NONE',  ( 0.000000000000000000, 0.000000000000000000, -1.000000000000000000 ) ) ;
#1206 = DIRECTION ( 'NONE',  ( 0.000000000000000000, 0.000000000000000000, -1.000000000000000000 ) ) ;
#1207 = ORIENTED_EDGE ( 'NONE', *, *, #627, .T. ) ;
#1208 = EDGE_LOOP ( 'NONE', ( #1128, #897, #1308, #1199 ) ) ;
#1209 = LINE ( 'NONE', #958, #1318 ) ;
#1210 = DIRECTION ( 'NONE',  ( 0.000000000000000000, -1.000000000000000000, 0.000000000000000000 ) ) ;
#1211 = EDGE_CURVE ( 'NONE', #996, #1085, #223, .T. ) ;
#1212 = ORIENTED_EDGE ( 'NONE', *, *, #795, .T. ) ;
#1213 = FACE_OUTER_BOUND ( 'NONE', #367, .T. ) ;
#1214 = AXIS2_PLACEMENT_3D ( 'NONE', #1092, #850, #986 ) ;
#1215 = CARTESIAN_POINT ( 'NONE',  ( 51.80956113419176035, 0.000000000000000000, 11.52255939808599550 ) ) ;
#1216 = CARTESIAN_POINT ( 'NONE',  ( 1.984376143571862200E-12, 4.000000000000000000, 14.00000000000000000 ) ) ;
#1217 = ORIENTED_EDGE ( 'NONE', *, *, #1323, .T. ) ;
#1218 = PLANE ( 'NONE',  #668 ) ;
#1219 = EDGE_CURVE ( 'NONE', #226, #1191, #504, .T. ) ;
#1220 = FACE_BOUND ( 'NONE', #202, .T. ) ;
#1221 = CIRCLE ( 'NONE', #750, 6.049999999999999822 ) ;
#1222 = ADVANCED_FACE ( 'NONE', ( #733 ), #512, .F. ) ;
#1223 = ORIENTED_EDGE ( 'NONE', *, *, #131, .T. ) ;
#1224 = LINE ( 'NONE', #990, #161 ) ;
#1225 = CYLINDRICAL_SURFACE ( 'NONE', #1148, 2.050000000002084821 ) ;
#1226 = CARTESIAN_POINT ( 'NONE',  ( 12.12435565298363116, 4.000000000000000000, 6.999999999999138467 ) ) ;
#1227 = AXIS2_PLACEMENT_3D ( 'NONE', #206, #555, #437 ) ;
#1228 = ORIENTED_EDGE ( 'NONE', *, *, #1219, .T. ) ;
#1229 = VECTOR ( 'NONE', #162, 1000.000000000000000 ) ;
#1230 = EDGE_CURVE ( 'NONE', #5, #560, #1209, .T. ) ;
#1231 = DIRECTION ( 'NONE',  ( 0.000000000000000000, 1.000000000000000000, 0.000000000000000000 ) ) ;
#1232 = CYLINDRICAL_SURFACE ( 'NONE', #137, 2.249999999999998668 ) ;
#1233 = DIRECTION ( 'NONE',  ( 0.000000000000000000, 1.000000000000000000, 0.000000000000000000 ) ) ;
#1234 = LINE ( 'NONE', #91, #221 ) ;
#1235 = AXIS2_PLACEMENT_3D ( 'NONE', #274, #398, #978 ) ;
#1236 = ORIENTED_EDGE ( 'NONE', *, *, #1335, .T. ) ;
#1237 = CARTESIAN_POINT ( 'NONE',  ( 17.27904176736258890, 0.000000000000000000, 24.81429910660401816 ) ) ;
#1238 = EDGE_LOOP ( 'NONE', ( #1456, #237, #1120, #249 ) ) ;
#1239 = DIRECTION ( 'NONE',  ( -0.000000000000000000, -1.000000000000000000, -0.000000000000000000 ) ) ;
#1240 = CYLINDRICAL_SURFACE ( 'NONE', #145, 2.050000000002246026 ) ;
#1241 = DIRECTION ( 'NONE',  ( -0.000000000000000000, -1.000000000000000000, -0.000000000000000000 ) ) ;
#1242 = VECTOR ( 'NONE', #1087, 1000.000000000000000 ) ;
#1243 = VERTEX_POINT ( 'NONE', #291 ) ;
#1244 = CARTESIAN_POINT ( 'NONE',  ( -12.12435565298220652, 0.000000000000000000, -9.050000000000261835 ) ) ;
#1245 = VERTEX_POINT ( 'NONE', #835 ) ;
#1246 = DIRECTION ( 'NONE',  ( 0.000000000000000000, 0.000000000000000000, 1.000000000000000000 ) ) ;
#1247 = PRODUCT_DEFINITION ( '未知', '', #1134, #395 ) ;
#1248 = DIRECTION ( 'NONE',  ( 0.000000000000000000, 0.000000000000000000, 1.000000000000000000 ) ) ;
#1249 = CARTESIAN_POINT ( 'NONE',  ( 0.000000000000000000, -2.000000000000000000, 0.000000000000000000 ) ) ;
#1250 = DIRECTION ( 'NONE',  ( -0.000000000000000000, 1.000000000000000000, -0.000000000000000000 ) ) ;
#1251 = ORIENTED_EDGE ( 'NONE', *, *, #819, .T. ) ;
#1252 = CARTESIAN_POINT ( 'NONE',  ( -26.80047415672791544, 0.000000000000000000, 15.57994175132135517 ) ) ;
#1253 = EDGE_CURVE ( 'NONE', #1292, #560, #1265, .T. ) ;
#1254 = PLANE ( 'NONE',  #623 ) ;
#1255 = ORIENTED_EDGE ( 'NONE', *, *, #1253, .T. ) ;
#1256 = CARTESIAN_POINT ( 'NONE',  ( -10.36279037207839693, 4.000000000000000000, -25.78492923597755393 ) ) ;
#1257 = ORIENTED_EDGE ( 'NONE', *, *, #1298, .T. ) ;
#1258 = CARTESIAN_POINT ( 'NONE',  ( 0.000000000000000000, 0.000000000000000000, 0.000000000000000000 ) ) ;
#1259 = ORIENTED_EDGE ( 'NONE', *, *, #912, .T. ) ;
#1260 = ORIENTED_EDGE ( 'NONE', *, *, #1031, .T. ) ;
#1261 = LINE ( 'NONE', #146, #247 ) ;
#1262 = CARTESIAN_POINT ( 'NONE',  ( 1.984376143571862200E-12, 4.000000000000000000, 14.00000000000000000 ) ) ;
#1263 = DIRECTION ( 'NONE',  ( 0.000000000000000000, 0.000000000000000000, 1.000000000000000000 ) ) ;
#1264 = ORIENTED_EDGE ( 'NONE', *, *, #214, .T. ) ;
#1265 = CIRCLE ( 'NONE', #613, 2.050000000002084821 ) ;
#1266 =( NAMED_UNIT ( * ) PLANE_ANGLE_UNIT ( ) SI_UNIT ( $, .RADIAN. ) );
#1267 = CIRCLE ( 'NONE', #1480, 2.250000000000000444 ) ;
#1268 = ORIENTED_EDGE ( 'NONE', *, *, #1211, .F. ) ;
#1269 = DIRECTION ( 'NONE',  ( 0.000000000000000000, 0.000000000000000000, 1.000000000000000000 ) ) ;
#1270 = ORIENTED_EDGE ( 'NONE', *, *, #1145, .F. ) ;
#1271 = CARTESIAN_POINT ( 'NONE',  ( -2.172915281875351656, 4.000000000000000000, 33.07232134546624991 ) ) ;
#1272 = CARTESIAN_POINT ( 'NONE',  ( -2.172915281875351656, 4.000000000000000000, 33.07232134546624991 ) ) ;
#1273 = ORIENTED_EDGE ( 'NONE', *, *, #1031, .F. ) ;
#1274 = EDGE_CURVE ( 'NONE', #1175, #335, #855, .T. ) ;
#1275 = APPLICATION_PROTOCOL_DEFINITION ( 'draft international standard', 'automotive_design', 1998, #414 ) ;
#1276 = ORIENTED_EDGE ( 'NONE', *, *, #88, .F. ) ;
#1277 = ORIENTED_EDGE ( 'NONE', *, *, #308, .T. ) ;
#1278 = DIRECTION ( 'NONE',  ( 0.000000000000000000, 1.000000000000000000, 0.000000000000000000 ) ) ;
#1279 = CIRCLE ( 'NONE', #186, 2.049999999999999822 ) ;
#1280 = ORIENTED_EDGE ( 'NONE', *, *, #1022, .F. ) ;
#1281 = CARTESIAN_POINT ( 'NONE',  ( 33.71672555201231347, 4.000000000000000000, -19.60057188069447776 ) ) ;
#1282 = CARTESIAN_POINT ( 'NONE',  ( 17.27904176736258890, 4.000000000000000000, 21.76429910660401745 ) ) ;
#1283 = EDGE_LOOP ( 'NONE', ( #1375, #96, #251, #579 ) ) ;
#1284 = ORIENTED_EDGE ( 'NONE', *, *, #1393, .T. ) ;
#1285 = EDGE_CURVE ( 'NONE', #226, #1338, #489, .T. ) ;
#1286 = CARTESIAN_POINT ( 'NONE',  ( -10.36279037207839693, 0.3999999999999611644, -25.78492923597755393 ) ) ;
#1287 = CIRCLE ( 'NONE', #1163, 2.050000000001211298 ) ;
#1288 = DIRECTION ( 'NONE',  ( 0.000000000000000000, 0.000000000000000000, -1.000000000000000000 ) ) ;
#1289 = ORIENTED_EDGE ( 'NONE', *, *, #205, .F. ) ;
#1290 = FACE_OUTER_BOUND ( 'NONE', #870, .T. ) ;
#1291 = ORIENTED_EDGE ( 'NONE', *, *, #785, .F. ) ;
#1292 = VERTEX_POINT ( 'NONE', #1409 ) ;
#1293 = AXIS2_PLACEMENT_3D ( 'NONE', #361, #574, #250 ) ;
#1294 = DIRECTION ( 'NONE',  ( 0.000000000000000000, 0.000000000000000000, 1.000000000000000000 ) ) ;
#1295 = VECTOR ( 'NONE', #196, 1000.000000000000000 ) ;
#1296 = ORIENTED_EDGE ( 'NONE', *, *, #847, .T. ) ;
#1297 = SURFACE_STYLE_FILL_AREA ( #147 ) ;
#1298 = EDGE_CURVE ( 'NONE', #372, #891, #62, .T. ) ;
#1299 = DIRECTION ( 'NONE',  ( 0.000000000000000000, 0.000000000000000000, -1.000000000000000000 ) ) ;
#1300 = ORIENTED_EDGE ( 'NONE', *, *, #73, .F. ) ;
#1301 = EDGE_LOOP ( 'NONE', ( #916, #1260, #328, #1370 ) ) ;
#1302 = DIRECTION ( 'NONE',  ( 0.000000000000000000, 0.000000000000000000, 1.000000000000000000 ) ) ;
#1303 = VECTOR ( 'NONE', #776, 999.9999999999998863 ) ;
#1304 = AXIS2_PLACEMENT_3D ( 'NONE', #97, #535, #200 ) ;
#1305 = EDGE_CURVE ( 'NONE', #416, #1147, #1221, .T. ) ;
#1306 = FACE_BOUND ( 'NONE', #972, .T. ) ;
#1307 = ORIENTED_EDGE ( 'NONE', *, *, #233, .F. ) ;
#1308 = ORIENTED_EDGE ( 'NONE', *, *, #29, .T. ) ;
#1309 = DIRECTION ( 'NONE',  ( 0.000000000000000000, 0.000000000000000000, 1.000000000000000000 ) ) ;
#1310 = DIRECTION ( 'NONE',  ( 0.000000000000000000, 0.000000000000000000, -1.000000000000000000 ) ) ;
#1311 = AXIS2_PLACEMENT_3D ( 'NONE', #1249, #1344, #1013 ) ;
#1312 = DIRECTION ( 'NONE',  ( 0.000000000000000000, 1.000000000000000000, 0.000000000000000000 ) ) ;
#1313 = ORIENTED_EDGE ( 'NONE', *, *, #100, .F. ) ;
#1314 = DIRECTION ( 'NONE',  ( 0.000000000000000000, 1.000000000000000000, 0.000000000000000000 ) ) ;
#1315 = EDGE_CURVE ( 'NONE', #209, #749, #1389, .T. ) ;
#1316 = VERTEX_POINT ( 'NONE', #1424 ) ;
#1317 = CYLINDRICAL_SURFACE ( 'NONE', #539, 6.049999999999999822 ) ;
#1318 = VECTOR ( 'NONE', #1329, 1000.000000000000000 ) ;
#1319 = UNCERTAINTY_MEASURE_WITH_UNIT (LENGTH_MEASURE( 1.000000000000000082E-05 ), #412, 'distance_accuracy_value', 'NONE');
#1320 = CARTESIAN_POINT ( 'NONE',  ( 36.73099881660051125, 0.000000000000000000, 12.70627686774178855 ) ) ;
#1321 = CARTESIAN_POINT ( 'NONE',  ( 6.123233995736766282E-16, 4.000000000000000000, -5.000000000000000000 ) ) ;
#1322 = ORIENTED_EDGE ( 'NONE', *, *, #1062, .F. ) ;
#1323 = EDGE_CURVE ( 'NONE', #103, #756, #350, .T. ) ;
#1324 = DIRECTION ( 'NONE',  ( 0.000000000000000000, 0.000000000000000000, 1.000000000000000000 ) ) ;
#1325 = DIRECTION ( 'NONE',  ( 0.000000000000000000, 0.000000000000000000, 1.000000000000000000 ) ) ;
#1326 = AXIS2_PLACEMENT_3D ( 'NONE', #853, #1202, #521 ) ;
#1327 = DIRECTION ( 'NONE',  ( -0.000000000000000000, -1.000000000000000000, -0.000000000000000000 ) ) ;
#1328 = DIRECTION ( 'NONE',  ( -0.000000000000000000, -1.000000000000000000, -0.000000000000000000 ) ) ;
#1329 = DIRECTION ( 'NONE',  ( -0.000000000000000000, -1.000000000000000000, -0.000000000000000000 ) ) ;
#1330 = DIRECTION ( 'NONE',  ( 0.000000000000000000, 1.000000000000000000, 0.000000000000000000 ) ) ;
#1331 = DIRECTION ( 'NONE',  ( 0.000000000000000000, 0.000000000000000000, 1.000000000000000000 ) ) ;
#1332 = CARTESIAN_POINT ( 'NONE',  ( -12.12435565298220652, 4.000000000000000000, -9.050000000000261835 ) ) ;
#1333 = CARTESIAN_POINT ( 'NONE',  ( -12.12435565298220652, 4.000000000000000000, -9.050000000000261835 ) ) ;
#1334 = VECTOR ( 'NONE', #1049, 1000.000000000000114 ) ;
#1335 = EDGE_CURVE ( 'NONE', #810, #641, #165, .T. ) ;
#1336 = DIRECTION ( 'NONE',  ( 0.000000000000000000, 1.000000000000000000, 0.000000000000000000 ) ) ;
#1337 = FACE_OUTER_BOUND ( 'NONE', #151, .T. ) ;
#1338 = VERTEX_POINT ( 'NONE', #1237 ) ;
#1339 = EDGE_LOOP ( 'NONE', ( #1284, #1430, #957, #672 ) ) ;
#1340 = FACE_OUTER_BOUND ( 'NONE', #94, .T. ) ;
#1341 = DIRECTION ( 'NONE',  ( -0.000000000000000000, -1.000000000000000000, -0.000000000000000000 ) ) ;
#1342 = EDGE_CURVE ( 'NONE', #756, #1316, #531, .T. ) ;
#1343 = VECTOR ( 'NONE', #642, 1000.000000000000000 ) ;
#1344 = DIRECTION ( 'NONE',  ( -0.000000000000000000, 1.000000000000000000, -0.000000000000000000 ) ) ;
#1345 = VECTOR ( 'NONE', #566, 1000.000000000000000 ) ;
#1346 = CARTESIAN_POINT ( 'NONE',  ( -29.81474742131632283, 4.000000000000000000, -12.22690699711531082 ) ) ;
#1347 = PRESENTATION_LAYER_ASSIGNMENT (  '', '', ( #1490 ) ) ;
#1348 = FACE_OUTER_BOUND ( 'NONE', #484, .T. ) ;
#1349 = DIRECTION ( 'NONE',  ( -0.000000000000000000, 1.000000000000000000, -0.000000000000000000 ) ) ;
#1350 = CARTESIAN_POINT ( 'NONE',  ( -19.78234362500583643, 0.000000000000000000, 27.65246608717188082 ) ) ;
#1351 = VERTEX_POINT ( 'NONE', #1244 ) ;
#1352 = ORIENTED_EDGE ( 'NONE', *, *, #1285, .F. ) ;
#1353 = CARTESIAN_POINT ( 'NONE',  ( -12.12435565298065221, 0.000000000000000000, 7.000000000000865086 ) ) ;
#1354 = CARTESIAN_POINT ( 'NONE',  ( 0.000000000000000000, 4.000000000000000000, 0.000000000000000000 ) ) ;
#1355 = DIRECTION ( 'NONE',  ( 0.000000000000000000, 1.000000000000000000, 0.000000000000000000 ) ) ;
#1356 = VECTOR ( 'NONE', #1241, 1000.000000000000000 ) ;
#1357 = AXIS2_PLACEMENT_3D ( 'NONE', #17, #1061, #921 ) ;
#1358 = LINE ( 'NONE', #324, #399 ) ;
#1359 = AXIS2_PLACEMENT_3D ( 'NONE', #981, #626, #859 ) ;
#1360 = ORIENTED_EDGE ( 'NONE', *, *, #19, .F. ) ;
#1361 = DIRECTION ( 'NONE',  ( 0.000000000000000000, 0.000000000000000000, 1.000000000000000000 ) ) ;
#1362 = ADVANCED_FACE ( 'NONE', ( #884 ), #433, .F. ) ;
#1363 = ORIENTED_EDGE ( 'NONE', *, *, #889, .T. ) ;
#1364 = CARTESIAN_POINT ( 'NONE',  ( -29.81474742131632283, 4.000000000000000000, -16.72690699711531082 ) ) ;
#1365 = CARTESIAN_POINT ( 'NONE',  ( 7.409113134841486521E-16, -2.000000000000000000, 6.049999999999999822 ) ) ;
#1366 = DIRECTION ( 'NONE',  ( 0.000000000000000000, 1.000000000000000000, 0.000000000000000000 ) ) ;
#1367 = VECTOR ( 'NONE', #1382, 1000.000000000000000 ) ;
#1368 = ORIENTED_EDGE ( 'NONE', *, *, #930, .F. ) ;
#1369 = AXIS2_PLACEMENT_3D ( 'NONE', #1226, #635, #1442 ) ;
#1370 = ORIENTED_EDGE ( 'NONE', *, *, #1219, .F. ) ;
#1371 = DIRECTION ( 'NONE',  ( 0.000000000000000000, 0.000000000000000000, 1.000000000000000000 ) ) ;
#1372 = EDGE_CURVE ( 'NONE', #841, #431, #1224, .T. ) ;
#1373 = LINE ( 'NONE', #1477, #782 ) ;
#1374 = ADVANCED_FACE ( 'NONE', ( #995 ), #39, .F. ) ;
#1375 = ORIENTED_EDGE ( 'NONE', *, *, #785, .T. ) ;
#1376 = DIRECTION ( 'NONE',  ( 0.000000000000000000, 0.000000000000000000, 1.000000000000000000 ) ) ;
#1377 = VERTEX_POINT ( 'NONE', #1132 ) ;
#1378 = ORIENTED_EDGE ( 'NONE', *, *, #898, .F. ) ;
#1379 = ORIENTED_EDGE ( 'NONE', *, *, #1137, .F. ) ;
#1380 = DIRECTION ( 'NONE',  ( -0.5025787661716546451, 0.000000000000000000, -0.8645314244105747337 ) ) ;
#1381 = ORIENTED_EDGE ( 'NONE', *, *, #1428, .F. ) ;
#1382 = DIRECTION ( 'NONE',  ( -0.000000000000000000, -1.000000000000000000, -0.000000000000000000 ) ) ;
#1383 = EDGE_CURVE ( 'NONE', #215, #5, #615, .T. ) ;
#1384 = ORIENTED_EDGE ( 'NONE', *, *, #453, .F. ) ;
#1385 = CARTESIAN_POINT ( 'NONE',  ( -18.09283558217966004, 4.000000000000000000, -31.12313127878085339 ) ) ;
#1386 = VERTEX_POINT ( 'NONE', #1346 ) ;
#1387 = AXIS2_PLACEMENT_3D ( 'NONE', #1491, #1380, #345 ) ;
#1388 = EDGE_LOOP ( 'NONE', ( #1394, #354, #344, #1296 ) ) ;
#1389 = CIRCLE ( 'NONE', #1075, 7.000000000000000000 ) ;
#1390 = CARTESIAN_POINT ( 'NONE',  ( 1.984627196165687267E-12, 4.000000000000000000, 16.05000000000224603 ) ) ;
#1391 = DIRECTION ( 'NONE',  ( 0.000000000000000000, 0.000000000000000000, 1.000000000000000000 ) ) ;
#1392 = LINE ( 'NONE', #706, #703 ) ;
#1393 = EDGE_CURVE ( 'NONE', #1063, #334, #183, .T. ) ;
#1394 = ORIENTED_EDGE ( 'NONE', *, *, #308, .F. ) ;
#1395 = SURFACE_STYLE_FILL_AREA ( #932 ) ;
#1396 = CIRCLE ( 'NONE', #207, 6.049999999999999822 ) ;
#1397 = CARTESIAN_POINT ( 'NONE',  ( 0.000000000000000000, 2.500000000000000000, 0.000000000000000000 ) ) ;
#1398 = DIRECTION ( 'NONE',  ( -0.000000000000000000, -1.000000000000000000, -0.000000000000000000 ) ) ;
#1399 = CARTESIAN_POINT ( 'NONE',  ( 36.73099881660051125, 0.000000000000000000, 10.45627686774178677 ) ) ;
#1400 = ORIENTED_EDGE ( 'NONE', *, *, #669, .T. ) ;
#1401 = EDGE_LOOP ( 'NONE', ( #156, #1168, #624, #364 ) ) ;
#1402 = DIRECTION ( 'NONE',  ( 0.000000000000000000, 0.000000000000000000, -1.000000000000000000 ) ) ;
#1403 = AXIS2_PLACEMENT_3D ( 'NONE', #1438, #629, #1457 ) ;
#1404 = CARTESIAN_POINT ( 'NONE',  ( 12.12435565298263462, 4.000000000000000000, -7.000000000000863309 ) ) ;
#1405 = CARTESIAN_POINT ( 'NONE',  ( -2.172915281875351212, 4.000000000000000000, 35.32232134546624991 ) ) ;
#1406 = ORIENTED_EDGE ( 'NONE', *, *, #284, .F. ) ;
#1407 = ORIENTED_EDGE ( 'NONE', *, *, #828, .F. ) ;
#1408 = AXIS2_PLACEMENT_3D ( 'NONE', #1142, #667, #886 ) ;
#1409 = CARTESIAN_POINT ( 'NONE',  ( -12.12435565298065221, 0.000000000000000000, 4.949999999998779820 ) ) ;
#1410 = AXIS2_PLACEMENT_3D ( 'NONE', #66, #901, #1361 ) ;
#1411 = EDGE_CURVE ( 'NONE', #396, #923, #1455, .T. ) ;
#1412 = DIRECTION ( 'NONE',  ( -0.000000000000000000, -1.000000000000000000, -0.000000000000000000 ) ) ;
#1413 = CARTESIAN_POINT ( 'NONE',  ( 17.27904176736258890, 4.000000000000000000, 15.11429910660400111 ) ) ;
#1414 = EDGE_LOOP ( 'NONE', ( #1481, #92, #258, #267 ) ) ;
#1415 = EDGE_LOOP ( 'NONE', ( #614, #1280 ) ) ;
#1416 = DIRECTION ( 'NONE',  ( -0.000000000000000000, -1.000000000000000000, -0.000000000000000000 ) ) ;
#1417 = VECTOR ( 'NONE', #167, 1000.000000000000000 ) ;
#1418 = VECTOR ( 'NONE', #1018, 1000.000000000000114 ) ;
#1419 = FACE_BOUND ( 'NONE', #638, .T. ) ;
#1420 = EDGE_CURVE ( 'NONE', #335, #1175, #376, .T. ) ;
#1421 = LINE ( 'NONE', #389, #650 ) ;
#1422 = ORIENTED_EDGE ( 'NONE', *, *, #1211, .T. ) ;
#1423 = ORIENTED_EDGE ( 'NONE', *, *, #559, .T. ) ;
#1424 = CARTESIAN_POINT ( 'NONE',  ( 0.000000000000000000, 4.000000000000000000, 5.000000000000000000 ) ) ;
#1425 = DIRECTION ( 'NONE',  ( 0.000000000000000000, 0.000000000000000000, 1.000000000000000000 ) ) ;
#1426 = CIRCLE ( 'NONE', #1235, 2.250000000000001776 ) ;
#1427 = DIRECTION ( 'NONE',  ( 0.000000000000000000, 0.000000000000000000, 1.000000000000000000 ) ) ;
#1428 = EDGE_CURVE ( 'NONE', #1386, #973, #1267, .T. ) ;
#1429 = DIRECTION ( 'NONE',  ( 0.000000000000000000, 1.000000000000000000, 0.000000000000000000 ) ) ;
#1430 = ORIENTED_EDGE ( 'NONE', *, *, #18, .F. ) ;
#1431 = ORIENTED_EDGE ( 'NONE', *, *, #723, .F. ) ;
#1432 = CARTESIAN_POINT ( 'NONE',  ( 17.27904176736258890, 4.000000000000000000, 21.76429910660401745 ) ) ;
#1433 = DIRECTION ( 'NONE',  ( 0.000000000000000000, 1.000000000000000000, 0.000000000000000000 ) ) ;
#1434 = AXIS2_PLACEMENT_3D ( 'NONE', #702, #7, #917 ) ;
#1435 = UNCERTAINTY_MEASURE_WITH_UNIT (LENGTH_MEASURE( 1.000000000000000082E-05 ), #588, 'distance_accuracy_value', 'NONE');
#1436 = ORIENTED_EDGE ( 'NONE', *, *, #1315, .T. ) ;
#1437 = FACE_OUTER_BOUND ( 'NONE', #800, .T. ) ;
#1438 = CARTESIAN_POINT ( 'NONE',  ( -10.36279037207839693, 10.00000000000000000, -25.78492923597755393 ) ) ;
#1439 = EDGE_LOOP ( 'NONE', ( #536, #1141, #1363, #545 ) ) ;
#1440 = DIRECTION ( 'NONE',  ( 0.000000000000000000, 1.000000000000000000, 0.000000000000000000 ) ) ;
#1441 = SURFACE_SIDE_STYLE ('',( #1297 ) ) ;
#1442 = DIRECTION ( 'NONE',  ( 0.000000000000000000, 0.000000000000000000, -1.000000000000000000 ) ) ;
#1443 = CARTESIAN_POINT ( 'NONE',  ( 17.27904176736258890, 0.000000000000000000, 21.76429910660401745 ) ) ;
#1444 = ORIENTED_EDGE ( 'NONE', *, *, #453, .T. ) ;
#1445 = DIRECTION ( 'NONE',  ( 0.000000000000000000, 1.000000000000000000, 0.000000000000000000 ) ) ;
#1446 = EDGE_CURVE ( 'NONE', #357, #1085, #311, .T. ) ;
#1447 = CARTESIAN_POINT ( 'NONE',  ( 12.12435565298263462, 0.000000000000000000, -7.000000000000863309 ) ) ;
#1448 = DIRECTION ( 'NONE',  ( 0.000000000000000000, 0.000000000000000000, 1.000000000000000000 ) ) ;
#1449 = CIRCLE ( 'NONE', #533, 2.050000000001211298 ) ;
#1450 = CARTESIAN_POINT ( 'NONE',  ( 17.27904176736258890, 0.4000000000000027978, 21.76429910660401745 ) ) ;
#1451 = ORIENTED_EDGE ( 'NONE', *, *, #866, .F. ) ;
#1452 = CARTESIAN_POINT ( 'NONE',  ( -12.12435565298065221, 4.000000000000000000, 7.000000000000865086 ) ) ;
#1453 = DIRECTION ( 'NONE',  ( 0.000000000000000000, 0.000000000000000000, -1.000000000000000000 ) ) ;
#1454 = CYLINDRICAL_SURFACE ( 'NONE', #985, 2.050000000001210410 ) ;
#1455 = CIRCLE ( 'NONE', #428, 2.249999999999998668 ) ;
#1456 = ORIENTED_EDGE ( 'NONE', *, *, #712, .F. ) ;
#1457 = DIRECTION ( 'NONE',  ( 0.000000000000000000, 0.000000000000000000, -1.000000000000000000 ) ) ;
#1458 = CYLINDRICAL_SURFACE ( 'NONE', #682, 3.050000000000007372 ) ;
#1459 = VERTEX_POINT ( 'NONE', #658 ) ;
#1460 = CARTESIAN_POINT ( 'NONE',  ( -12.12435565298065221, 4.000000000000000000, 7.000000000000865086 ) ) ;
#1461 = FACE_OUTER_BOUND ( 'NONE', #1188, .T. ) ;
#1462 = VECTOR ( 'NONE', #951, 1000.000000000000000 ) ;
#1463 = EDGE_CURVE ( 'NONE', #568, #1130, #210, .T. ) ;
#1464 = CARTESIAN_POINT ( 'NONE',  ( -29.81474742131632283, 10.00000000000000000, -16.72690699711531082 ) ) ;
#1465 = CIRCLE ( 'NONE', #987, 3.050000000000007372 ) ;
#1466 = ORIENTED_EDGE ( 'NONE', *, *, #819, .F. ) ;
#1467 = CARTESIAN_POINT ( 'NONE',  ( 12.12435565298263462, 0.000000000000000000, -7.000000000000863309 ) ) ;
#1468 = LINE ( 'NONE', #651, #1095 ) ;
#1469 = DIRECTION ( 'NONE',  ( -0.000000000000000000, 1.000000000000000000, -0.000000000000000000 ) ) ;
#1470 = DIRECTION ( 'NONE',  ( 0.000000000000000000, 0.000000000000000000, 1.000000000000000000 ) ) ;
#1471 = ADVANCED_FACE ( 'NONE', ( #665 ), #1458, .F. ) ;
#1472 = CIRCLE ( 'NONE', #173, 2.050000000002246026 ) ;
#1473 = ORIENTED_EDGE ( 'NONE', *, *, #1012, .T. ) ;
#1474 = DIRECTION ( 'NONE',  ( 0.000000000000000000, 0.000000000000000000, 1.000000000000000000 ) ) ;
#1475 = ORIENTED_EDGE ( 'NONE', *, *, #939, .T. ) ;
#1476 = DIRECTION ( 'NONE',  ( 0.000000000000000000, 1.000000000000000000, 0.000000000000000000 ) ) ;
#1477 = CARTESIAN_POINT ( 'NONE',  ( -10.36279037207839693, 4.000000000000000000, -32.43492923597757027 ) ) ;
#1478 = CIRCLE ( 'NONE', #830, 2.050000000001211298 ) ;
#1479 = FACE_OUTER_BOUND ( 'NONE', #666, .T. ) ;
#1480 = AXIS2_PLACEMENT_3D ( 'NONE', #765, #538, #1474 ) ;
#1481 = ORIENTED_EDGE ( 'NONE', *, *, #1323, .F. ) ;
#1482 = EDGE_CURVE ( 'NONE', #560, #1292, #804, .T. ) ;
#1483 = EDGE_LOOP ( 'NONE', ( #860, #557 ) ) ;
#1484 = FACE_OUTER_BOUND ( 'NONE', #1238, .T. ) ;
#1485 = DIRECTION ( 'NONE',  ( -0.5025787661716548671, 0.000000000000000000, -0.8645314244105746226 ) ) ;
#1486 = CARTESIAN_POINT ( 'NONE',  ( -12.12435565298220652, 4.000000000000000000, -4.949999999997841016 ) ) ;
#1487 = AXIS2_PLACEMENT_3D ( 'NONE', #760, #1233, #1052 ) ;
#1488 = ORIENTED_EDGE ( 'NONE', *, *, #293, .F. ) ;
#1489 = AXIS2_PLACEMENT_3D ( 'NONE', #174, #984, #56 ) ;
#1490 = STYLED_ITEM ( 'NONE', ( #798 ), #268 ) ;
#1491 = CARTESIAN_POINT ( 'NONE',  ( -18.09283558217966004, 0.000000000000000000, -31.12313127878085339 ) ) ;
#1492 = EDGE_CURVE ( 'NONE', #20, #858, #1001, .T. ) ;
ENDSEC;
END-ISO-10303-21;
